// @generated by host/tools/convert_sprite_sheet.py. Do not edit by hand.
// Source sheet: assets/sprites/shiro_sheet_4x4_128.png
// Metadata: assets/sprites/shiro_sheet.json
// Alpha threshold: 12
//! Fixed Shiro sprite assets, packed as transparent/solid RLE streams.

#![allow(dead_code)]
#![allow(clippy::unreadable_literal)]

#[derive(Clone, Copy, Debug, Eq, PartialEq)]
#[repr(usize)]
pub enum PoseId {
    SittingIdle = 0,
    Blink = 1,
    HappyBounce = 2,
    TailWagLeft = 3,
    TailWagRight = 4,
    SleepingCurled = 5,
    AlertEarsUp = 6,
    ConfusedHeadTilt = 7,
    SadDroop = 8,
    ExcitedJump = 9,
    Listening = 10,
    LookingLeft = 11,
    LookingRight = 12,
    PawLift = 13,
    Surprised = 14,
    RelaxedLoaf = 15,
}

impl PoseId {
    #[inline]
    pub const fn as_index(self) -> usize {
        self as usize
    }
}

#[derive(Clone, Copy, Debug, Eq, PartialEq)]
pub struct Sprite {
    pub x: i16,
    pub y: i16,
    pub width: u8,
    pub height: u8,
    pub data: &'static [u8],
}

pub const CELL_WIDTH: u8 = 128;
pub const CELL_HEIGHT: u8 = 128;
pub const POSE_COUNT: usize = 16;
pub const SOLID_RUN_FLAG: u8 = 0x80;
pub const RUN_LEN_MASK: u8 = 0x7F;

#[rustfmt::skip]
pub const PALETTE_RGB565: [u16; 24] = [
    0x0000, 0x0841, 0x1082, 0x18C3, 0x2104, 0x3186, 0x4208, 0x5ACB, 0x738E, 0x8C71, 0xA514, 0xBDF7, 0xCE59, 0xDEDB, 0xE73C, 0xEF7D,
    0xF7BE, 0xFFFF, 0x6000, 0x8800, 0xA8A2, 0xC103, 0xE924, 0xF944,
];

#[rustfmt::skip]
const POSE_SITTING_IDLE: &[u8] = &[
    0x56, 0x89, 0x00, 0x58, 0x83, 0x00, 0x80, 0x03, 0x80, 0x05, 0x80, 0x07, 0x80, 0x08, 0x80, 0x07,
    0x80, 0x05, 0x80, 0x02, 0x82, 0x00, 0x54, 0x82, 0x00, 0x80, 0x05, 0x80, 0x08, 0x80, 0x0A, 0x80,
    0x0D, 0x81, 0x10, 0x81, 0x11, 0x80, 0x10, 0x80, 0x0C, 0x80, 0x08, 0x81, 0x00, 0x53, 0x81, 0x00,
    0x80, 0x05, 0x80, 0x09, 0x80, 0x0F, 0x84, 0x11, 0x81, 0x10, 0x82, 0x11, 0x80, 0x08, 0x81, 0x00,
    0x50, 0x82, 0x00, 0x80, 0x07, 0x80, 0x10, 0x8A, 0x11, 0x80, 0x10, 0x80, 0x11, 0x80, 0x07, 0x80,
    0x00, 0x50, 0x81, 0x00, 0x80, 0x07, 0x80, 0x11, 0x81, 0x10, 0x8B, 0x11, 0x80, 0x09, 0x81, 0x00,
    0x4E, 0x81, 0x00, 0x80, 0x08, 0x80, 0x11, 0x80, 0x10, 0x85, 0x11, 0x81, 0x10, 0x83, 0x11, 0x80,
    0x10, 0x80, 0x11, 0x80, 0x08, 0x81, 0x00, 0x4D, 0x81, 0x00, 0x80, 0x07, 0x83, 0x11, 0x81, 0x10,
    0x89, 0x11, 0x80, 0x0C, 0x80, 0x02, 0x80, 0x00, 0x4D, 0x81, 0x00, 0x80, 0x06, 0x86, 0x11, 0x80,
    0x0F, 0x80, 0x0A, 0x81, 0x09, 0x84, 0x0A, 0x80, 0x07, 0x80, 0x02, 0x81, 0x00, 0x4D, 0x80, 0x00,
    0x80, 0x03, 0x80, 0x0D, 0x80, 0x11, 0x80, 0x10, 0x81, 0x11, 0x80, 0x0D, 0x80, 0x08, 0x80, 0x07,
    0x80, 0x04, 0x81, 0x01, 0x81, 0x00, 0x82, 0x01, 0x83, 0x00, 0x4D, 0x81, 0x00, 0x80, 0x09, 0x80,
    0x11, 0x80, 0x10, 0x80, 0x11, 0x80, 0x0C, 0x80, 0x08, 0x80, 0x03, 0x8B, 0x00, 0x4E, 0x81, 0x00,
    0x80, 0x06, 0x81, 0x11, 0x80, 0x0F, 0x80, 0x08, 0x80, 0x02, 0x82, 0x00, 0x59, 0x80, 0x00, 0x80,
    0x01, 0x80, 0x0B, 0x80, 0x11, 0x80, 0x0B, 0x80, 0x05, 0x82, 0x00, 0x4F, 0x86, 0x00, 0x03, 0x81,
    0x00, 0x80, 0x07, 0x80, 0x11, 0x80, 0x0B, 0x80, 0x03, 0x81, 0x00, 0x4A, 0x93, 0x00, 0x80, 0x09,
    0x80, 0x0C, 0x80, 0x02, 0x81, 0x00, 0x49, 0x82, 0x00, 0x80, 0x03, 0x81, 0x05, 0x80, 0x06, 0x81,
    0x09, 0x80, 0x0A, 0x85, 0x09, 0x80, 0x07, 0x80, 0x06, 0x80, 0x03, 0x82, 0x00, 0x81, 0x02, 0x81,
    0x00, 0x45, 0x85, 0x00, 0x80, 0x05, 0x80, 0x09, 0x80, 0x0B, 0x81, 0x10, 0x88, 0x11, 0x80, 0x0E,
    0x80, 0x09, 0x80, 0x07, 0x80, 0x02, 0x88, 0x00, 0x42, 0x81, 0x00, 0x80, 0x02, 0x80, 0x06, 0x80,
    0x05, 0x80, 0x06, 0x80, 0x09, 0x80, 0x0F, 0x83, 0x11, 0x81, 0x10, 0x82, 0x11, 0x82, 0x10, 0x80,
    0x08, 0x80, 0x02, 0x81, 0x00, 0x80, 0x04, 0x80, 0x05, 0x80, 0x04, 0x80, 0x02, 0x81, 0x00, 0x80,
    0x05, 0x80, 0x06, 0x80, 0x05, 0x82, 0x00, 0x3C, 0x84, 0x00, 0x80, 0x07, 0x80, 0x0C, 0x8F, 0x11,
    0x80, 0x08, 0x80, 0x00, 0x80, 0x03, 0x80, 0x08, 0x80, 0x0B, 0x82, 0x10, 0x80, 0x0B, 0x80, 0x09,
    0x80, 0x06, 0x80, 0x00, 0x80, 0x06, 0x80, 0x0B, 0x80, 0x08, 0x82, 0x00, 0x39, 0x83, 0x00, 0x80,
    0x01, 0x80, 0x05, 0x80, 0x09, 0x80, 0x10, 0x8E, 0x11, 0x80, 0x10, 0x80, 0x08, 0x80, 0x00, 0x80,
    0x07, 0x80, 0x0C, 0x82, 0x11, 0x80, 0x10, 0x82, 0x11, 0x80, 0x10, 0x80, 0x09, 0x80, 0x00, 0x80,
    0x03, 0x80, 0x0D, 0x80, 0x0A, 0x80, 0x06, 0x80, 0x01, 0x81, 0x00, 0x35, 0x82, 0x00, 0x80, 0x04,
    0x80, 0x07, 0x81, 0x0A, 0x80, 0x0F, 0x8E, 0x11, 0x80, 0x10, 0x80, 0x11, 0x80, 0x09, 0x80, 0x00,
    0x80, 0x08, 0x8A, 0x11, 0x80, 0x0C, 0x80, 0x01, 0x80, 0x02, 0x80, 0x0D, 0x80, 0x11, 0x80, 0x0B,
    0x80, 0x06, 0x81, 0x00, 0x32, 0x82, 0x00, 0x80, 0x02, 0x80, 0x07, 0x80, 0x0D, 0x93, 0x11, 0x80,
    0x0F, 0x80, 0x02, 0x80, 0x04, 0x80, 0x0F, 0x89, 0x11, 0x80, 0x10, 0x80, 0x11, 0x80, 0x0C, 0x80,
    0x00, 0x80, 0x05, 0x81, 0x11, 0x80, 0x0F, 0x80, 0x06, 0x81, 0x00, 0x2F, 0x82, 0x00, 0x80, 0x05,
    0x80, 0x09, 0x80, 0x0C, 0x95, 0x11, 0x80, 0x09, 0x80, 0x00, 0x80, 0x0A, 0x8B, 0x11, 0x80, 0x10,
    0x80, 0x11, 0x80, 0x09, 0x80, 0x00, 0x80, 0x09, 0x81, 0x11, 0x80, 0x0D, 0x80, 0x03, 0x80, 0x00,
    0x2E, 0x81, 0x00, 0x80, 0x02, 0x80, 0x09, 0x80, 0x0F, 0x97, 0x11, 0x80, 0x06, 0x80, 0x02, 0x80,
    0x0F, 0x8C, 0x11, 0x80, 0x10, 0x80, 0x11, 0x80, 0x06, 0x80, 0x07, 0x80, 0x11, 0x80, 0x10, 0x80,
    0x11, 0x80, 0x0A, 0x81, 0x00, 0x2C, 0x81, 0x00, 0x80, 0x02, 0x80, 0x0C, 0x98, 0x11, 0x80, 0x0D,
    0x80, 0x02, 0x80, 0x07, 0x80, 0x11, 0x80, 0x10, 0x8D, 0x11, 0x81, 0x0F, 0x81, 0x11, 0x80, 0x10,
    0x80, 0x11, 0x80, 0x07, 0x81, 0x00, 0x29, 0x82, 0x00, 0x80, 0x03, 0x80, 0x0C, 0x80, 0x11, 0x80,
    0x10, 0x97, 0x11, 0x80, 0x0D, 0x80, 0x00, 0x80, 0x08, 0x80, 0x11, 0x80, 0x10, 0x93, 0x11, 0x80,
    0x10, 0x80, 0x05, 0x81, 0x00, 0x27, 0x81, 0x00, 0x80, 0x04, 0x80, 0x08, 0x80, 0x0C, 0x80, 0x11,
    0x80, 0x10, 0x98, 0x11, 0x80, 0x0C, 0x80, 0x00, 0x80, 0x0A, 0x96, 0x11, 0x80, 0x0B, 0x80, 0x01,
    0x80, 0x00, 0x26, 0x81, 0x00, 0x80, 0x07, 0x80, 0x0D, 0x81, 0x11, 0x80, 0x10, 0x99, 0x11, 0x80,
    0x0D, 0x80, 0x00, 0x80, 0x0A, 0x97, 0x11, 0x80, 0x07, 0x81, 0x00, 0x24, 0x81, 0x00, 0x80, 0x0A,
    0x81, 0x11, 0x80, 0x10, 0x9C, 0x11, 0x80, 0x09, 0x80, 0x0D, 0x89, 0x11, 0x80, 0x0C, 0x80, 0x0A,
    0x8B, 0x11, 0x80, 0x0A, 0x81, 0x00, 0x23, 0x81, 0x00, 0x80, 0x08, 0x80, 0x0A, 0x80, 0x08, 0x80,
    0x07, 0x80, 0x05, 0x80, 0x07, 0x80, 0x09, 0x80, 0x0C, 0xA4, 0x11, 0x80, 0x09, 0x80, 0x02, 0x80,
    0x00, 0x80, 0x07, 0x80, 0x10, 0x89, 0x11, 0x80, 0x0B, 0x80, 0x02, 0x80, 0x00, 0x22, 0x81, 0x00,
    0x80, 0x02, 0x80, 0x05, 0x81, 0x00, 0x80, 0x02, 0x80, 0x03, 0x80, 0x01, 0x81, 0x00, 0x80, 0x06,
    0x80, 0x0C, 0xA1, 0x11, 0x80, 0x0E, 0x80, 0x04, 0x82, 0x00, 0x80, 0x09, 0x89, 0x11, 0x80, 0x0B,
    0x80, 0x02, 0x80, 0x00, 0x22, 0x82, 0x00, 0x80, 0x01, 0x80, 0x08, 0x80, 0x0A, 0x80, 0x0D, 0x80,
    0x10, 0x80, 0x0C, 0x80, 0x0A, 0x80, 0x06, 0x80, 0x00, 0x80, 0x01, 0x80, 0x09, 0xA0, 0x11, 0x80,
    0x0C, 0x80, 0x02, 0x80, 0x00, 0x80, 0x01, 0x80, 0x00, 0x80, 0x08, 0x80, 0x11, 0x80, 0x10, 0x87,
    0x11, 0x80, 0x0F, 0x80, 0x05, 0x80, 0x00, 0x21, 0x82, 0x00, 0x80, 0x05, 0x80, 0x0C, 0x86, 0x11,
    0x80, 0x0B, 0x80, 0x04, 0x80, 0x00, 0x80, 0x0B, 0xA0, 0x11, 0x80, 0x07, 0x82, 0x00, 0x80, 0x0A,
    0x88, 0x11, 0x80, 0x10, 0x80, 0x11, 0x80, 0x09, 0x81, 0x00, 0x1F, 0x82, 0x00, 0x80, 0x05, 0x80,
    0x0E, 0x80, 0x11, 0x80, 0x10, 0x86, 0x11, 0x80, 0x10, 0x80, 0x05, 0x80, 0x03, 0x80, 0x0F, 0x9F,
    0x11, 0x80, 0x0E, 0x80, 0x07, 0x80, 0x05, 0x80, 0x0A, 0x8B, 0x11, 0x80, 0x0C, 0x80, 0x03, 0x80,
    0x00, 0x1E, 0x82, 0x00, 0x80, 0x04, 0x80, 0x0E, 0x8A, 0x11, 0x80, 0x0D, 0x80, 0x08, 0x80, 0x0F,
    0xAF, 0x11, 0x80, 0x0F, 0x80, 0x04, 0x80, 0x00, 0x1E, 0x82, 0x00, 0x80, 0x0A, 0x80, 0x11, 0x80,
    0x10, 0xBC, 0x11, 0x80, 0x0F, 0x80, 0x04, 0x80, 0x00, 0x1D, 0x82, 0x00, 0x80, 0x06, 0x80, 0x11,
    0x80, 0x10, 0xBD, 0x11, 0x80, 0x0E, 0x80, 0x03, 0x80, 0x00, 0x1C, 0x83, 0x00, 0x80, 0x0A, 0xBF,
    0x11, 0x80, 0x09, 0x81, 0x00, 0x1C, 0x82, 0x00, 0x80, 0x05, 0x80, 0x0F, 0xBD, 0x11, 0x80, 0x10,
    0x80, 0x11, 0x80, 0x09, 0x81, 0x00, 0x1C, 0x80, 0x00, 0x80, 0x01, 0x80, 0x00, 0x80, 0x07, 0xC0,
    0x11, 0x80, 0x08, 0x80, 0x00, 0x19, 0x81, 0x00, 0x00, 0x81, 0x00, 0x80, 0x04, 0x80, 0x00, 0x80,
    0x09, 0xBF, 0x11, 0x80, 0x0F, 0x80, 0x05, 0x80, 0x00, 0x15, 0x87, 0x00, 0x80, 0x02, 0x80, 0x06,
    0x80, 0x00, 0x80, 0x0B, 0xBF, 0x11, 0x80, 0x0A, 0x81, 0x00, 0x11, 0x84, 0x00, 0x80, 0x01, 0x80,
    0x03, 0x80, 0x05, 0x81, 0x06, 0x80, 0x07, 0x80, 0x00, 0x80, 0x04, 0x80, 0x06, 0x80, 0x00, 0x80,
    0x0B, 0xBE, 0x11, 0x80, 0x10, 0x80, 0x05, 0x81, 0x00, 0x0F, 0x83, 0x00, 0x80, 0x04, 0x80, 0x07,
    0x80, 0x09, 0x81, 0x0C, 0x80, 0x0F, 0x81, 0x11, 0x80, 0x0A, 0x80, 0x00, 0x80, 0x07, 0x80, 0x08,
    0x80, 0x00, 0x80, 0x0B, 0xBE, 0x11, 0x80, 0x08, 0x81, 0x00, 0x0E, 0x83, 0x00, 0x80, 0x06, 0x80,
    0x0A, 0x80, 0x0F, 0x84, 0x11, 0x80, 0x10, 0x80, 0x0A, 0x80, 0x05, 0x80, 0x00, 0x80, 0x0A, 0x80,
    0x08, 0x80, 0x00, 0x80, 0x0B, 0x87, 0x11, 0x80, 0x0B, 0x80, 0x09, 0x80, 0x0E, 0x9C, 0x11, 0x80,
    0x0B, 0x80, 0x09, 0x80, 0x0B, 0x92, 0x11, 0x80, 0x0B, 0x80, 0x01, 0x80, 0x00, 0x0E, 0x82, 0x00,
    0x80, 0x06, 0x80, 0x0A, 0x80, 0x10, 0x83, 0x11, 0x80, 0x10, 0x80, 0x11, 0x80, 0x0C, 0x80, 0x06,
    0x81, 0x00, 0x80, 0x04, 0x80, 0x0F, 0x80, 0x0B, 0x80, 0x00, 0x80, 0x0A, 0x80, 0x11, 0x80, 0x10,
    0x84, 0x11, 0x80, 0x08, 0x81, 0x00, 0x80, 0x05, 0x80, 0x0D, 0x99, 0x11, 0x80, 0x0B, 0x80, 0x06,
    0x80, 0x01, 0x81, 0x00, 0x80, 0x09, 0x8E, 0x11, 0x80, 0x10, 0x80, 0x11, 0x80, 0x0F, 0x80, 0x05,
    0x81, 0x00, 0x0D, 0x81, 0x00, 0x80, 0x05, 0x80, 0x0B, 0x81, 0x11, 0x81, 0x10, 0x83, 0x11, 0x80,
    0x0C, 0x80, 0x04, 0x82, 0x00, 0x80, 0x05, 0x80, 0x10, 0x80, 0x0D, 0x80, 0x02, 0x80, 0x08, 0x80,
    0x11, 0x80, 0x10, 0x83, 0x11, 0x80, 0x0D, 0x80, 0x04, 0x80, 0x00, 0x80, 0x01, 0x80, 0x00, 0x80,
    0x08, 0x97, 0x11, 0x80, 0x0D, 0x80, 0x08, 0x84, 0x00, 0x80, 0x02, 0x80, 0x0C, 0x8E, 0x11, 0x80,
    0x0D, 0x80, 0x05, 0x81, 0x00, 0x0D, 0x81, 0x00, 0x80, 0x08, 0x80, 0x0F, 0x80, 0x11, 0x80, 0x10,
    0x82, 0x11, 0x80, 0x10, 0x81, 0x11, 0x80, 0x09, 0x80, 0x02, 0x81, 0x00, 0x00, 0x80, 0x00, 0x80,
    0x07, 0x81, 0x11, 0x80, 0x0C, 0x80, 0x0F, 0x85, 0x11, 0x80, 0x0C, 0x80, 0x03, 0x80, 0x00, 0x80,
    0x01, 0x80, 0x00, 0x80, 0x07, 0x94, 0x11, 0x80, 0x10, 0x80, 0x0C, 0x80, 0x08, 0x80, 0x04, 0x85,
    0x00, 0x80, 0x04, 0x80, 0x0E, 0x8A, 0x11, 0x80, 0x10, 0x80, 0x11, 0x80, 0x0D, 0x80, 0x08, 0x80,
    0x04, 0x81, 0x00, 0x0D, 0x81, 0x00, 0x80, 0x09, 0x87, 0x11, 0x80, 0x0E, 0x80, 0x07, 0x82, 0x00,
    0x01, 0x80, 0x00, 0x80, 0x08, 0x80, 0x11, 0x80, 0x10, 0x88, 0x11, 0x80, 0x07, 0x82, 0x00, 0x80,
    0x0A, 0x91, 0x11, 0x80, 0x0D, 0x80, 0x0A, 0x80, 0x07, 0x80, 0x06, 0x80, 0x01, 0x86, 0x00, 0x80,
    0x02, 0x80, 0x09, 0x8A, 0x11, 0x80, 0x10, 0x80, 0x11, 0x80, 0x0C, 0x80, 0x03, 0x82, 0x00, 0x0D,
    0x81, 0x00, 0x80, 0x07, 0x87, 0x11, 0x80, 0x10, 0x80, 0x06, 0x81, 0x00, 0x02, 0x81, 0x00, 0x80,
    0x08, 0x8A, 0x11, 0x80, 0x0E, 0x81, 0x07, 0x80, 0x08, 0x90, 0x11, 0x80, 0x0E, 0x80, 0x08, 0x80,
    0x03, 0x87, 0x00, 0x80, 0x02, 0x80, 0x06, 0x80, 0x09, 0x80, 0x0D, 0x8C, 0x11, 0x80, 0x0E, 0x80,
    0x04, 0x81, 0x00, 0x0F, 0x80, 0x00, 0x80, 0x03, 0x80, 0x0D, 0x87, 0x11, 0x80, 0x08, 0x81, 0x00,
    0x04, 0x80, 0x00, 0x80, 0x06, 0x9F, 0x11, 0x80, 0x06, 0x86, 0x00, 0x80, 0x01, 0x80, 0x00, 0x80,
    0x06, 0x80, 0x0C, 0x8D, 0x11, 0x80, 0x10, 0x80, 0x0B, 0x80, 0x06, 0x81, 0x00, 0x0F, 0x81, 0x00,
    0x80, 0x08, 0x87, 0x11, 0x80, 0x0B, 0x81, 0x00, 0x05, 0x80, 0x00, 0x80, 0x02, 0x80, 0x0B, 0x9D,
    0x11, 0x80, 0x0A, 0x80, 0x00, 0x80, 0x01, 0x86, 0x00, 0x80, 0x02, 0x80, 0x0D, 0x80, 0x11, 0x80,
    0x10, 0x87, 0x11, 0x81, 0x10, 0x80, 0x11, 0x80, 0x09, 0x80, 0x06, 0x80, 0x05, 0x80, 0x01, 0x81,
    0x00, 0x10, 0x80, 0x00, 0x80, 0x01, 0x80, 0x0B, 0x86, 0x11, 0x80, 0x10, 0x80, 0x05, 0x81, 0x00,
    0x05, 0x81, 0x00, 0x80, 0x09, 0x9D, 0x11, 0x80, 0x0A, 0x84, 0x00, 0x80, 0x06, 0x80, 0x0B, 0x80,
    0x0A, 0x80, 0x07, 0x80, 0x0B, 0x80, 0x11, 0x80, 0x10, 0x8A, 0x11, 0x80, 0x08, 0x84, 0x00, 0x11,
    0x80, 0x00, 0x80, 0x04, 0x80, 0x10, 0x86, 0x11, 0x80, 0x09, 0x81, 0x00, 0x07, 0x80, 0x00, 0x80,
    0x07, 0x9E, 0x11, 0x80, 0x08, 0x80, 0x01, 0x80, 0x02, 0x80, 0x07, 0x80, 0x0B, 0x8F, 0x11, 0x80,
    0x0C, 0x80, 0x08, 0x81, 0x00, 0x15, 0x80, 0x00, 0x80, 0x05, 0x86, 0x11, 0x80, 0x0F, 0x80, 0x04,
    0x80, 0x00, 0x08, 0x80, 0x00, 0x80, 0x06, 0x9F, 0x11, 0x81, 0x0C, 0x84, 0x11, 0x80, 0x10, 0x87,
    0x11, 0x80, 0x0B, 0x80, 0x0C, 0x80, 0x0A, 0x80, 0x07, 0x80, 0x02, 0x81, 0x00, 0x16, 0x80, 0x00,
    0x80, 0x04, 0x80, 0x10, 0x83, 0x11, 0x80, 0x10, 0x80, 0x11, 0x80, 0x08, 0x81, 0x00, 0x08, 0x80,
    0x00, 0x80, 0x03, 0x80, 0x0C, 0xAC, 0x11, 0x80, 0x0C, 0x80, 0x06, 0x80, 0x02, 0x80, 0x01, 0x83,
    0x00, 0x17, 0x81, 0x00, 0x80, 0x09, 0x80, 0x11, 0x80, 0x10, 0x82, 0x11, 0x80, 0x0C, 0x80, 0x03,
    0x80, 0x00, 0x09, 0x81, 0x00, 0x80, 0x08, 0x80, 0x11, 0x80, 0x10, 0xA6, 0x11, 0x80, 0x10, 0x81,
    0x0D, 0x80, 0x09, 0x80, 0x02, 0x83, 0x00, 0x1A, 0x81, 0x00, 0x80, 0x04, 0x80, 0x0E, 0x82, 0x11,
    0x80, 0x0C, 0x80, 0x04, 0x81, 0x00, 0x0A, 0x80, 0x00, 0x80, 0x06, 0x80, 0x11, 0x80, 0x10, 0x9F,
    0x11, 0x80, 0x10, 0x84, 0x11, 0x80, 0x0A, 0x80, 0x06, 0x80, 0x01, 0x84, 0x00, 0x1D, 0x81, 0x00,
    0x80, 0x04, 0x80, 0x08, 0x80, 0x09, 0x80, 0x07, 0x80, 0x02, 0x81, 0x00, 0x0B, 0x80, 0x00, 0x80,
    0x01, 0x80, 0x0A, 0x80, 0x11, 0x80, 0x10, 0xA0, 0x11, 0x80, 0x0A, 0x80, 0x08, 0x80, 0x09, 0x80,
    0x07, 0x81, 0x00, 0x80, 0x02, 0x80, 0x13, 0x80, 0x14, 0x82, 0x00, 0x1E, 0x86, 0x00, 0x0D, 0x80,
    0x00, 0x80, 0x02, 0x80, 0x09, 0x80, 0x10, 0x9E, 0x11, 0x80, 0x0B, 0x80, 0x06, 0x82, 0x00, 0x80,
    0x12, 0x80, 0x14, 0x80, 0x15, 0x80, 0x16, 0x80, 0x17, 0x80, 0x01, 0x80, 0x03, 0x80, 0x08, 0x81,
    0x00, 0x1F, 0x82, 0x00, 0x0F, 0x82, 0x00, 0x80, 0x09, 0x80, 0x11, 0x80, 0x10, 0x96, 0x11, 0x80,
    0x0F, 0x80, 0x0C, 0x80, 0x0A, 0x81, 0x09, 0x80, 0x06, 0x81, 0x00, 0x80, 0x12, 0x80, 0x14, 0x80,
    0x15, 0x80, 0x16, 0x81, 0x17, 0x80, 0x16, 0x80, 0x12, 0x80, 0x00, 0x80, 0x0B, 0x80, 0x11, 0x80,
    0x04, 0x80, 0x00, 0x34, 0x80, 0x00, 0x80, 0x02, 0x80, 0x0B, 0x96, 0x11, 0x80, 0x08, 0x80, 0x04,
    0x84, 0x00, 0x80, 0x12, 0x80, 0x15, 0x80, 0x16, 0x80, 0x17, 0x82, 0x16, 0x80, 0x14, 0x81, 0x01,
    0x80, 0x0B, 0x81, 0x11, 0x80, 0x08, 0x80, 0x00, 0x34, 0x81, 0x00, 0x80, 0x02, 0x80, 0x08, 0x80,
    0x0C, 0x8E, 0x11, 0x80, 0x0B, 0x80, 0x09, 0x80, 0x0A, 0x80, 0x0B, 0x80, 0x09, 0x80, 0x06, 0x81,
    0x00, 0x80, 0x01, 0x80, 0x00, 0x80, 0x02, 0x80, 0x14, 0x80, 0x16, 0x82, 0x17, 0x80, 0x16, 0x80,
    0x15, 0x80, 0x14, 0x80, 0x01, 0x80, 0x00, 0x80, 0x05, 0x80, 0x0B, 0x80, 0x11, 0x80, 0x10, 0x80,
    0x11, 0x80, 0x0A, 0x81, 0x00, 0x35, 0x81, 0x00, 0x80, 0x01, 0x80, 0x06, 0x80, 0x07, 0x80, 0x09,
    0x80, 0x0C, 0x80, 0x10, 0x80, 0x11, 0x80, 0x10, 0x80, 0x0D, 0x80, 0x0C, 0x80, 0x0D, 0x81, 0x11,
    0x80, 0x0D, 0x80, 0x0B, 0x80, 0x07, 0x80, 0x01, 0x81, 0x00, 0x80, 0x01, 0x81, 0x00, 0x80, 0x05,
    0x80, 0x0C, 0x80, 0x0B, 0x80, 0x06, 0x81, 0x00, 0x80, 0x01, 0x82, 0x12, 0x80, 0x01, 0x81, 0x00,
    0x80, 0x04, 0x80, 0x09, 0x80, 0x10, 0x83, 0x11, 0x80, 0x0C, 0x80, 0x02, 0x80, 0x00, 0x36, 0x84,
    0x00, 0x80, 0x01, 0x80, 0x05, 0x80, 0x06, 0x80, 0x05, 0x80, 0x02, 0x80, 0x01, 0x80, 0x04, 0x81,
    0x06, 0x80, 0x04, 0x87, 0x00, 0x80, 0x0A, 0x82, 0x11, 0x80, 0x0B, 0x80, 0x09, 0x80, 0x07, 0x80,
    0x06, 0x81, 0x05, 0x80, 0x06, 0x80, 0x08, 0x80, 0x0A, 0x80, 0x0F, 0x85, 0x11, 0x80, 0x10, 0x80,
    0x05, 0x80, 0x00, 0x39, 0x8D, 0x00, 0x03, 0x80, 0x00, 0x80, 0x03, 0x80, 0x0D, 0x93, 0x11, 0x80,
    0x08, 0x80, 0x00, 0x4B, 0x80, 0x00, 0x80, 0x06, 0x80, 0x10, 0x88, 0x11, 0x80, 0x10, 0x89, 0x11,
    0x80, 0x09, 0x81, 0x00, 0x49, 0x81, 0x00, 0x80, 0x08, 0x94, 0x11, 0x80, 0x0C, 0x80, 0x01, 0x80,
    0x00, 0x49, 0x80, 0x00, 0x80, 0x01, 0x80, 0x0B, 0x94, 0x11, 0x80, 0x0E, 0x80, 0x05, 0x80, 0x00,
    0x49, 0x80, 0x00, 0x80, 0x05, 0x80, 0x0E, 0x95, 0x11, 0x80, 0x07, 0x80, 0x00, 0x49, 0x80, 0x00,
    0x80, 0x07, 0x96, 0x11, 0x80, 0x08, 0x81, 0x00, 0x47, 0x81, 0x00, 0x80, 0x09, 0x96, 0x11, 0x80,
    0x0B, 0x81, 0x00, 0x47, 0x81, 0x00, 0x80, 0x0A, 0x96, 0x11, 0x80, 0x0F, 0x80, 0x04, 0x80, 0x00,
    0x47, 0x80, 0x00, 0x80, 0x05, 0x80, 0x10, 0x97, 0x11, 0x80, 0x07, 0x80, 0x00, 0x46, 0x81, 0x00,
    0x80, 0x08, 0x98, 0x11, 0x80, 0x0A, 0x81, 0x00, 0x45, 0x80, 0x00, 0x80, 0x02, 0x80, 0x0C, 0x98,
    0x11, 0x80, 0x0F, 0x80, 0x05, 0x80, 0x00, 0x44, 0x81, 0x00, 0x80, 0x07, 0x98, 0x11, 0x80, 0x10,
    0x80, 0x11, 0x80, 0x08, 0x81, 0x00, 0x32, 0x85, 0x00, 0x09, 0x81, 0x00, 0x80, 0x03, 0x80, 0x0C,
    0x9A, 0x11, 0x80, 0x0E, 0x80, 0x05, 0x82, 0x00, 0x2E, 0x82, 0x00, 0x80, 0x02, 0x80, 0x03, 0x80,
    0x04, 0x80, 0x02, 0x81, 0x00, 0x06, 0x82, 0x00, 0x80, 0x01, 0x80, 0x09, 0x9C, 0x11, 0x80, 0x0D,
    0x80, 0x06, 0x83, 0x00, 0x2A, 0x82, 0x00, 0x80, 0x07, 0x80, 0x09, 0x81, 0x0C, 0x80, 0x0D, 0x80,
    0x0C, 0x80, 0x08, 0x80, 0x01, 0x80, 0x00, 0x03, 0x82, 0x00, 0x80, 0x04, 0x80, 0x07, 0x80, 0x0C,
    0x9F, 0x11, 0x80, 0x0A, 0x80, 0x09, 0x80, 0x06, 0x80, 0x01, 0x81, 0x00, 0x27, 0x81, 0x00, 0x80,
    0x05, 0x80, 0x0B, 0x85, 0x11, 0x80, 0x0D, 0x80, 0x03, 0x80, 0x00, 0x01, 0x82, 0x00, 0x80, 0x07,
    0x80, 0x0B, 0x80, 0x0F, 0xA3, 0x11, 0x80, 0x10, 0x80, 0x0B, 0x80, 0x06, 0x81, 0x00, 0x25, 0x81,
    0x00, 0x80, 0x07, 0x80, 0x0D, 0x85, 0x11, 0x80, 0x09, 0x80, 0x02, 0x81, 0x00, 0x00, 0x81, 0x00,
    0x80, 0x05, 0x80, 0x0B, 0x82, 0x11, 0x80, 0x10, 0xA5, 0x11, 0x80, 0x07, 0x81, 0x00, 0x24, 0x80,
    0x00, 0x80, 0x05, 0x80, 0x10, 0x85, 0x11, 0x80, 0x09, 0x81, 0x00, 0x01, 0x81, 0x00, 0x80, 0x07,
    0x80, 0x0E, 0xA8, 0x11, 0x80, 0x10, 0x81, 0x11, 0x80, 0x05, 0x80, 0x00, 0x23, 0x81, 0x00, 0x80,
    0x0B, 0x80, 0x11, 0x80, 0x10, 0x83, 0x11, 0x80, 0x0D, 0x80, 0x03, 0x80, 0x00, 0x01, 0x81, 0x00,
    0x80, 0x05, 0x80, 0x10, 0xAA, 0x11, 0x80, 0x10, 0x80, 0x11, 0x80, 0x0A, 0x81, 0x00, 0x22, 0x80,
    0x00, 0x80, 0x06, 0x86, 0x11, 0x80, 0x07, 0x80, 0x00, 0x02, 0x80, 0x00, 0x80, 0x02, 0x80, 0x0B,
    0xAD, 0x11, 0x80, 0x10, 0x80, 0x05, 0x80, 0x00, 0x22, 0x80, 0x00, 0x80, 0x08, 0x85, 0x11, 0x80,
    0x0D, 0x80, 0x03, 0x80, 0x00, 0x01, 0x81, 0x00, 0x80, 0x07, 0x80, 0x11, 0x80, 0x10, 0xAD, 0x11,
    0x80, 0x08, 0x80, 0x00, 0x21, 0x81, 0x00, 0x80, 0x0A, 0x85, 0x11, 0x80, 0x0C, 0x81, 0x00, 0x01,
    0x80, 0x00, 0x80, 0x01, 0x80, 0x0B, 0x94, 0x11, 0x81, 0x10, 0x83, 0x11, 0x80, 0x0F, 0x80, 0x0C,
    0x86, 0x11, 0x80, 0x0F, 0x8A, 0x11, 0x80, 0x09, 0x81, 0x00, 0x20, 0x80, 0x00, 0x80, 0x04, 0x80,
    0x0D, 0x85, 0x11, 0x80, 0x0D, 0x80, 0x04, 0x80, 0x00, 0x01, 0x80, 0x00, 0x80, 0x05, 0x80, 0x0F,
    0x8B, 0x11, 0x80, 0x0C, 0x80, 0x0A, 0x86, 0x11, 0x81, 0x07, 0x83, 0x11, 0x80, 0x0A, 0x80, 0x02,
    0x80, 0x0E, 0x84, 0x11, 0x80, 0x10, 0x80, 0x05, 0x80, 0x08, 0x89, 0x11, 0x80, 0x09, 0x81, 0x00,
    0x20, 0x80, 0x00, 0x80, 0x07, 0x85, 0x11, 0x80, 0x10, 0x80, 0x11, 0x80, 0x07, 0x81, 0x00, 0x00,
    0x80, 0x00, 0x80, 0x06, 0x81, 0x10, 0x8A, 0x11, 0x80, 0x09, 0x80, 0x00, 0x80, 0x0D, 0x85, 0x11,
    0x80, 0x05, 0x80, 0x03, 0x80, 0x10, 0x82, 0x11, 0x80, 0x09, 0x80, 0x00, 0x80, 0x0C, 0x84, 0x11,
    0x80, 0x0E, 0x80, 0x00, 0x80, 0x07, 0x89, 0x11, 0x80, 0x09, 0x81, 0x00, 0x20, 0x80, 0x00, 0x80,
    0x07, 0x87, 0x11, 0x80, 0x0B, 0x80, 0x03, 0x82, 0x00, 0x80, 0x05, 0x80, 0x11, 0x80, 0x10, 0x8A,
    0x11, 0x80, 0x09, 0x80, 0x00, 0x80, 0x0A, 0x85, 0x11, 0x80, 0x05, 0x80, 0x04, 0x80, 0x10, 0x82,
    0x11, 0x80, 0x0A, 0x80, 0x00, 0x80, 0x09, 0x80, 0x11, 0x80, 0x10, 0x82, 0x11, 0x80, 0x0A, 0x80,
    0x00, 0x80, 0x0A, 0x88, 0x11, 0x80, 0x10, 0x80, 0x06, 0x80, 0x00, 0x21, 0x80, 0x00, 0x80, 0x04,
    0x80, 0x0F, 0x87, 0x11, 0x80, 0x0B, 0x80, 0x07, 0x80, 0x05, 0x80, 0x00, 0x80, 0x05, 0x8C, 0x11,
    0x80, 0x0C, 0x80, 0x00, 0x80, 0x09, 0x85, 0x11, 0x80, 0x03, 0x80, 0x05, 0x80, 0x10, 0x82, 0x11,
    0x80, 0x0A, 0x80, 0x00, 0x80, 0x09, 0x80, 0x11, 0x80, 0x10, 0x82, 0x11, 0x80, 0x08, 0x80, 0x00,
    0x80, 0x0C, 0x88, 0x11, 0x80, 0x0D, 0x80, 0x04, 0x80, 0x00, 0x21, 0x81, 0x00, 0x80, 0x0A, 0x80,
    0x11, 0x80, 0x10, 0x87, 0x11, 0x80, 0x0E, 0x80, 0x06, 0x80, 0x01, 0x80, 0x0C, 0x8B, 0x11, 0x80,
    0x0F, 0x80, 0x02, 0x80, 0x06, 0x84, 0x11, 0x80, 0x0D, 0x80, 0x01, 0x80, 0x07, 0x83, 0x11, 0x80,
    0x0A, 0x80, 0x00, 0x80, 0x09, 0x84, 0x11, 0x80, 0x07, 0x80, 0x01, 0x80, 0x0C, 0x88, 0x11, 0x80,
    0x0A, 0x81, 0x00, 0x22, 0x80, 0x00, 0x80, 0x07, 0x80, 0x10, 0x87, 0x11, 0x80, 0x10, 0x80, 0x11,
    0x80, 0x09, 0x80, 0x00, 0x80, 0x08, 0x80, 0x11, 0x80, 0x10, 0x8A, 0x11, 0x80, 0x06, 0x80, 0x03,
    0x80, 0x0F, 0x83, 0x11, 0x80, 0x0A, 0x80, 0x00, 0x80, 0x09, 0x80, 0x11, 0x80, 0x10, 0x81, 0x11,
    0x80, 0x0F, 0x80, 0x01, 0x80, 0x08, 0x84, 0x11, 0x80, 0x03, 0x80, 0x05, 0x80, 0x11, 0x80, 0x10,
    0x86, 0x11, 0x80, 0x0F, 0x80, 0x05, 0x81, 0x00, 0x22, 0x81, 0x00, 0x80, 0x07, 0x80, 0x0E, 0x88,
    0x11, 0x80, 0x0D, 0x80, 0x04, 0x80, 0x02, 0x80, 0x0B, 0x80, 0x11, 0x80, 0x10, 0x89, 0x11, 0x80,
    0x09, 0x80, 0x00, 0x80, 0x0A, 0x83, 0x11, 0x80, 0x0B, 0x80, 0x00, 0x80, 0x08, 0x80, 0x11, 0x80,
    0x10, 0x81, 0x11, 0x80, 0x10, 0x80, 0x04, 0x80, 0x05, 0x83, 0x11, 0x80, 0x0C, 0x80, 0x00, 0x80,
    0x07, 0x80, 0x11, 0x81, 0x10, 0x84, 0x11, 0x80, 0x10, 0x80, 0x07, 0x81, 0x00, 0x24, 0x81, 0x00,
    0x80, 0x04, 0x80, 0x07, 0x80, 0x0A, 0x80, 0x0F, 0x82, 0x11, 0x80, 0x0C, 0x80, 0x0B, 0x80, 0x0A,
    0x80, 0x07, 0x80, 0x02, 0x80, 0x00, 0x80, 0x04, 0x80, 0x0B, 0x8A, 0x11, 0x80, 0x0B, 0x80, 0x00,
    0x80, 0x07, 0x80, 0x11, 0x81, 0x10, 0x80, 0x11, 0x80, 0x09, 0x80, 0x00, 0x80, 0x09, 0x84, 0x11,
    0x80, 0x06, 0x80, 0x03, 0x80, 0x0F, 0x82, 0x11, 0x80, 0x0A, 0x80, 0x00, 0x80, 0x0B, 0x85, 0x11,
    0x80, 0x0F, 0x80, 0x0A, 0x80, 0x05, 0x81, 0x00, 0x26, 0x83, 0x00, 0x80, 0x05, 0x82, 0x06, 0x80,
    0x04, 0x80, 0x02, 0x84, 0x00, 0x80, 0x03, 0x80, 0x08, 0x80, 0x0A, 0x80, 0x0E, 0x82, 0x0F, 0x81,
    0x0E, 0x82, 0x0F, 0x80, 0x0D, 0x80, 0x04, 0x80, 0x03, 0x80, 0x0E, 0x80, 0x11, 0x80, 0x10, 0x80,
    0x11, 0x80, 0x07, 0x80, 0x00, 0x80, 0x0C, 0x80, 0x0F, 0x80, 0x0E, 0x80, 0x0C, 0x81, 0x0B, 0x80,
    0x08, 0x80, 0x00, 0x80, 0x0C, 0x80, 0x11, 0x80, 0x10, 0x80, 0x11, 0x80, 0x07, 0x80, 0x00, 0x80,
    0x08, 0x83, 0x0A, 0x80, 0x09, 0x80, 0x07, 0x80, 0x05, 0x82, 0x00, 0x2A, 0x87, 0x00, 0x02, 0x82,
    0x00, 0x80, 0x01, 0x80, 0x04, 0x82, 0x05, 0x81, 0x04, 0x82, 0x05, 0x80, 0x04, 0x80, 0x03, 0x80,
    0x00, 0x80, 0x09, 0x80, 0x11, 0x80, 0x0F, 0x80, 0x10, 0x80, 0x05, 0x80, 0x00, 0x81, 0x04, 0x80,
    0x03, 0x83, 0x02, 0x80, 0x00, 0x80, 0x09, 0x81, 0x11, 0x80, 0x0C, 0x80, 0x02, 0x89, 0x00, 0x39,
    0x8D, 0x00, 0x80, 0x04, 0x80, 0x0D, 0x80, 0x10, 0x80, 0x0B, 0x89, 0x00, 0x80, 0x04, 0x80, 0x0A,
    0x80, 0x0D, 0x80, 0x07, 0x87, 0x00, 0x49, 0x81, 0x00, 0x80, 0x04, 0x80, 0x05, 0x80, 0x03, 0x80,
    0x00, 0x07, 0x81, 0x00, 0x80, 0x01, 0x80, 0x03, 0x81, 0x00, 0x51, 0x83, 0x00, 0x0A, 0x82, 0x00,
    0x1D,
];

#[rustfmt::skip]
const POSE_BLINK: &[u8] = &[
    0x54, 0x83, 0x00, 0x58, 0x8A, 0x00, 0x53, 0x82, 0x00, 0x80, 0x03, 0x80, 0x05, 0x80, 0x08, 0x80,
    0x07, 0x81, 0x08, 0x80, 0x07, 0x80, 0x08, 0x80, 0x05, 0x80, 0x01, 0x81, 0x00, 0x4F, 0x82, 0x00,
    0x80, 0x07, 0x80, 0x0A, 0x80, 0x0D, 0x80, 0x0F, 0x85, 0x11, 0x80, 0x10, 0x80, 0x0B, 0x80, 0x07,
    0x81, 0x00, 0x4D, 0x81, 0x00, 0x80, 0x04, 0x80, 0x0B, 0x80, 0x10, 0x83, 0x11, 0x83, 0x10, 0x83,
    0x11, 0x80, 0x07, 0x81, 0x00, 0x4B, 0x81, 0x00, 0x80, 0x07, 0x80, 0x0D, 0x80, 0x11, 0x80, 0x10,
    0x8C, 0x11, 0x80, 0x07, 0x80, 0x00, 0x4A, 0x81, 0x00, 0x80, 0x07, 0x80, 0x10, 0x80, 0x11, 0x80,
    0x10, 0x80, 0x11, 0x80, 0x10, 0x8B, 0x11, 0x80, 0x0C, 0x80, 0x01, 0x80, 0x00, 0x31, 0x8E, 0x00,
    0x07, 0x81, 0x00, 0x80, 0x08, 0x80, 0x11, 0x82, 0x10, 0x8D, 0x11, 0x80, 0x0E, 0x80, 0x03, 0x80,
    0x00, 0x2A, 0x86, 0x00, 0x80, 0x01, 0x80, 0x05, 0x82, 0x06, 0x80, 0x07, 0x81, 0x06, 0x80, 0x05,
    0x80, 0x06, 0x80, 0x07, 0x81, 0x06, 0x80, 0x05, 0x80, 0x02, 0x83, 0x00, 0x02, 0x81, 0x00, 0x80,
    0x07, 0x81, 0x10, 0x81, 0x11, 0x80, 0x0F, 0x80, 0x0C, 0x81, 0x09, 0x80, 0x0C, 0x80, 0x0D, 0x80,
    0x10, 0x83, 0x11, 0x82, 0x10, 0x80, 0x11, 0x80, 0x0D, 0x80, 0x02, 0x80, 0x00, 0x26, 0x84, 0x00,
    0x80, 0x05, 0x80, 0x08, 0x80, 0x07, 0x80, 0x05, 0x80, 0x06, 0x80, 0x08, 0x80, 0x0B, 0x80, 0x0E,
    0x89, 0x11, 0x80, 0x10, 0x80, 0x0E, 0x80, 0x0B, 0x80, 0x08, 0x80, 0x04, 0x83, 0x00, 0x00, 0x80,
    0x00, 0x80, 0x06, 0x80, 0x10, 0x80, 0x11, 0x80, 0x10, 0x80, 0x0A, 0x80, 0x07, 0x80, 0x06, 0x80,
    0x02, 0x81, 0x00, 0x80, 0x02, 0x80, 0x04, 0x80, 0x06, 0x80, 0x08, 0x80, 0x0B, 0x80, 0x10, 0x83,
    0x11, 0x80, 0x10, 0x80, 0x07, 0x81, 0x00, 0x23, 0x83, 0x00, 0x80, 0x05, 0x80, 0x06, 0x80, 0x07,
    0x80, 0x0A, 0x80, 0x10, 0x81, 0x11, 0x81, 0x0F, 0x89, 0x11, 0x81, 0x10, 0x84, 0x11, 0x80, 0x0F,
    0x80, 0x0A, 0x80, 0x08, 0x80, 0x04, 0x81, 0x00, 0x80, 0x01, 0x80, 0x0B, 0x80, 0x10, 0x80, 0x09,
    0x80, 0x05, 0x89, 0x00, 0x80, 0x01, 0x80, 0x05, 0x80, 0x08, 0x81, 0x09, 0x80, 0x0A, 0x80, 0x06,
    0x81, 0x00, 0x22, 0x82, 0x00, 0x80, 0x03, 0x80, 0x07, 0x80, 0x0A, 0x80, 0x0E, 0x83, 0x11, 0x80,
    0x10, 0x91, 0x11, 0x81, 0x10, 0x82, 0x11, 0x80, 0x0F, 0x80, 0x08, 0x80, 0x02, 0x80, 0x00, 0x81,
    0x06, 0x82, 0x00, 0x08, 0x87, 0x00, 0x22, 0x81, 0x00, 0x80, 0x04, 0x80, 0x08, 0x80, 0x0C, 0x99,
    0x11, 0x80, 0x10, 0x80, 0x11, 0x80, 0x10, 0x80, 0x0A, 0x80, 0x07, 0x80, 0x05, 0x80, 0x06, 0x80,
    0x04, 0x84, 0x00, 0x0C, 0x82, 0x00, 0x23, 0x81, 0x00, 0x80, 0x07, 0x80, 0x0C, 0x9A, 0x11, 0x80,
    0x10, 0x80, 0x11, 0x80, 0x0B, 0x80, 0x05, 0x80, 0x00, 0x80, 0x03, 0x80, 0x06, 0x80, 0x05, 0x80,
    0x03, 0x80, 0x00, 0x80, 0x02, 0x80, 0x07, 0x80, 0x05, 0x82, 0x00, 0x2F, 0x82, 0x00, 0x80, 0x08,
    0x9D, 0x11, 0x80, 0x09, 0x80, 0x00, 0x80, 0x04, 0x80, 0x0A, 0x80, 0x0E, 0x81, 0x11, 0x80, 0x0D,
    0x80, 0x0A, 0x80, 0x05, 0x80, 0x00, 0x80, 0x08, 0x80, 0x0A, 0x80, 0x05, 0x81, 0x00, 0x2C, 0x81,
    0x00, 0x80, 0x01, 0x80, 0x06, 0x80, 0x0A, 0x80, 0x10, 0x9C, 0x11, 0x80, 0x0B, 0x80, 0x00, 0x80,
    0x07, 0x80, 0x10, 0x85, 0x11, 0x80, 0x0F, 0x80, 0x07, 0x80, 0x00, 0x80, 0x09, 0x80, 0x10, 0x80,
    0x07, 0x81, 0x00, 0x2A, 0x81, 0x00, 0x80, 0x06, 0x80, 0x0B, 0x80, 0x10, 0x9D, 0x11, 0x80, 0x0F,
    0x80, 0x02, 0x80, 0x06, 0x86, 0x11, 0x80, 0x10, 0x80, 0x11, 0x80, 0x10, 0x80, 0x07, 0x80, 0x00,
    0x80, 0x0B, 0x80, 0x11, 0x80, 0x0A, 0x81, 0x00, 0x28, 0x81, 0x00, 0x80, 0x08, 0x81, 0x11, 0x82,
    0x10, 0x9B, 0x11, 0x80, 0x08, 0x80, 0x01, 0x80, 0x0D, 0x89, 0x11, 0x80, 0x0F, 0x80, 0x05, 0x80,
    0x04, 0x80, 0x0F, 0x80, 0x11, 0x80, 0x09, 0x81, 0x00, 0x26, 0x81, 0x00, 0x80, 0x08, 0xA0, 0x11,
    0x80, 0x0F, 0x80, 0x03, 0x80, 0x08, 0x89, 0x11, 0x80, 0x10, 0x80, 0x11, 0x80, 0x0B, 0x80, 0x00,
    0x80, 0x09, 0x80, 0x11, 0x80, 0x10, 0x80, 0x07, 0x80, 0x00, 0x26, 0x80, 0x00, 0x80, 0x06, 0x80,
    0x11, 0x80, 0x0F, 0x80, 0x0A, 0x80, 0x09, 0x80, 0x08, 0x80, 0x09, 0x80, 0x0B, 0x9A, 0x11, 0x80,
    0x0A, 0x80, 0x01, 0x80, 0x0C, 0x8C, 0x11, 0x80, 0x06, 0x80, 0x05, 0x81, 0x11, 0x80, 0x0E, 0x80,
    0x02, 0x80, 0x00, 0x24, 0x80, 0x00, 0x80, 0x03, 0x80, 0x0D, 0x80, 0x0A, 0x80, 0x04, 0x80, 0x00,
    0x80, 0x02, 0x81, 0x03, 0x80, 0x01, 0x80, 0x04, 0x80, 0x0A, 0x96, 0x11, 0x80, 0x10, 0x80, 0x11,
    0x80, 0x07, 0x80, 0x03, 0x8D, 0x11, 0x80, 0x0B, 0x80, 0x08, 0x80, 0x11, 0x80, 0x10, 0x80, 0x11,
    0x80, 0x09, 0x81, 0x00, 0x15, 0x8D, 0x00, 0x80, 0x02, 0x80, 0x09, 0x80, 0x07, 0x80, 0x00, 0x80,
    0x06, 0x80, 0x0A, 0x82, 0x0F, 0x80, 0x0B, 0x80, 0x07, 0x80, 0x00, 0x80, 0x07, 0x80, 0x10, 0x96,
    0x11, 0x80, 0x0A, 0x80, 0x08, 0x93, 0x11, 0x80, 0x06, 0x80, 0x00, 0x12, 0x83, 0x00, 0x80, 0x01,
    0x81, 0x04, 0x80, 0x06, 0x81, 0x07, 0x81, 0x08, 0x80, 0x06, 0x81, 0x04, 0x80, 0x01, 0x80, 0x00,
    0x80, 0x0A, 0x80, 0x07, 0x80, 0x00, 0x80, 0x0A, 0x80, 0x10, 0x85, 0x11, 0x80, 0x0B, 0x80, 0x00,
    0x80, 0x07, 0xAA, 0x11, 0x80, 0x10, 0x80, 0x11, 0x80, 0x09, 0x81, 0x00, 0x0F, 0x82, 0x00, 0x80,
    0x04, 0x80, 0x07, 0x80, 0x09, 0x80, 0x0B, 0x81, 0x0D, 0x80, 0x0F, 0x83, 0x11, 0x80, 0x0F, 0x80,
    0x0E, 0x80, 0x0A, 0x80, 0x00, 0x80, 0x06, 0x80, 0x08, 0x80, 0x00, 0x80, 0x0B, 0x80, 0x11, 0x80,
    0x10, 0x84, 0x11, 0x80, 0x10, 0x80, 0x11, 0x80, 0x0C, 0x80, 0x00, 0x80, 0x09, 0xAB, 0x11, 0x80,
    0x0D, 0x80, 0x02, 0x80, 0x00, 0x0E, 0x81, 0x00, 0x80, 0x05, 0x80, 0x09, 0x80, 0x0D, 0x83, 0x11,
    0x83, 0x10, 0x83, 0x11, 0x80, 0x05, 0x80, 0x00, 0x80, 0x0A, 0x80, 0x01, 0x80, 0x08, 0x80, 0x11,
    0x80, 0x10, 0x86, 0x11, 0x80, 0x10, 0x80, 0x11, 0x80, 0x08, 0x80, 0x03, 0x80, 0x0F, 0xA9, 0x11,
    0x80, 0x10, 0x80, 0x11, 0x80, 0x08, 0x80, 0x00, 0x0D, 0x81, 0x00, 0x80, 0x08, 0x80, 0x0E, 0x86,
    0x11, 0x80, 0x10, 0x81, 0x11, 0x80, 0x0C, 0x80, 0x09, 0x80, 0x07, 0x80, 0x05, 0x80, 0x00, 0x80,
    0x07, 0x80, 0x08, 0x80, 0x03, 0x80, 0x10, 0x8B, 0x11, 0x80, 0x0A, 0x80, 0x10, 0xAB, 0x11, 0x80,
    0x0B, 0x81, 0x00, 0x0B, 0x81, 0x00, 0x80, 0x09, 0x89, 0x11, 0x80, 0x0B, 0x80, 0x08, 0x80, 0x02,
    0x82, 0x00, 0x80, 0x05, 0x80, 0x0B, 0x80, 0x01, 0x80, 0x0A, 0xB1, 0x11, 0x80, 0x0E, 0x80, 0x10,
    0x86, 0x11, 0x80, 0x0B, 0x80, 0x02, 0x80, 0x00, 0x0A, 0x81, 0x00, 0x80, 0x09, 0x80, 0x11, 0x80,
    0x10, 0x86, 0x11, 0x80, 0x0F, 0x80, 0x08, 0x80, 0x01, 0x84, 0x00, 0x81, 0x0A, 0x80, 0x02, 0x80,
    0x0E, 0xB0, 0x11, 0x80, 0x0B, 0x80, 0x04, 0x80, 0x0D, 0x86, 0x11, 0x80, 0x10, 0x80, 0x05, 0x80,
    0x00, 0x09, 0x81, 0x00, 0x80, 0x06, 0x80, 0x11, 0x80, 0x10, 0x86, 0x11, 0x80, 0x0E, 0x80, 0x06,
    0x81, 0x00, 0x02, 0x80, 0x00, 0x80, 0x05, 0x80, 0x10, 0x81, 0x06, 0xAB, 0x11, 0x80, 0x0B, 0x80,
    0x06, 0x80, 0x0D, 0x81, 0x11, 0x80, 0x0D, 0x80, 0x03, 0x80, 0x05, 0x80, 0x10, 0x87, 0x11, 0x80,
    0x06, 0x80, 0x00, 0x09, 0x80, 0x00, 0x80, 0x01, 0x80, 0x0B, 0x87, 0x11, 0x80, 0x0B, 0x80, 0x03,
    0x81, 0x00, 0x02, 0x81, 0x00, 0x80, 0x09, 0x80, 0x11, 0x80, 0x05, 0x80, 0x07, 0xAB, 0x11, 0x80,
    0x0D, 0x80, 0x05, 0x80, 0x01, 0x81, 0x07, 0x80, 0x01, 0x80, 0x04, 0x80, 0x0E, 0x87, 0x11, 0x80,
    0x10, 0x80, 0x06, 0x80, 0x00, 0x09, 0x80, 0x00, 0x80, 0x05, 0x80, 0x0F, 0x84, 0x11, 0x80, 0x10,
    0x80, 0x11, 0x80, 0x0B, 0x80, 0x01, 0x81, 0x00, 0x03, 0x81, 0x00, 0x80, 0x0A, 0x80, 0x11, 0x80,
    0x04, 0x80, 0x09, 0xAC, 0x11, 0x80, 0x0F, 0x80, 0x09, 0x80, 0x06, 0x80, 0x05, 0x80, 0x08, 0x80,
    0x0E, 0x88, 0x11, 0x80, 0x10, 0x80, 0x06, 0x80, 0x00, 0x09, 0x80, 0x00, 0x80, 0x07, 0x84, 0x11,
    0x80, 0x10, 0x80, 0x11, 0x80, 0x0C, 0x80, 0x03, 0x81, 0x00, 0x04, 0x80, 0x00, 0x80, 0x04, 0x80,
    0x0E, 0x80, 0x11, 0x80, 0x06, 0x80, 0x0A, 0xBC, 0x11, 0x80, 0x05, 0x80, 0x00, 0x09, 0x80, 0x00,
    0x80, 0x06, 0x80, 0x10, 0x85, 0x11, 0x80, 0x06, 0x81, 0x00, 0x05, 0x80, 0x00, 0x80, 0x05, 0x80,
    0x0F, 0x80, 0x11, 0x80, 0x0F, 0x80, 0x10, 0xBB, 0x11, 0x80, 0x0E, 0x80, 0x04, 0x80, 0x00, 0x09,
    0x80, 0x00, 0x80, 0x03, 0x80, 0x0D, 0x83, 0x11, 0x80, 0x0F, 0x80, 0x07, 0x81, 0x00, 0x06, 0x80,
    0x00, 0x80, 0x04, 0x80, 0x0F, 0xBE, 0x11, 0x80, 0x09, 0x81, 0x00, 0x09, 0x81, 0x00, 0x80, 0x06,
    0x80, 0x0E, 0x81, 0x11, 0x80, 0x0C, 0x80, 0x06, 0x81, 0x00, 0x07, 0x80, 0x00, 0x80, 0x05, 0x80,
    0x0E, 0x8C, 0x11, 0x80, 0x0D, 0x80, 0x0E, 0xAE, 0x11, 0x80, 0x0F, 0x80, 0x05, 0x80, 0x00, 0x0B,
    0x81, 0x00, 0x80, 0x05, 0x80, 0x08, 0x80, 0x07, 0x80, 0x02, 0x81, 0x00, 0x08, 0x80, 0x00, 0x80,
    0x07, 0x8C, 0x11, 0x80, 0x10, 0x80, 0x04, 0x80, 0x09, 0xAE, 0x11, 0x80, 0x09, 0x81, 0x00, 0x0C,
    0x85, 0x00, 0x09, 0x80, 0x00, 0x80, 0x08, 0x80, 0x11, 0x80, 0x10, 0x85, 0x11, 0x80, 0x08, 0x80,
    0x0A, 0x82, 0x11, 0x80, 0x07, 0x80, 0x01, 0x80, 0x0D, 0xAC, 0x11, 0x80, 0x10, 0x80, 0x11, 0x80,
    0x07, 0x80, 0x00, 0x1C, 0x81, 0x00, 0x80, 0x07, 0x80, 0x11, 0x80, 0x10, 0x85, 0x11, 0x80, 0x07,
    0x80, 0x00, 0x80, 0x06, 0x80, 0x08, 0x80, 0x04, 0x80, 0x01, 0x80, 0x0B, 0xAC, 0x11, 0x80, 0x10,
    0x80, 0x11, 0x80, 0x0B, 0x80, 0x02, 0x80, 0x00, 0x1D, 0x80, 0x00, 0x80, 0x05, 0x80, 0x0F, 0x80,
    0x10, 0x86, 0x11, 0x80, 0x0A, 0x80, 0x06, 0x80, 0x04, 0x80, 0x07, 0x80, 0x0B, 0x97, 0x11, 0x80,
    0x0D, 0x80, 0x0B, 0x80, 0x0A, 0x80, 0x0D, 0x90, 0x11, 0x80, 0x10, 0x80, 0x11, 0x80, 0x0D, 0x80,
    0x03, 0x80, 0x00, 0x1E, 0x80, 0x00, 0x80, 0x03, 0x80, 0x0E, 0x89, 0x11, 0x80, 0x0F, 0x96, 0x11,
    0x80, 0x10, 0x80, 0x0B, 0x80, 0x07, 0x80, 0x02, 0x81, 0x00, 0x80, 0x01, 0x80, 0x09, 0x8E, 0x11,
    0x80, 0x10, 0x80, 0x11, 0x80, 0x0A, 0x80, 0x02, 0x80, 0x00, 0x1F, 0x81, 0x00, 0x80, 0x0A, 0x87,
    0x11, 0x81, 0x10, 0x91, 0x11, 0x80, 0x0D, 0x80, 0x0C, 0x81, 0x0B, 0x80, 0x0A, 0x80, 0x08, 0x80,
    0x05, 0x83, 0x00, 0x80, 0x01, 0x80, 0x00, 0x80, 0x05, 0x8F, 0x11, 0x80, 0x0A, 0x80, 0x02, 0x80,
    0x00, 0x20, 0x81, 0x00, 0x80, 0x08, 0x99, 0x11, 0x80, 0x0F, 0x80, 0x08, 0x80, 0x03, 0x8B, 0x00,
    0x80, 0x07, 0x8D, 0x11, 0x80, 0x0E, 0x80, 0x09, 0x80, 0x01, 0x80, 0x00, 0x22, 0x80, 0x00, 0x80,
    0x02, 0x80, 0x0C, 0x98, 0x11, 0x80, 0x07, 0x86, 0x00, 0x80, 0x01, 0x81, 0x00, 0x80, 0x02, 0x80,
    0x03, 0x80, 0x05, 0x80, 0x08, 0x80, 0x0E, 0x87, 0x11, 0x82, 0x10, 0x80, 0x11, 0x80, 0x0F, 0x80,
    0x08, 0x80, 0x04, 0x81, 0x00, 0x23, 0x81, 0x00, 0x80, 0x07, 0x98, 0x11, 0x80, 0x05, 0x80, 0x00,
    0x80, 0x01, 0x85, 0x00, 0x80, 0x01, 0x80, 0x09, 0x80, 0x0D, 0x80, 0x0E, 0x80, 0x0F, 0x8B, 0x11,
    0x80, 0x10, 0x80, 0x0C, 0x80, 0x05, 0x82, 0x00, 0x25, 0x80, 0x00, 0x80, 0x01, 0x80, 0x0B, 0x80,
    0x11, 0x80, 0x10, 0x95, 0x11, 0x80, 0x07, 0x82, 0x00, 0x80, 0x04, 0x80, 0x07, 0x80, 0x08, 0x80,
    0x05, 0x80, 0x03, 0x80, 0x09, 0x86, 0x11, 0x81, 0x10, 0x83, 0x11, 0x80, 0x0D, 0x81, 0x09, 0x80,
    0x07, 0x80, 0x01, 0x81, 0x00, 0x28, 0x80, 0x00, 0x80, 0x06, 0x80, 0x0F, 0x80, 0x11, 0x80, 0x10,
    0x94, 0x11, 0x80, 0x10, 0x81, 0x09, 0x80, 0x0A, 0x80, 0x0F, 0x81, 0x11, 0x81, 0x0E, 0x8C, 0x11,
    0x80, 0x0A, 0x80, 0x04, 0x83, 0x00, 0x2A, 0x81, 0x00, 0x80, 0x04, 0x80, 0x0A, 0x9A, 0x11, 0x82,
    0x10, 0x80, 0x11, 0x80, 0x10, 0x85, 0x11, 0x80, 0x0F, 0x80, 0x0A, 0x81, 0x08, 0x80, 0x0A, 0x80,
    0x07, 0x80, 0x01, 0x81, 0x00, 0x2E, 0x82, 0x00, 0x80, 0x08, 0x95, 0x11, 0x81, 0x10, 0x82, 0x11,
    0x80, 0x10, 0x86, 0x11, 0x80, 0x0B, 0x80, 0x07, 0x80, 0x04, 0x85, 0x00, 0x32, 0x81, 0x00, 0x80,
    0x07, 0x80, 0x0D, 0x8E, 0x11, 0x81, 0x10, 0x88, 0x11, 0x80, 0x10, 0x80, 0x0C, 0x80, 0x09, 0x80,
    0x0A, 0x81, 0x09, 0x80, 0x06, 0x84, 0x00, 0x37, 0x81, 0x00, 0x80, 0x02, 0x80, 0x05, 0x80, 0x08,
    0x80, 0x0C, 0x81, 0x0D, 0x8C, 0x11, 0x80, 0x0C, 0x81, 0x0B, 0x80, 0x0C, 0x80, 0x0D, 0x80, 0x0F,
    0x80, 0x0A, 0x80, 0x08, 0x80, 0x05, 0x84, 0x00, 0x80, 0x12, 0x80, 0x15, 0x80, 0x12, 0x80, 0x01,
    0x80, 0x07, 0x80, 0x01, 0x80, 0x00, 0x38, 0x83, 0x00, 0x80, 0x01, 0x80, 0x03, 0x80, 0x06, 0x80,
    0x08, 0x80, 0x0A, 0x80, 0x0B, 0x80, 0x09, 0x82, 0x07, 0x80, 0x09, 0x81, 0x0A, 0x80, 0x08, 0x80,
    0x05, 0x82, 0x00, 0x80, 0x01, 0x80, 0x03, 0x80, 0x04, 0x81, 0x00, 0x81, 0x12, 0x81, 0x15, 0x80,
    0x14, 0x80, 0x15, 0x80, 0x17, 0x80, 0x13, 0x80, 0x00, 0x80, 0x08, 0x80, 0x11, 0x80, 0x05, 0x80,
    0x00, 0x3A, 0x90, 0x00, 0x80, 0x06, 0x80, 0x05, 0x80, 0x00, 0x80, 0x02, 0x81, 0x13, 0x80, 0x14,
    0x85, 0x16, 0x80, 0x15, 0x80, 0x12, 0x80, 0x00, 0x80, 0x07, 0x80, 0x10, 0x80, 0x11, 0x80, 0x08,
    0x80, 0x00, 0x49, 0x80, 0x00, 0x80, 0x04, 0x80, 0x0F, 0x80, 0x0D, 0x80, 0x07, 0x80, 0x00, 0x80,
    0x12, 0x80, 0x14, 0x80, 0x15, 0x80, 0x16, 0x82, 0x15, 0x80, 0x13, 0x80, 0x12, 0x80, 0x00, 0x80,
    0x04, 0x80, 0x0A, 0x82, 0x11, 0x80, 0x0B, 0x80, 0x02, 0x80, 0x00, 0x48, 0x80, 0x00, 0x80, 0x08,
    0x82, 0x11, 0x80, 0x0A, 0x80, 0x06, 0x80, 0x03, 0x80, 0x01, 0x83, 0x00, 0x80, 0x01, 0x80, 0x04,
    0x80, 0x08, 0x80, 0x10, 0x83, 0x11, 0x80, 0x0E, 0x80, 0x04, 0x80, 0x00, 0x47, 0x81, 0x00, 0x80,
    0x0A, 0x80, 0x11, 0x80, 0x10, 0x82, 0x11, 0x80, 0x0E, 0x80, 0x0C, 0x81, 0x0A, 0x80, 0x09, 0x80,
    0x0A, 0x80, 0x0D, 0x80, 0x0F, 0x86, 0x11, 0x80, 0x07, 0x80, 0x00, 0x47, 0x80, 0x00, 0x80, 0x02,
    0x80, 0x0B, 0x93, 0x11, 0x80, 0x08, 0x81, 0x00, 0x46, 0x80, 0x00, 0x80, 0x05, 0x94, 0x11, 0x80,
    0x0B, 0x81, 0x00, 0x46, 0x80, 0x00, 0x80, 0x09, 0x94, 0x11, 0x80, 0x0E, 0x80, 0x05, 0x80, 0x00,
    0x45, 0x81, 0x00, 0x80, 0x0C, 0x93, 0x11, 0x80, 0x10, 0x80, 0x11, 0x80, 0x08, 0x80, 0x00, 0x45,
    0x80, 0x00, 0x80, 0x02, 0x80, 0x0D, 0x95, 0x11, 0x80, 0x0A, 0x81, 0x00, 0x44, 0x80, 0x00, 0x80,
    0x06, 0x80, 0x0F, 0x95, 0x11, 0x80, 0x0F, 0x80, 0x05, 0x80, 0x00, 0x44, 0x80, 0x00, 0x80, 0x08,
    0x97, 0x11, 0x80, 0x08, 0x80, 0x00, 0x33, 0x84, 0x00, 0x0A, 0x81, 0x00, 0x80, 0x0B, 0x97, 0x11,
    0x80, 0x0D, 0x80, 0x02, 0x80, 0x00, 0x30, 0x83, 0x00, 0x80, 0x03, 0x80, 0x02, 0x82, 0x00, 0x07,
    0x81, 0x00, 0x80, 0x06, 0x99, 0x11, 0x80, 0x09, 0x81, 0x00, 0x2E, 0x81, 0x00, 0x80, 0x06, 0x80,
    0x09, 0x80, 0x0B, 0x80, 0x0D, 0x80, 0x0C, 0x80, 0x0A, 0x80, 0x08, 0x81, 0x00, 0x04, 0x82, 0x00,
    0x80, 0x04, 0x80, 0x0E, 0x9A, 0x11, 0x80, 0x08, 0x83, 0x00, 0x2A, 0x80, 0x00, 0x80, 0x04, 0x80,
    0x0A, 0x80, 0x10, 0x84, 0x11, 0x80, 0x0B, 0x80, 0x01, 0x80, 0x00, 0x02, 0x82, 0x00, 0x80, 0x04,
    0x80, 0x06, 0x80, 0x0D, 0x9C, 0x11, 0x80, 0x0A, 0x80, 0x08, 0x80, 0x05, 0x82, 0x00, 0x27, 0x80,
    0x00, 0x80, 0x05, 0x80, 0x0D, 0x85, 0x11, 0x80, 0x0A, 0x80, 0x02, 0x80, 0x00, 0x02, 0x81, 0x00,
    0x80, 0x06, 0x80, 0x0A, 0x80, 0x0F, 0xA0, 0x11, 0x80, 0x10, 0x80, 0x0B, 0x80, 0x05, 0x81, 0x00,
    0x25, 0x80, 0x00, 0x80, 0x03, 0x80, 0x0E, 0x80, 0x11, 0x80, 0x10, 0x83, 0x11, 0x80, 0x0A, 0x80,
    0x01, 0x80, 0x00, 0x02, 0x80, 0x00, 0x80, 0x01, 0x80, 0x09, 0x80, 0x10, 0xA4, 0x11, 0x80, 0x0F,
    0x80, 0x07, 0x81, 0x00, 0x24, 0x80, 0x00, 0x80, 0x07, 0x80, 0x11, 0x80, 0x10, 0x83, 0x11, 0x80,
    0x0E, 0x80, 0x04, 0x80, 0x00, 0x02, 0x80, 0x00, 0x80, 0x03, 0x80, 0x0C, 0x80, 0x11, 0x80, 0x10,
    0xA5, 0x11, 0x80, 0x0F, 0x80, 0x05, 0x80, 0x00, 0x23, 0x81, 0x00, 0x80, 0x0B, 0x85, 0x11, 0x80,
    0x08, 0x80, 0x00, 0x02, 0x81, 0x00, 0x80, 0x0A, 0x80, 0x11, 0x80, 0x10, 0xA5, 0x11, 0x80, 0x10,
    0x80, 0x11, 0x80, 0x09, 0x81, 0x00, 0x22, 0x80, 0x00, 0x80, 0x07, 0x80, 0x10, 0x85, 0x11, 0x80,
    0x05, 0x80, 0x00, 0x02, 0x80, 0x00, 0x80, 0x08, 0x80, 0x11, 0x80, 0x10, 0xA8, 0x11, 0x80, 0x0E,
    0x80, 0x04, 0x80, 0x00, 0x21, 0x81, 0x00, 0x80, 0x08, 0x85, 0x11, 0x80, 0x0F, 0x80, 0x04, 0x80,
    0x00, 0x01, 0x80, 0x00, 0x80, 0x01, 0x80, 0x0C, 0xAB, 0x11, 0x80, 0x07, 0x80, 0x00, 0x21, 0x81,
    0x00, 0x80, 0x0B, 0x86, 0x11, 0x80, 0x07, 0x80, 0x00, 0x01, 0x80, 0x00, 0x80, 0x06, 0x80, 0x10,
    0x92, 0x11, 0x80, 0x0A, 0x80, 0x0D, 0x82, 0x11, 0x80, 0x0C, 0x80, 0x08, 0x80, 0x10, 0x84, 0x11,
    0x80, 0x0C, 0x80, 0x0A, 0x89, 0x11, 0x80, 0x09, 0x80, 0x00, 0x21, 0x81, 0x00, 0x80, 0x0B, 0x84,
    0x11, 0x80, 0x10, 0x80, 0x11, 0x80, 0x09, 0x81, 0x00, 0x00, 0x80, 0x00, 0x80, 0x08, 0x8B, 0x11,
    0x80, 0x06, 0x80, 0x0A, 0x84, 0x11, 0x80, 0x0D, 0x80, 0x02, 0x80, 0x08, 0x80, 0x11, 0x80, 0x10,
    0x80, 0x11, 0x80, 0x08, 0x80, 0x00, 0x80, 0x0D, 0x84, 0x11, 0x80, 0x07, 0x80, 0x05, 0x89, 0x11,
    0x80, 0x09, 0x80, 0x00, 0x21, 0x81, 0x00, 0x80, 0x08, 0x80, 0x11, 0x80, 0x10, 0x84, 0x11, 0x80,
    0x0F, 0x80, 0x07, 0x82, 0x00, 0x80, 0x08, 0x80, 0x11, 0x80, 0x10, 0x88, 0x11, 0x80, 0x10, 0x80,
    0x02, 0x80, 0x07, 0x84, 0x11, 0x80, 0x0C, 0x80, 0x01, 0x80, 0x09, 0x80, 0x11, 0x80, 0x10, 0x80,
    0x11, 0x80, 0x09, 0x80, 0x00, 0x80, 0x0C, 0x83, 0x11, 0x80, 0x0F, 0x80, 0x04, 0x80, 0x06, 0x89,
    0x11, 0x80, 0x08, 0x80, 0x00, 0x22, 0x80, 0x00, 0x80, 0x06, 0x80, 0x10, 0x87, 0x11, 0x80, 0x08,
    0x80, 0x06, 0x80, 0x00, 0x80, 0x07, 0x80, 0x11, 0x80, 0x10, 0x89, 0x11, 0x80, 0x05, 0x80, 0x04,
    0x84, 0x11, 0x80, 0x0D, 0x80, 0x00, 0x80, 0x0A, 0x80, 0x11, 0x80, 0x10, 0x80, 0x11, 0x80, 0x0A,
    0x80, 0x00, 0x80, 0x09, 0x80, 0x11, 0x80, 0x10, 0x81, 0x11, 0x80, 0x0E, 0x80, 0x01, 0x80, 0x07,
    0x88, 0x11, 0x80, 0x10, 0x80, 0x06, 0x80, 0x00, 0x22, 0x81, 0x00, 0x80, 0x0A, 0x80, 0x11, 0x80,
    0x10, 0x87, 0x11, 0x80, 0x06, 0x80, 0x03, 0x80, 0x10, 0x8A, 0x11, 0x80, 0x08, 0x80, 0x01, 0x80,
    0x0D, 0x83, 0x11, 0x80, 0x0B, 0x80, 0x00, 0x80, 0x0B, 0x82, 0x11, 0x80, 0x0C, 0x80, 0x00, 0x80,
    0x09, 0x83, 0x11, 0x80, 0x0A, 0x80, 0x00, 0x80, 0x0A, 0x88, 0x11, 0x80, 0x0B, 0x80, 0x01, 0x80,
    0x00, 0x23, 0x80, 0x00, 0x80, 0x01, 0x80, 0x0A, 0x80, 0x10, 0x85, 0x11, 0x80, 0x10, 0x80, 0x11,
    0x80, 0x08, 0x80, 0x00, 0x80, 0x0B, 0x80, 0x11, 0x80, 0x10, 0x88, 0x11, 0x80, 0x0A, 0x80, 0x00,
    0x80, 0x0A, 0x80, 0x11, 0x81, 0x10, 0x80, 0x11, 0x80, 0x08, 0x80, 0x00, 0x80, 0x0B, 0x82, 0x11,
    0x80, 0x0F, 0x80, 0x02, 0x80, 0x09, 0x83, 0x11, 0x80, 0x08, 0x80, 0x00, 0x80, 0x0B, 0x86, 0x11,
    0x81, 0x10, 0x80, 0x07, 0x80, 0x00, 0x25, 0x81, 0x00, 0x80, 0x07, 0x80, 0x0B, 0x80, 0x10, 0x85,
    0x11, 0x80, 0x0D, 0x80, 0x00, 0x80, 0x06, 0x81, 0x11, 0x80, 0x10, 0x87, 0x11, 0x80, 0x0E, 0x80,
    0x01, 0x80, 0x08, 0x80, 0x11, 0x81, 0x10, 0x80, 0x11, 0x80, 0x08, 0x80, 0x00, 0x80, 0x0C, 0x82,
    0x11, 0x80, 0x0E, 0x80, 0x03, 0x80, 0x07, 0x83, 0x11, 0x80, 0x07, 0x80, 0x02, 0x80, 0x0F, 0x87,
    0x11, 0x80, 0x0A, 0x81, 0x00, 0x26, 0x81, 0x00, 0x80, 0x01, 0x80, 0x07, 0x80, 0x09, 0x80, 0x0A,
    0x81, 0x09, 0x80, 0x0A, 0x80, 0x08, 0x80, 0x06, 0x80, 0x01, 0x80, 0x00, 0x80, 0x07, 0x80, 0x10,
    0x87, 0x11, 0x81, 0x10, 0x80, 0x05, 0x80, 0x04, 0x80, 0x10, 0x82, 0x11, 0x80, 0x08, 0x80, 0x02,
    0x80, 0x10, 0x83, 0x11, 0x80, 0x06, 0x80, 0x05, 0x82, 0x11, 0x80, 0x0E, 0x80, 0x03, 0x80, 0x06,
    0x86, 0x11, 0x80, 0x0C, 0x80, 0x07, 0x81, 0x00, 0x29, 0x8B, 0x00, 0x80, 0x06, 0x80, 0x0A, 0x80,
    0x0D, 0x87, 0x11, 0x80, 0x09, 0x80, 0x00, 0x80, 0x0B, 0x80, 0x11, 0x81, 0x10, 0x80, 0x05, 0x80,
    0x04, 0x80, 0x0B, 0x80, 0x0C, 0x80, 0x0D, 0x81, 0x0B, 0x80, 0x07, 0x80, 0x01, 0x80, 0x0D, 0x81,
    0x11, 0x80, 0x0B, 0x80, 0x00, 0x80, 0x07, 0x83, 0x0B, 0x80, 0x09, 0x81, 0x07, 0x80, 0x02, 0x81,
    0x00, 0x2E, 0x81, 0x00, 0x04, 0x82, 0x00, 0x80, 0x04, 0x88, 0x06, 0x80, 0x00, 0x80, 0x07, 0x80,
    0x11, 0x80, 0x10, 0x80, 0x0F, 0x80, 0x04, 0x80, 0x01, 0x80, 0x03, 0x81, 0x04, 0x80, 0x03, 0x81,
    0x02, 0x80, 0x00, 0x80, 0x0A, 0x81, 0x11, 0x80, 0x07, 0x80, 0x00, 0x83, 0x02, 0x84, 0x00, 0x39,
    0x8C, 0x00, 0x80, 0x0A, 0x80, 0x10, 0x80, 0x09, 0x88, 0x00, 0x80, 0x05, 0x80, 0x0C, 0x80, 0x0A,
    0x80, 0x01, 0x87, 0x00, 0x47, 0x81, 0x00, 0x80, 0x04, 0x81, 0x00, 0x07, 0x80, 0x00, 0x80, 0x01,
    0x81, 0x00, 0x50, 0x82, 0x00, 0x09, 0x81, 0x00, 0x20,
];

#[rustfmt::skip]
const POSE_HAPPY_BOUNCE: &[u8] = &[
    0x49, 0x84, 0x00, 0x4B, 0x84, 0x00, 0x80, 0x02, 0x80, 0x01, 0x82, 0x00, 0x48, 0x81, 0x00, 0x80,
    0x02, 0x80, 0x07, 0x80, 0x08, 0x80, 0x0B, 0x80, 0x0E, 0x80, 0x0B, 0x80, 0x09, 0x80, 0x06, 0x81,
    0x00, 0x45, 0x82, 0x00, 0x80, 0x07, 0x80, 0x0D, 0x86, 0x11, 0x80, 0x09, 0x81, 0x00, 0x43, 0x81,
    0x00, 0x80, 0x02, 0x80, 0x0A, 0x80, 0x10, 0x85, 0x11, 0x82, 0x10, 0x80, 0x06, 0x80, 0x00, 0x42,
    0x81, 0x00, 0x80, 0x03, 0x80, 0x0B, 0x8A, 0x11, 0x80, 0x0A, 0x81, 0x00, 0x40, 0x81, 0x00, 0x80,
    0x02, 0x80, 0x0B, 0x80, 0x11, 0x80, 0x10, 0x89, 0x11, 0x80, 0x0B, 0x81, 0x00, 0x40, 0x81, 0x00,
    0x80, 0x0A, 0x80, 0x11, 0x80, 0x10, 0x88, 0x11, 0x80, 0x10, 0x80, 0x11, 0x80, 0x08, 0x81, 0x00,
    0x03, 0x86, 0x00, 0x34, 0x81, 0x00, 0x80, 0x08, 0x81, 0x10, 0x83, 0x11, 0x80, 0x10, 0x85, 0x11,
    0x80, 0x0B, 0x80, 0x03, 0x80, 0x00, 0x03, 0x82, 0x00, 0x80, 0x05, 0x81, 0x06, 0x80, 0x04, 0x82,
    0x00, 0x32, 0x80, 0x00, 0x80, 0x05, 0x80, 0x10, 0x86, 0x11, 0x80, 0x10, 0x82, 0x0E, 0x80, 0x0A,
    0x80, 0x08, 0x80, 0x03, 0x81, 0x00, 0x01, 0x82, 0x00, 0x80, 0x07, 0x80, 0x0A, 0x80, 0x0E, 0x81,
    0x11, 0x80, 0x0C, 0x80, 0x0A, 0x80, 0x07, 0x82, 0x00, 0x2F, 0x81, 0x00, 0x80, 0x09, 0x85, 0x11,
    0x80, 0x0B, 0x80, 0x08, 0x80, 0x06, 0x82, 0x04, 0x83, 0x00, 0x02, 0x80, 0x00, 0x80, 0x01, 0x80,
    0x0A, 0x87, 0x11, 0x80, 0x09, 0x80, 0x04, 0x81, 0x00, 0x2E, 0x80, 0x00, 0x80, 0x02, 0x80, 0x0C,
    0x83, 0x11, 0x80, 0x0B, 0x80, 0x06, 0x80, 0x01, 0x86, 0x00, 0x03, 0x81, 0x00, 0x80, 0x08, 0x80,
    0x11, 0x80, 0x10, 0x87, 0x11, 0x80, 0x0D, 0x80, 0x05, 0x81, 0x00, 0x2C, 0x81, 0x00, 0x80, 0x07,
    0x80, 0x11, 0x80, 0x10, 0x80, 0x11, 0x80, 0x10, 0x80, 0x08, 0x80, 0x01, 0x82, 0x00, 0x09, 0x80,
    0x00, 0x80, 0x03, 0x80, 0x0D, 0x8A, 0x11, 0x80, 0x0D, 0x80, 0x03, 0x80, 0x00, 0x2C, 0x81, 0x00,
    0x80, 0x0A, 0x81, 0x11, 0x80, 0x0D, 0x80, 0x07, 0x82, 0x00, 0x0B, 0x80, 0x00, 0x80, 0x05, 0x8A,
    0x11, 0x80, 0x10, 0x80, 0x11, 0x80, 0x09, 0x81, 0x00, 0x1E, 0x80, 0x00, 0x00, 0x83, 0x00, 0x06,
    0x80, 0x00, 0x80, 0x04, 0x80, 0x0D, 0x80, 0x11, 0x80, 0x0B, 0x80, 0x04, 0x81, 0x00, 0x0D, 0x80,
    0x00, 0x80, 0x05, 0x80, 0x11, 0x80, 0x10, 0x89, 0x11, 0x80, 0x10, 0x80, 0x11, 0x80, 0x06, 0x81,
    0x00, 0x13, 0x81, 0x00, 0x00, 0x89, 0x00, 0x80, 0x03, 0x80, 0x04, 0x84, 0x00, 0x02, 0x80, 0x00,
    0x80, 0x08, 0x80, 0x11, 0x80, 0x0E, 0x80, 0x05, 0x81, 0x00, 0x0E, 0x80, 0x00, 0x80, 0x01, 0x80,
    0x0B, 0x80, 0x11, 0x80, 0x10, 0x8A, 0x11, 0x80, 0x0B, 0x80, 0x01, 0x80, 0x00, 0x11, 0x86, 0x00,
    0x80, 0x04, 0x80, 0x07, 0x80, 0x0A, 0x80, 0x09, 0x80, 0x06, 0x80, 0x05, 0x80, 0x08, 0x80, 0x0A,
    0x81, 0x0E, 0x80, 0x0A, 0x80, 0x06, 0x86, 0x00, 0x80, 0x09, 0x80, 0x11, 0x80, 0x08, 0x81, 0x00,
    0x0F, 0x81, 0x00, 0x80, 0x05, 0x80, 0x0B, 0x8B, 0x11, 0x80, 0x10, 0x80, 0x05, 0x80, 0x00, 0x0C,
    0x85, 0x00, 0x80, 0x05, 0x82, 0x08, 0x80, 0x07, 0x80, 0x0A, 0x80, 0x0D, 0x8A, 0x11, 0x80, 0x0B,
    0x80, 0x07, 0x80, 0x08, 0x80, 0x05, 0x80, 0x01, 0x81, 0x00, 0x80, 0x09, 0x80, 0x0A, 0x80, 0x01,
    0x80, 0x00, 0x11, 0x81, 0x00, 0x80, 0x01, 0x80, 0x06, 0x81, 0x09, 0x80, 0x0B, 0x80, 0x10, 0x87,
    0x11, 0x80, 0x08, 0x80, 0x00, 0x0A, 0x84, 0x00, 0x80, 0x01, 0x80, 0x06, 0x80, 0x0A, 0x80, 0x10,
    0x87, 0x11, 0x84, 0x10, 0x83, 0x11, 0x80, 0x0C, 0x80, 0x09, 0x80, 0x06, 0x80, 0x08, 0x80, 0x06,
    0x80, 0x02, 0x81, 0x00, 0x80, 0x01, 0x80, 0x00, 0x13, 0x84, 0x00, 0x80, 0x01, 0x80, 0x05, 0x80,
    0x09, 0x80, 0x0F, 0x85, 0x11, 0x80, 0x0A, 0x81, 0x00, 0x05, 0x84, 0x00, 0x80, 0x06, 0x80, 0x0A,
    0x81, 0x0C, 0x80, 0x0B, 0x80, 0x10, 0x90, 0x11, 0x80, 0x0B, 0x80, 0x06, 0x81, 0x00, 0x81, 0x02,
    0x82, 0x00, 0x80, 0x03, 0x80, 0x04, 0x82, 0x00, 0x15, 0x83, 0x00, 0x80, 0x05, 0x80, 0x0F, 0x84,
    0x11, 0x80, 0x0C, 0x80, 0x03, 0x80, 0x00, 0x03, 0x83, 0x00, 0x80, 0x02, 0x80, 0x06, 0x80, 0x0A,
    0x80, 0x10, 0x92, 0x11, 0x80, 0x10, 0x80, 0x11, 0x80, 0x09, 0x80, 0x00, 0x80, 0x03, 0x80, 0x08,
    0x80, 0x0C, 0x80, 0x0E, 0x80, 0x0D, 0x80, 0x0A, 0x80, 0x08, 0x80, 0x02, 0x80, 0x00, 0x81, 0x08,
    0x80, 0x04, 0x82, 0x00, 0x16, 0x81, 0x00, 0x80, 0x06, 0x80, 0x10, 0x83, 0x11, 0x80, 0x0E, 0x80,
    0x03, 0x80, 0x00, 0x02, 0x81, 0x00, 0x80, 0x02, 0x80, 0x07, 0x81, 0x0B, 0x96, 0x11, 0x80, 0x0A,
    0x80, 0x00, 0x80, 0x06, 0x80, 0x10, 0x85, 0x11, 0x80, 0x0D, 0x80, 0x05, 0x80, 0x00, 0x80, 0x0B,
    0x80, 0x0F, 0x80, 0x08, 0x80, 0x02, 0x81, 0x00, 0x16, 0x81, 0x00, 0x80, 0x06, 0x80, 0x10, 0x82,
    0x11, 0x80, 0x0D, 0x80, 0x02, 0x80, 0x00, 0x01, 0x81, 0x00, 0x80, 0x06, 0x80, 0x0C, 0x98, 0x11,
    0x80, 0x0C, 0x80, 0x00, 0x80, 0x06, 0x80, 0x0F, 0x85, 0x11, 0x80, 0x10, 0x80, 0x11, 0x80, 0x0F,
    0x80, 0x06, 0x80, 0x00, 0x80, 0x0B, 0x80, 0x11, 0x80, 0x0C, 0x80, 0x05, 0x81, 0x00, 0x16, 0x81,
    0x00, 0x80, 0x07, 0x80, 0x11, 0x80, 0x10, 0x80, 0x11, 0x80, 0x0A, 0x80, 0x01, 0x83, 0x00, 0x80,
    0x07, 0x80, 0x0E, 0x99, 0x11, 0x80, 0x07, 0x80, 0x01, 0x80, 0x0D, 0x87, 0x11, 0x80, 0x10, 0x80,
    0x11, 0x80, 0x0E, 0x81, 0x04, 0x80, 0x0E, 0x80, 0x11, 0x80, 0x0D, 0x80, 0x04, 0x81, 0x00, 0x16,
    0x80, 0x00, 0x80, 0x01, 0x80, 0x0B, 0x81, 0x11, 0x80, 0x09, 0x80, 0x01, 0x81, 0x00, 0x80, 0x04,
    0x80, 0x09, 0x80, 0x11, 0x80, 0x10, 0x98, 0x11, 0x80, 0x0D, 0x80, 0x01, 0x80, 0x08, 0x80, 0x11,
    0x80, 0x10, 0x87, 0x11, 0x80, 0x10, 0x80, 0x11, 0x80, 0x0C, 0x80, 0x00, 0x80, 0x09, 0x81, 0x11,
    0x80, 0x0D, 0x80, 0x04, 0x80, 0x00, 0x16, 0x81, 0x00, 0x80, 0x08, 0x81, 0x11, 0x80, 0x08, 0x80,
    0x00, 0x80, 0x04, 0x80, 0x09, 0x80, 0x0F, 0x80, 0x11, 0x80, 0x10, 0x99, 0x11, 0x80, 0x0A, 0x80,
    0x00, 0x80, 0x0C, 0x8A, 0x11, 0x80, 0x10, 0x80, 0x11, 0x80, 0x06, 0x80, 0x07, 0x80, 0x11, 0x80,
    0x10, 0x80, 0x11, 0x80, 0x0B, 0x80, 0x01, 0x80, 0x00, 0x16, 0x80, 0x00, 0x80, 0x04, 0x80, 0x11,
    0x80, 0x0A, 0x80, 0x00, 0x80, 0x05, 0x80, 0x0D, 0x9D, 0x11, 0x80, 0x07, 0x80, 0x04, 0x80, 0x0F,
    0x8C, 0x11, 0x80, 0x0F, 0x80, 0x0D, 0x81, 0x11, 0x80, 0x10, 0x80, 0x11, 0x80, 0x06, 0x81, 0x00,
    0x15, 0x80, 0x00, 0x80, 0x01, 0x80, 0x08, 0x80, 0x03, 0x80, 0x01, 0x80, 0x0C, 0x80, 0x11, 0x81,
    0x0E, 0x80, 0x0F, 0x9A, 0x11, 0x81, 0x06, 0x93, 0x11, 0x80, 0x09, 0x81, 0x00, 0x15, 0x83, 0x00,
    0x80, 0x09, 0x80, 0x0B, 0x80, 0x06, 0x80, 0x03, 0x80, 0x02, 0x80, 0x04, 0x80, 0x07, 0x80, 0x0A,
    0x98, 0x11, 0x81, 0x08, 0x88, 0x11, 0x81, 0x10, 0x88, 0x11, 0x80, 0x0F, 0x80, 0x04, 0x80, 0x00,
    0x15, 0x82, 0x00, 0x80, 0x08, 0x80, 0x06, 0x80, 0x00, 0x80, 0x01, 0x80, 0x05, 0x80, 0x06, 0x80,
    0x05, 0x80, 0x02, 0x80, 0x00, 0x80, 0x06, 0x80, 0x0E, 0xAB, 0x11, 0x80, 0x10, 0x80, 0x11, 0x80,
    0x08, 0x80, 0x00, 0x15, 0x81, 0x00, 0x80, 0x07, 0x80, 0x05, 0x80, 0x00, 0x80, 0x08, 0x80, 0x0C,
    0x82, 0x11, 0x80, 0x0D, 0x80, 0x09, 0x80, 0x01, 0x80, 0x03, 0x80, 0x0E, 0x9F, 0x11, 0x80, 0x0A,
    0x80, 0x07, 0x80, 0x09, 0x89, 0x11, 0x80, 0x0C, 0x80, 0x03, 0x80, 0x00, 0x13, 0x81, 0x00, 0x80,
    0x07, 0x80, 0x06, 0x80, 0x00, 0x80, 0x0B, 0x81, 0x11, 0x81, 0x10, 0x82, 0x11, 0x80, 0x0D, 0x81,
    0x04, 0x80, 0x0E, 0x9D, 0x11, 0x80, 0x0A, 0x82, 0x00, 0x80, 0x0A, 0x88, 0x11, 0x80, 0x0E, 0x80,
    0x05, 0x80, 0x00, 0x12, 0x81, 0x00, 0x81, 0x08, 0x80, 0x00, 0x80, 0x09, 0x80, 0x11, 0x80, 0x10,
    0x84, 0x11, 0x80, 0x10, 0x80, 0x11, 0x80, 0x0E, 0x80, 0x01, 0x80, 0x07, 0x9D, 0x11, 0x80, 0x06,
    0x80, 0x00, 0x80, 0x02, 0x80, 0x00, 0x80, 0x07, 0x80, 0x11, 0x80, 0x10, 0x86, 0x11, 0x80, 0x0D,
    0x80, 0x04, 0x80, 0x00, 0x11, 0x81, 0x00, 0x80, 0x07, 0x80, 0x0D, 0x80, 0x00, 0x80, 0x06, 0x80,
    0x11, 0x80, 0x10, 0x88, 0x11, 0x80, 0x09, 0x80, 0x07, 0x9D, 0x11, 0x80, 0x08, 0x80, 0x00, 0x80,
    0x01, 0x80, 0x00, 0x80, 0x07, 0x80, 0x11, 0x80, 0x10, 0x86, 0x11, 0x80, 0x0E, 0x80, 0x04, 0x80,
    0x00, 0x11, 0x80, 0x00, 0x80, 0x04, 0x80, 0x0E, 0x80, 0x09, 0x80, 0x00, 0x80, 0x0B, 0xAA, 0x11,
    0x80, 0x0E, 0x80, 0x05, 0x80, 0x00, 0x80, 0x04, 0x80, 0x0D, 0x88, 0x11, 0x80, 0x0E, 0x80, 0x04,
    0x80, 0x00, 0x10, 0x81, 0x00, 0x80, 0x0A, 0x80, 0x11, 0x81, 0x05, 0xAC, 0x11, 0x80, 0x0F, 0x80,
    0x0C, 0x80, 0x0E, 0x89, 0x11, 0x80, 0x10, 0x80, 0x06, 0x80, 0x00, 0x0F, 0x81, 0x00, 0x80, 0x06,
    0x80, 0x11, 0x80, 0x0D, 0x80, 0x02, 0x80, 0x08, 0x80, 0x11, 0x80, 0x10, 0xB7, 0x11, 0x80, 0x10,
    0x80, 0x06, 0x80, 0x00, 0x0F, 0x80, 0x00, 0x80, 0x01, 0x80, 0x0B, 0x80, 0x11, 0x80, 0x0A, 0x80,
    0x00, 0x80, 0x0A, 0xB9, 0x11, 0x80, 0x0D, 0x80, 0x03, 0x80, 0x00, 0x0F, 0x80, 0x00, 0x80, 0x05,
    0x80, 0x0F, 0x80, 0x11, 0x80, 0x0B, 0x80, 0x00, 0x80, 0x0C, 0xB9, 0x11, 0x80, 0x08, 0x81, 0x00,
    0x0F, 0x80, 0x00, 0x80, 0x07, 0x81, 0x11, 0x80, 0x0A, 0x80, 0x00, 0x80, 0x0C, 0xB8, 0x11, 0x80,
    0x0D, 0x80, 0x03, 0x80, 0x00, 0x0F, 0x81, 0x00, 0x80, 0x0A, 0x81, 0x11, 0x80, 0x0C, 0x80, 0x06,
    0x80, 0x0D, 0xB8, 0x11, 0x80, 0x09, 0x81, 0x00, 0x0F, 0x81, 0x00, 0x80, 0x0C, 0x8A, 0x11, 0x80,
    0x0B, 0x80, 0x08, 0x80, 0x0B, 0xAD, 0x11, 0x81, 0x10, 0x80, 0x06, 0x80, 0x00, 0x10, 0x81, 0x00,
    0x80, 0x0B, 0x89, 0x11, 0x80, 0x0A, 0x80, 0x01, 0x80, 0x00, 0x80, 0x01, 0x80, 0x0B, 0x96, 0x11,
    0x80, 0x0E, 0x80, 0x0B, 0x94, 0x11, 0x80, 0x09, 0x81, 0x00, 0x10, 0x81, 0x00, 0x80, 0x0B, 0x89,
    0x11, 0x80, 0x08, 0x80, 0x00, 0x80, 0x01, 0x80, 0x00, 0x80, 0x06, 0x8F, 0x11, 0x81, 0x10, 0x81,
    0x11, 0x80, 0x10, 0x80, 0x0A, 0x80, 0x06, 0x80, 0x03, 0x80, 0x01, 0x80, 0x05, 0x80, 0x0B, 0x8F,
    0x11, 0x80, 0x10, 0x80, 0x11, 0x80, 0x0A, 0x81, 0x00, 0x11, 0x81, 0x00, 0x80, 0x0B, 0x89, 0x11,
    0x80, 0x08, 0x80, 0x00, 0x80, 0x01, 0x80, 0x00, 0x80, 0x07, 0x91, 0x11, 0x80, 0x0C, 0x80, 0x09,
    0x80, 0x05, 0x84, 0x00, 0x80, 0x07, 0x8D, 0x11, 0x80, 0x10, 0x81, 0x11, 0x80, 0x09, 0x80, 0x01,
    0x80, 0x00, 0x12, 0x81, 0x00, 0x80, 0x0B, 0x89, 0x11, 0x80, 0x0B, 0x80, 0x04, 0x80, 0x00, 0x80,
    0x03, 0x80, 0x0B, 0x8C, 0x11, 0x80, 0x0F, 0x80, 0x0A, 0x81, 0x09, 0x80, 0x06, 0x80, 0x03, 0x84,
    0x00, 0x80, 0x01, 0x80, 0x00, 0x80, 0x06, 0x8C, 0x11, 0x80, 0x10, 0x80, 0x11, 0x80, 0x0B, 0x80,
    0x06, 0x81, 0x00, 0x13, 0x80, 0x00, 0x80, 0x01, 0x80, 0x0A, 0x8A, 0x11, 0x80, 0x0E, 0x80, 0x0B,
    0x80, 0x0D, 0x8B, 0x11, 0x80, 0x10, 0x80, 0x08, 0x80, 0x04, 0x8A, 0x00, 0x80, 0x04, 0x80, 0x0C,
    0x8B, 0x11, 0x80, 0x10, 0x80, 0x11, 0x80, 0x0B, 0x80, 0x02, 0x81, 0x00, 0x14, 0x80, 0x00, 0x80,
    0x01, 0x80, 0x0B, 0x99, 0x11, 0x80, 0x09, 0x83, 0x00, 0x81, 0x01, 0x82, 0x00, 0x80, 0x01, 0x80,
    0x06, 0x80, 0x08, 0x80, 0x0A, 0x80, 0x0F, 0x8D, 0x11, 0x80, 0x0C, 0x80, 0x04, 0x81, 0x00, 0x15,
    0x81, 0x00, 0x80, 0x0A, 0x99, 0x11, 0x80, 0x06, 0x80, 0x00, 0x80, 0x01, 0x86, 0x00, 0x80, 0x0B,
    0x8E, 0x11, 0x80, 0x0F, 0x80, 0x0C, 0x80, 0x08, 0x80, 0x03, 0x81, 0x00, 0x17, 0x80, 0x00, 0x80,
    0x05, 0x80, 0x10, 0x98, 0x11, 0x80, 0x08, 0x82, 0x00, 0x80, 0x03, 0x80, 0x07, 0x80, 0x09, 0x80,
    0x07, 0x80, 0x05, 0x80, 0x0A, 0x80, 0x11, 0x81, 0x10, 0x88, 0x11, 0x80, 0x10, 0x80, 0x11, 0x80,
    0x10, 0x80, 0x09, 0x80, 0x05, 0x80, 0x01, 0x81, 0x00, 0x19, 0x81, 0x00, 0x80, 0x07, 0x99, 0x11,
    0x80, 0x08, 0x80, 0x07, 0x80, 0x08, 0x80, 0x0D, 0x91, 0x11, 0x80, 0x0A, 0x80, 0x04, 0x82, 0x00,
    0x1C, 0x81, 0x00, 0x80, 0x09, 0xAC, 0x11, 0x80, 0x0C, 0x80, 0x08, 0x82, 0x00, 0x1F, 0x80, 0x00,
    0x80, 0x07, 0x80, 0x11, 0x80, 0x10, 0x98, 0x11, 0x80, 0x10, 0x87, 0x11, 0x81, 0x10, 0x82, 0x11,
    0x80, 0x10, 0x80, 0x0D, 0x80, 0x09, 0x80, 0x06, 0x80, 0x02, 0x82, 0x00, 0x20, 0x80, 0x00, 0x80,
    0x01, 0x80, 0x0C, 0x80, 0x11, 0x80, 0x10, 0xA2, 0x11, 0x80, 0x0F, 0x80, 0x09, 0x80, 0x07, 0x80,
    0x06, 0x80, 0x03, 0x82, 0x00, 0x24, 0x80, 0x00, 0x80, 0x04, 0x80, 0x0C, 0x80, 0x11, 0x80, 0x10,
    0x98, 0x11, 0x80, 0x10, 0x84, 0x11, 0x80, 0x10, 0x80, 0x0B, 0x80, 0x09, 0x80, 0x04, 0x83, 0x00,
    0x28, 0x80, 0x00, 0x80, 0x02, 0x80, 0x09, 0x97, 0x11, 0x81, 0x10, 0x81, 0x11, 0x80, 0x0B, 0x80,
    0x0A, 0x80, 0x0B, 0x80, 0x09, 0x80, 0x05, 0x81, 0x00, 0x80, 0x01, 0x82, 0x00, 0x2A, 0x80, 0x00,
    0x80, 0x02, 0x80, 0x09, 0x80, 0x10, 0x82, 0x11, 0x80, 0x10, 0x82, 0x11, 0x80, 0x10, 0x8B, 0x11,
    0x80, 0x0F, 0x82, 0x11, 0x80, 0x0B, 0x80, 0x06, 0x83, 0x00, 0x80, 0x01, 0x80, 0x13, 0x80, 0x16,
    0x80, 0x12, 0x80, 0x01, 0x80, 0x04, 0x81, 0x00, 0x2A, 0x81, 0x00, 0x80, 0x04, 0x80, 0x08, 0x80,
    0x0B, 0x8E, 0x11, 0x80, 0x0F, 0x80, 0x0A, 0x80, 0x07, 0x80, 0x04, 0x80, 0x07, 0x80, 0x08, 0x80,
    0x06, 0x80, 0x01, 0x80, 0x00, 0x80, 0x13, 0x80, 0x15, 0x80, 0x14, 0x80, 0x15, 0x80, 0x16, 0x80,
    0x17, 0x80, 0x14, 0x80, 0x00, 0x80, 0x08, 0x80, 0x0C, 0x80, 0x01, 0x80, 0x00, 0x2B, 0x83, 0x00,
    0x80, 0x06, 0x80, 0x09, 0x80, 0x0B, 0x80, 0x0A, 0x80, 0x09, 0x80, 0x0A, 0x80, 0x0D, 0x80, 0x0F,
    0x80, 0x0D, 0x80, 0x0A, 0x80, 0x07, 0x80, 0x05, 0x82, 0x06, 0x80, 0x04, 0x81, 0x00, 0x80, 0x01,
    0x81, 0x00, 0x80, 0x01, 0x80, 0x12, 0x80, 0x15, 0x80, 0x17, 0x80, 0x16, 0x81, 0x17, 0x80, 0x16,
    0x80, 0x12, 0x80, 0x00, 0x80, 0x07, 0x80, 0x10, 0x80, 0x11, 0x80, 0x08, 0x80, 0x00, 0x2D, 0x87,
    0x00, 0x80, 0x02, 0x80, 0x04, 0x80, 0x03, 0x81, 0x00, 0x81, 0x04, 0x81, 0x02, 0x80, 0x05, 0x81,
    0x00, 0x80, 0x14, 0x81, 0x16, 0x82, 0x17, 0x81, 0x16, 0x80, 0x15, 0x80, 0x13, 0x80, 0x00, 0x80,
    0x01, 0x80, 0x08, 0x82, 0x11, 0x80, 0x0C, 0x80, 0x02, 0x80, 0x00, 0x34, 0x83, 0x00, 0x80, 0x07,
    0x81, 0x0E, 0x82, 0x10, 0x80, 0x0A, 0x80, 0x05, 0x80, 0x00, 0x80, 0x01, 0x80, 0x12, 0x80, 0x13,
    0x81, 0x14, 0x80, 0x12, 0x80, 0x01, 0x81, 0x00, 0x80, 0x06, 0x80, 0x0C, 0x83, 0x11, 0x80, 0x10,
    0x80, 0x07, 0x80, 0x00, 0x36, 0x80, 0x00, 0x80, 0x04, 0x80, 0x10, 0x83, 0x11, 0x80, 0x10, 0x80,
    0x11, 0x80, 0x0F, 0x80, 0x09, 0x80, 0x07, 0x80, 0x06, 0x80, 0x03, 0x80, 0x01, 0x80, 0x02, 0x80,
    0x03, 0x80, 0x05, 0x80, 0x08, 0x80, 0x0B, 0x86, 0x11, 0x80, 0x0A, 0x81, 0x00, 0x24, 0x84, 0x00,
    0x0A, 0x81, 0x00, 0x80, 0x09, 0x80, 0x11, 0x80, 0x10, 0x83, 0x11, 0x80, 0x10, 0x82, 0x11, 0x80,
    0x10, 0x80, 0x0E, 0x80, 0x0D, 0x80, 0x0E, 0x80, 0x0D, 0x80, 0x10, 0x88, 0x11, 0x80, 0x10, 0x80,
    0x05, 0x80, 0x00, 0x22, 0x81, 0x00, 0x80, 0x01, 0x81, 0x04, 0x80, 0x03, 0x80, 0x01, 0x81, 0x00,
    0x07, 0x81, 0x00, 0x80, 0x08, 0x90, 0x11, 0x80, 0x10, 0x88, 0x11, 0x80, 0x0A, 0x81, 0x00, 0x20,
    0x81, 0x00, 0x80, 0x07, 0x80, 0x0A, 0x81, 0x0D, 0x81, 0x0C, 0x80, 0x07, 0x81, 0x00, 0x05, 0x81,
    0x00, 0x80, 0x08, 0x9C, 0x11, 0x80, 0x07, 0x81, 0x00, 0x1D, 0x81, 0x00, 0x80, 0x02, 0x80, 0x0A,
    0x86, 0x11, 0x80, 0x0B, 0x80, 0x02, 0x80, 0x00, 0x00, 0x83, 0x00, 0x80, 0x02, 0x80, 0x09, 0x9D,
    0x11, 0x80, 0x10, 0x80, 0x06, 0x82, 0x00, 0x1B, 0x80, 0x00, 0x80, 0x04, 0x80, 0x0D, 0x80, 0x11,
    0x80, 0x10, 0x85, 0x11, 0x80, 0x10, 0x80, 0x06, 0x82, 0x00, 0x80, 0x03, 0x80, 0x07, 0x80, 0x08,
    0x80, 0x0D, 0x9F, 0x11, 0x80, 0x0E, 0x80, 0x09, 0x80, 0x05, 0x82, 0x00, 0x18, 0x80, 0x00, 0x80,
    0x01, 0x80, 0x0B, 0x80, 0x11, 0x80, 0x10, 0x83, 0x11, 0x80, 0x10, 0x80, 0x09, 0x80, 0x06, 0x80,
    0x05, 0x80, 0x02, 0x80, 0x00, 0x80, 0x04, 0x80, 0x09, 0x80, 0x0C, 0xA4, 0x11, 0x80, 0x0F, 0x80,
    0x0A, 0x80, 0x06, 0x81, 0x00, 0x17, 0x80, 0x00, 0x80, 0x08, 0x80, 0x11, 0x80, 0x10, 0x81, 0x11,
    0x80, 0x10, 0x80, 0x11, 0x80, 0x0C, 0x80, 0x05, 0x83, 0x00, 0x80, 0x06, 0x80, 0x0E, 0x81, 0x11,
    0x81, 0x10, 0xA1, 0x11, 0x80, 0x10, 0x81, 0x11, 0x80, 0x10, 0x80, 0x07, 0x81, 0x00, 0x15, 0x81,
    0x00, 0x80, 0x0A, 0x84, 0x11, 0x80, 0x0C, 0x80, 0x04, 0x80, 0x00, 0x00, 0x80, 0x00, 0x80, 0x01,
    0x80, 0x09, 0xA9, 0x11, 0x80, 0x10, 0x80, 0x11, 0x80, 0x10, 0x80, 0x07, 0x80, 0x00, 0x15, 0x81,
    0x00, 0x80, 0x0C, 0x84, 0x11, 0x80, 0x07, 0x80, 0x00, 0x00, 0x81, 0x00, 0x80, 0x09, 0x9B, 0x11,
    0x80, 0x0C, 0x80, 0x09, 0x8F, 0x11, 0x80, 0x0D, 0x80, 0x04, 0x80, 0x00, 0x14, 0x81, 0x00, 0x80,
    0x0C, 0x83, 0x11, 0x80, 0x0F, 0x80, 0x05, 0x82, 0x00, 0x80, 0x09, 0x80, 0x11, 0x80, 0x10, 0x9A,
    0x11, 0x80, 0x09, 0x80, 0x00, 0x80, 0x0D, 0x8F, 0x11, 0x80, 0x07, 0x80, 0x00, 0x15, 0x80, 0x00,
    0x80, 0x09, 0x83, 0x11, 0x80, 0x0F, 0x80, 0x04, 0x81, 0x00, 0x80, 0x05, 0x80, 0x0E, 0x9C, 0x11,
    0x80, 0x0C, 0x80, 0x00, 0x80, 0x09, 0x8F, 0x11, 0x80, 0x09, 0x80, 0x00, 0x15, 0x80, 0x00, 0x80,
    0x05, 0x80, 0x10, 0x82, 0x11, 0x80, 0x10, 0x80, 0x05, 0x81, 0x00, 0x80, 0x0A, 0x95, 0x11, 0x80,
    0x10, 0x80, 0x0E, 0x85, 0x11, 0x80, 0x0B, 0x80, 0x00, 0x80, 0x07, 0x80, 0x11, 0x80, 0x10, 0x86,
    0x11, 0x80, 0x0E, 0x80, 0x0C, 0x84, 0x11, 0x80, 0x09, 0x80, 0x00, 0x15, 0x81, 0x00, 0x80, 0x0B,
    0x80, 0x11, 0x80, 0x10, 0x81, 0x11, 0x80, 0x0A, 0x80, 0x01, 0x80, 0x04, 0x80, 0x0D, 0x95, 0x11,
    0x80, 0x0A, 0x80, 0x01, 0x80, 0x0C, 0x84, 0x11, 0x80, 0x0B, 0x80, 0x00, 0x80, 0x07, 0x80, 0x11,
    0x80, 0x10, 0x86, 0x11, 0x80, 0x06, 0x80, 0x07, 0x80, 0x11, 0x80, 0x10, 0x82, 0x11, 0x80, 0x07,
    0x80, 0x00, 0x16, 0x80, 0x00, 0x80, 0x04, 0x80, 0x0C, 0x80, 0x11, 0x81, 0x10, 0x80, 0x0E, 0x80,
    0x02, 0x80, 0x06, 0x96, 0x11, 0x80, 0x10, 0x80, 0x05, 0x80, 0x04, 0x80, 0x10, 0x81, 0x11, 0x80,
    0x10, 0x80, 0x11, 0x80, 0x0B, 0x80, 0x00, 0x80, 0x0A, 0x87, 0x11, 0x80, 0x10, 0x80, 0x04, 0x80,
    0x07, 0x80, 0x11, 0x80, 0x10, 0x81, 0x11, 0x80, 0x0F, 0x80, 0x05, 0x80, 0x00, 0x17, 0x80, 0x00,
    0x80, 0x05, 0x80, 0x0C, 0x81, 0x11, 0x80, 0x0D, 0x80, 0x00, 0x80, 0x09, 0x97, 0x11, 0x80, 0x0A,
    0x80, 0x00, 0x80, 0x0B, 0x83, 0x11, 0x80, 0x09, 0x80, 0x00, 0x80, 0x0C, 0x87, 0x11, 0x80, 0x0C,
    0x80, 0x00, 0x80, 0x09, 0x80, 0x11, 0x81, 0x10, 0x80, 0x11, 0x80, 0x0B, 0x81, 0x00, 0x17, 0x81,
    0x00, 0x80, 0x02, 0x80, 0x08, 0x80, 0x0B, 0x80, 0x0A, 0x80, 0x00, 0x80, 0x0A, 0x97, 0x11, 0x80,
    0x0F, 0x80, 0x02, 0x80, 0x07, 0x83, 0x11, 0x80, 0x07, 0x80, 0x02, 0x80, 0x0D, 0x83, 0x11, 0x82,
    0x10, 0x80, 0x11, 0x80, 0x08, 0x80, 0x00, 0x80, 0x0C, 0x81, 0x11, 0x80, 0x10, 0x80, 0x11, 0x80,
    0x07, 0x80, 0x00, 0x1A, 0x82, 0x00, 0x80, 0x02, 0x80, 0x00, 0x80, 0x08, 0x98, 0x11, 0x80, 0x06,
    0x80, 0x04, 0x80, 0x0F, 0x81, 0x11, 0x80, 0x10, 0x80, 0x04, 0x80, 0x05, 0x80, 0x11, 0x80, 0x10,
    0x84, 0x11, 0x80, 0x0E, 0x80, 0x09, 0x80, 0x03, 0x80, 0x04, 0x80, 0x0D, 0x82, 0x11, 0x80, 0x0B,
    0x80, 0x01, 0x80, 0x00, 0x1C, 0x82, 0x00, 0x80, 0x06, 0x80, 0x11, 0x80, 0x10, 0x96, 0x11, 0x80,
    0x08, 0x80, 0x01, 0x80, 0x0C, 0x81, 0x11, 0x80, 0x0B, 0x80, 0x00, 0x80, 0x09, 0x83, 0x11, 0x80,
    0x0C, 0x81, 0x09, 0x80, 0x05, 0x81, 0x00, 0x80, 0x06, 0x80, 0x11, 0x80, 0x10, 0x80, 0x11, 0x80,
    0x10, 0x80, 0x05, 0x80, 0x00, 0x1F, 0x80, 0x00, 0x80, 0x04, 0x80, 0x0D, 0x97, 0x11, 0x80, 0x0B,
    0x80, 0x00, 0x80, 0x08, 0x80, 0x11, 0x80, 0x0F, 0x80, 0x06, 0x80, 0x02, 0x80, 0x0D, 0x81, 0x10,
    0x80, 0x0F, 0x80, 0x08, 0x80, 0x02, 0x84, 0x00, 0x80, 0x06, 0x80, 0x11, 0x80, 0x10, 0x80, 0x11,
    0x80, 0x07, 0x81, 0x00, 0x1F, 0x81, 0x00, 0x80, 0x0A, 0x94, 0x11, 0x82, 0x10, 0x80, 0x11, 0x80,
    0x07, 0x80, 0x00, 0x80, 0x08, 0x80, 0x07, 0x80, 0x00, 0x80, 0x06, 0x80, 0x08, 0x81, 0x05, 0x80,
    0x04, 0x82, 0x00, 0x02, 0x80, 0x00, 0x80, 0x04, 0x81, 0x0C, 0x80, 0x06, 0x81, 0x00, 0x21, 0x80,
    0x00, 0x80, 0x05, 0x80, 0x0F, 0x96, 0x11, 0x80, 0x0E, 0x80, 0x0A, 0x80, 0x03, 0x82, 0x00, 0x80,
    0x01, 0x84, 0x00, 0x04, 0x81, 0x00, 0x80, 0x04, 0x80, 0x03, 0x81, 0x00, 0x23, 0x80, 0x00, 0x80,
    0x06, 0x80, 0x0F, 0x80, 0x11, 0x80, 0x10, 0x8F, 0x11, 0x80, 0x0D, 0x80, 0x09, 0x80, 0x07, 0x80,
    0x04, 0x80, 0x02, 0x80, 0x00, 0x80, 0x01, 0x81, 0x04, 0x82, 0x00, 0x09, 0x83, 0x00, 0x25, 0x80,
    0x00, 0x80, 0x04, 0x80, 0x0A, 0x8E, 0x11, 0x80, 0x0A, 0x80, 0x06, 0x80, 0x01, 0x80, 0x00, 0x80,
    0x04, 0x80, 0x06, 0x80, 0x08, 0x80, 0x0B, 0x80, 0x0E, 0x80, 0x09, 0x80, 0x04, 0x81, 0x00, 0x34,
    0x82, 0x00, 0x80, 0x06, 0x80, 0x0A, 0x87, 0x11, 0x81, 0x10, 0x81, 0x11, 0x80, 0x10, 0x80, 0x04,
    0x80, 0x03, 0x80, 0x09, 0x80, 0x0B, 0x80, 0x10, 0x81, 0x11, 0x80, 0x0E, 0x80, 0x09, 0x80, 0x02,
    0x80, 0x00, 0x38, 0x81, 0x00, 0x80, 0x06, 0x8C, 0x11, 0x80, 0x0C, 0x80, 0x0F, 0x82, 0x11, 0x80,
    0x0B, 0x80, 0x08, 0x80, 0x03, 0x81, 0x00, 0x39, 0x80, 0x00, 0x80, 0x07, 0x80, 0x10, 0x85, 0x11,
    0x80, 0x0C, 0x82, 0x09, 0x80, 0x0F, 0x84, 0x11, 0x80, 0x0A, 0x80, 0x05, 0x80, 0x01, 0x82, 0x00,
    0x2E, 0x81, 0x00, 0x08, 0x80, 0x00, 0x80, 0x04, 0x80, 0x0C, 0x84, 0x11, 0x80, 0x0F, 0x80, 0x08,
    0x80, 0x02, 0x80, 0x00, 0x80, 0x01, 0x80, 0x00, 0x80, 0x09, 0x80, 0x11, 0x80, 0x10, 0x80, 0x11,
    0x80, 0x10, 0x80, 0x11, 0x80, 0x07, 0x81, 0x00, 0x31, 0x81, 0x00, 0x01, 0x80, 0x00, 0x04, 0x81,
    0x00, 0x80, 0x0A, 0x80, 0x11, 0x80, 0x10, 0x82, 0x11, 0x80, 0x0C, 0x80, 0x07, 0x83, 0x00, 0x80,
    0x06, 0x80, 0x0F, 0x82, 0x10, 0x80, 0x11, 0x80, 0x0D, 0x80, 0x04, 0x80, 0x00, 0x32, 0x81, 0x00,
    0x00, 0x81, 0x00, 0x04, 0x80, 0x00, 0x80, 0x04, 0x80, 0x0F, 0x80, 0x10, 0x81, 0x11, 0x80, 0x0D,
    0x80, 0x07, 0x80, 0x02, 0x81, 0x00, 0x00, 0x80, 0x00, 0x80, 0x01, 0x80, 0x0B, 0x80, 0x11, 0x81,
    0x10, 0x80, 0x11, 0x80, 0x0A, 0x80, 0x04, 0x80, 0x00, 0x32, 0x81, 0x00, 0x01, 0x81, 0x00, 0x04,
    0x80, 0x00, 0x80, 0x02, 0x80, 0x0B, 0x80, 0x10, 0x80, 0x0B, 0x80, 0x09, 0x80, 0x04, 0x81, 0x00,
    0x02, 0x80, 0x00, 0x80, 0x07, 0x80, 0x11, 0x80, 0x10, 0x81, 0x11, 0x80, 0x09, 0x80, 0x02, 0x80,
    0x00, 0x33, 0x81, 0x00, 0x01, 0x81, 0x00, 0x05, 0x80, 0x00, 0x80, 0x02, 0x80, 0x05, 0x80, 0x01,
    0x81, 0x00, 0x03, 0x81, 0x00, 0x80, 0x09, 0x81, 0x11, 0x80, 0x0D, 0x80, 0x07, 0x81, 0x00, 0x10,
    0x81, 0x00, 0x20, 0x81, 0x00, 0x01, 0x81, 0x00, 0x07, 0x82, 0x00, 0x05, 0x81, 0x00, 0x80, 0x07,
    0x80, 0x0C, 0x80, 0x08, 0x80, 0x02, 0x81, 0x00, 0x11, 0x81, 0x00, 0x20, 0x81, 0x00, 0x01, 0x81,
    0x00, 0x11, 0x85, 0x00, 0x11, 0x81, 0x00, 0x24, 0x81, 0x00, 0x13, 0x82, 0x00, 0x12, 0x81, 0x00,
    0x02, 0x81, 0x00, 0x20, 0x80, 0x00, 0x28, 0x82, 0x00, 0x03, 0x81, 0x00, 0x49, 0x82, 0x00, 0x03,
    0x81, 0x00, 0x50, 0x82, 0x00, 0x4F, 0x82, 0x00, 0x4E, 0x83, 0x00, 0x4F, 0x81, 0x00, 0x1F,
];

#[rustfmt::skip]
const POSE_TAIL_WAG_LEFT: &[u8] = &[
    0x4D, 0x89, 0x00, 0x4F, 0x83, 0x00, 0x80, 0x04, 0x80, 0x06, 0x83, 0x08, 0x80, 0x05, 0x82, 0x00,
    0x4C, 0x81, 0x00, 0x80, 0x04, 0x80, 0x08, 0x80, 0x0A, 0x80, 0x0D, 0x80, 0x10, 0x83, 0x11, 0x80,
    0x0F, 0x80, 0x0A, 0x80, 0x05, 0x81, 0x00, 0x4A, 0x80, 0x00, 0x80, 0x02, 0x80, 0x09, 0x80, 0x0D,
    0x82, 0x11, 0x80, 0x10, 0x85, 0x11, 0x80, 0x0C, 0x80, 0x05, 0x80, 0x00, 0x49, 0x80, 0x00, 0x80,
    0x05, 0x80, 0x0B, 0x8A, 0x11, 0x80, 0x10, 0x80, 0x11, 0x80, 0x0A, 0x81, 0x00, 0x47, 0x80, 0x00,
    0x80, 0x05, 0x80, 0x0E, 0x8D, 0x11, 0x80, 0x0B, 0x80, 0x01, 0x80, 0x00, 0x46, 0x80, 0x00, 0x80,
    0x03, 0x80, 0x0C, 0x80, 0x11, 0x80, 0x10, 0x85, 0x11, 0x82, 0x10, 0x81, 0x11, 0x80, 0x10, 0x80,
    0x11, 0x80, 0x0A, 0x81, 0x00, 0x45, 0x81, 0x00, 0x80, 0x0A, 0x80, 0x11, 0x80, 0x10, 0x8C, 0x11,
    0x80, 0x0B, 0x80, 0x04, 0x80, 0x00, 0x45, 0x81, 0x00, 0x80, 0x07, 0x80, 0x11, 0x81, 0x10, 0x82,
    0x11, 0x81, 0x0B, 0x80, 0x08, 0x82, 0x07, 0x81, 0x08, 0x81, 0x07, 0x80, 0x02, 0x81, 0x00, 0x45,
    0x80, 0x00, 0x80, 0x04, 0x80, 0x0D, 0x82, 0x11, 0x80, 0x0A, 0x80, 0x08, 0x80, 0x05, 0x80, 0x02,
    0x8A, 0x00, 0x45, 0x81, 0x00, 0x80, 0x0A, 0x81, 0x11, 0x80, 0x0E, 0x80, 0x07, 0x80, 0x01, 0x83,
    0x00, 0x02, 0x83, 0x00, 0x48, 0x80, 0x00, 0x80, 0x06, 0x80, 0x10, 0x80, 0x11, 0x80, 0x0B, 0x80,
    0x05, 0x81, 0x00, 0x48, 0x84, 0x00, 0x00, 0x80, 0x00, 0x02, 0x81, 0x00, 0x80, 0x0A, 0x80, 0x11,
    0x80, 0x09, 0x80, 0x01, 0x81, 0x00, 0x45, 0x85, 0x00, 0x81, 0x01, 0x86, 0x00, 0x80, 0x05, 0x80,
    0x0F, 0x80, 0x0A, 0x80, 0x01, 0x80, 0x00, 0x42, 0x85, 0x00, 0x81, 0x04, 0x80, 0x05, 0x80, 0x07,
    0x81, 0x0A, 0x80, 0x0B, 0x80, 0x09, 0x82, 0x07, 0x80, 0x05, 0x80, 0x02, 0x80, 0x00, 0x80, 0x01,
    0x80, 0x05, 0x80, 0x04, 0x80, 0x00, 0x41, 0x84, 0x00, 0x80, 0x01, 0x80, 0x06, 0x80, 0x0A, 0x81,
    0x0D, 0x80, 0x0F, 0x85, 0x11, 0x80, 0x0F, 0x80, 0x0A, 0x80, 0x09, 0x80, 0x07, 0x80, 0x03, 0x80,
    0x02, 0x80, 0x04, 0x80, 0x02, 0x82, 0x00, 0x3D, 0x81, 0x00, 0x80, 0x01, 0x80, 0x06, 0x80, 0x09,
    0x82, 0x0A, 0x86, 0x11, 0x80, 0x10, 0x80, 0x11, 0x80, 0x0E, 0x80, 0x08, 0x80, 0x02, 0x84, 0x00,
    0x80, 0x05, 0x81, 0x08, 0x80, 0x06, 0x80, 0x02, 0x81, 0x00, 0x38, 0x83, 0x00, 0x80, 0x06, 0x80,
    0x0B, 0x8C, 0x11, 0x80, 0x0B, 0x80, 0x05, 0x80, 0x00, 0x80, 0x05, 0x80, 0x08, 0x80, 0x0A, 0x80,
    0x0C, 0x80, 0x09, 0x80, 0x08, 0x80, 0x03, 0x80, 0x00, 0x80, 0x07, 0x80, 0x0E, 0x80, 0x0C, 0x80,
    0x08, 0x80, 0x02, 0x81, 0x00, 0x33, 0x83, 0x00, 0x80, 0x01, 0x80, 0x05, 0x80, 0x09, 0x80, 0x10,
    0x8C, 0x11, 0x80, 0x0C, 0x80, 0x03, 0x80, 0x00, 0x80, 0x0A, 0x80, 0x10, 0x84, 0x11, 0x80, 0x0E,
    0x80, 0x08, 0x80, 0x00, 0x80, 0x04, 0x80, 0x0E, 0x80, 0x11, 0x80, 0x0B, 0x80, 0x07, 0x81, 0x00,
    0x31, 0x81, 0x00, 0x80, 0x04, 0x80, 0x08, 0x80, 0x0A, 0x80, 0x0C, 0x80, 0x0F, 0x8E, 0x11, 0x80,
    0x06, 0x80, 0x00, 0x80, 0x0C, 0x88, 0x11, 0x80, 0x0B, 0x80, 0x02, 0x80, 0x04, 0x80, 0x0F, 0x81,
    0x11, 0x80, 0x0A, 0x81, 0x00, 0x2E, 0x82, 0x00, 0x80, 0x08, 0x80, 0x0D, 0x91, 0x11, 0x80, 0x0A,
    0x80, 0x00, 0x80, 0x09, 0x80, 0x11, 0x80, 0x10, 0x86, 0x11, 0x80, 0x10, 0x80, 0x11, 0x80, 0x0D,
    0x80, 0x00, 0x80, 0x06, 0x80, 0x11, 0x80, 0x10, 0x80, 0x11, 0x80, 0x07, 0x81, 0x00, 0x2C, 0x81,
    0x00, 0x80, 0x03, 0x80, 0x0A, 0x81, 0x11, 0x80, 0x10, 0x8E, 0x11, 0x80, 0x10, 0x80, 0x11, 0x80,
    0x06, 0x80, 0x02, 0x80, 0x10, 0x89, 0x11, 0x80, 0x10, 0x80, 0x11, 0x80, 0x09, 0x80, 0x00, 0x80,
    0x0A, 0x80, 0x11, 0x80, 0x10, 0x80, 0x11, 0x80, 0x07, 0x81, 0x00, 0x29, 0x82, 0x00, 0x80, 0x07,
    0x80, 0x0C, 0x93, 0x11, 0x80, 0x0E, 0x80, 0x01, 0x80, 0x07, 0x8B, 0x11, 0x80, 0x10, 0x80, 0x11,
    0x80, 0x07, 0x80, 0x09, 0x83, 0x11, 0x80, 0x06, 0x80, 0x00, 0x28, 0x81, 0x00, 0x80, 0x03, 0x80,
    0x0A, 0x95, 0x11, 0x80, 0x0B, 0x80, 0x00, 0x80, 0x0A, 0x93, 0x11, 0x80, 0x0C, 0x80, 0x04, 0x80,
    0x00, 0x27, 0x80, 0x00, 0x80, 0x02, 0x80, 0x0B, 0x96, 0x11, 0x80, 0x08, 0x80, 0x00, 0x80, 0x0B,
    0x80, 0x11, 0x80, 0x10, 0x92, 0x11, 0x80, 0x09, 0x81, 0x00, 0x25, 0x81, 0x00, 0x80, 0x0A, 0x80,
    0x11, 0x80, 0x10, 0x93, 0x11, 0x80, 0x10, 0x80, 0x11, 0x80, 0x08, 0x80, 0x00, 0x80, 0x0B, 0x94,
    0x11, 0x80, 0x0C, 0x80, 0x03, 0x80, 0x00, 0x23, 0x81, 0x00, 0x80, 0x01, 0x80, 0x09, 0x80, 0x11,
    0x80, 0x10, 0x94, 0x11, 0x80, 0x10, 0x80, 0x11, 0x80, 0x09, 0x80, 0x01, 0x80, 0x0D, 0x93, 0x11,
    0x80, 0x10, 0x80, 0x11, 0x80, 0x07, 0x80, 0x00, 0x22, 0x81, 0x00, 0x80, 0x05, 0x80, 0x0B, 0x82,
    0x11, 0x80, 0x10, 0x95, 0x11, 0x80, 0x10, 0x80, 0x0B, 0x87, 0x11, 0x80, 0x10, 0x80, 0x09, 0x80,
    0x05, 0x80, 0x09, 0x80, 0x10, 0x89, 0x11, 0x80, 0x0A, 0x81, 0x00, 0x20, 0x81, 0x00, 0x80, 0x07,
    0x80, 0x0F, 0xA4, 0x11, 0x80, 0x0B, 0x82, 0x00, 0x80, 0x09, 0x89, 0x11, 0x80, 0x0E, 0x80, 0x05,
    0x80, 0x00, 0x20, 0x80, 0x00, 0x80, 0x06, 0x80, 0x0C, 0x80, 0x08, 0x82, 0x05, 0x80, 0x06, 0x80,
    0x09, 0x80, 0x0D, 0x9E, 0x11, 0x80, 0x08, 0x80, 0x00, 0x80, 0x02, 0x80, 0x00, 0x80, 0x05, 0x80,
    0x10, 0x89, 0x11, 0x80, 0x06, 0x80, 0x00, 0x1F, 0x80, 0x00, 0x80, 0x02, 0x80, 0x06, 0x80, 0x02,
    0x80, 0x00, 0x80, 0x03, 0x80, 0x05, 0x80, 0x06, 0x80, 0x03, 0x80, 0x00, 0x80, 0x02, 0x80, 0x09,
    0x80, 0x10, 0x9C, 0x11, 0x80, 0x0A, 0x82, 0x00, 0x80, 0x08, 0x8A, 0x11, 0x80, 0x06, 0x80, 0x00,
    0x1E, 0x81, 0x00, 0x80, 0x01, 0x80, 0x00, 0x80, 0x05, 0x80, 0x0A, 0x80, 0x0F, 0x80, 0x10, 0x80,
    0x11, 0x80, 0x0F, 0x80, 0x0B, 0x80, 0x06, 0x80, 0x00, 0x80, 0x07, 0x9D, 0x11, 0x80, 0x08, 0x80,
    0x04, 0x80, 0x07, 0x80, 0x0F, 0x8A, 0x11, 0x80, 0x06, 0x80, 0x00, 0x1E, 0x82, 0x00, 0x80, 0x07,
    0x86, 0x11, 0x80, 0x10, 0x80, 0x09, 0x80, 0x00, 0x80, 0x08, 0x9D, 0x11, 0x80, 0x10, 0x8C, 0x11,
    0x80, 0x06, 0x80, 0x00, 0x1D, 0x82, 0x00, 0x80, 0x06, 0x87, 0x11, 0x80, 0x10, 0x80, 0x11, 0x80,
    0x0B, 0x80, 0x00, 0x80, 0x0B, 0xA9, 0x11, 0x80, 0x0C, 0x80, 0x03, 0x80, 0x00, 0x1D, 0x81, 0x00,
    0x80, 0x02, 0x80, 0x0C, 0x80, 0x11, 0x80, 0x10, 0x88, 0x11, 0x80, 0x0C, 0x80, 0x0F, 0xA9, 0x11,
    0x80, 0x0B, 0x81, 0x00, 0x1C, 0x82, 0x00, 0x80, 0x08, 0x80, 0x11, 0x80, 0x10, 0xB5, 0x11, 0x80,
    0x0B, 0x81, 0x00, 0x1C, 0x81, 0x00, 0x80, 0x01, 0x80, 0x0B, 0xB7, 0x11, 0x80, 0x08, 0x80, 0x00,
    0x13, 0x8B, 0x00, 0x80, 0x05, 0x80, 0x0F, 0xB6, 0x11, 0x80, 0x0F, 0x80, 0x05, 0x80, 0x00, 0x10,
    0x84, 0x00, 0x80, 0x02, 0x80, 0x05, 0x83, 0x07, 0x80, 0x06, 0x80, 0x04, 0x81, 0x00, 0x80, 0x08,
    0xB7, 0x11, 0x80, 0x09, 0x81, 0x00, 0x0F, 0x81, 0x00, 0x80, 0x01, 0x80, 0x05, 0x80, 0x08, 0x80,
    0x0A, 0x80, 0x0B, 0x80, 0x0E, 0x81, 0x11, 0x80, 0x10, 0x80, 0x11, 0x80, 0x0F, 0x80, 0x04, 0x80,
    0x02, 0x80, 0x00, 0x80, 0x08, 0xB6, 0x11, 0x80, 0x0D, 0x80, 0x04, 0x80, 0x00, 0x0F, 0x81, 0x00,
    0x80, 0x06, 0x80, 0x0B, 0x80, 0x0F, 0x83, 0x11, 0x81, 0x10, 0x80, 0x11, 0x80, 0x0E, 0x80, 0x08,
    0x80, 0x00, 0x80, 0x05, 0x80, 0x01, 0x80, 0x09, 0xB4, 0x11, 0x81, 0x10, 0x80, 0x07, 0x81, 0x00,
    0x0E, 0x81, 0x00, 0x80, 0x08, 0x85, 0x11, 0x80, 0x10, 0x80, 0x11, 0x80, 0x0F, 0x80, 0x09, 0x80,
    0x05, 0x80, 0x00, 0x80, 0x02, 0x80, 0x0A, 0x80, 0x00, 0x80, 0x08, 0xB3, 0x11, 0x80, 0x10, 0x80,
    0x11, 0x80, 0x09, 0x81, 0x00, 0x0E, 0x81, 0x00, 0x80, 0x09, 0x80, 0x11, 0x80, 0x10, 0x85, 0x11,
    0x80, 0x0A, 0x80, 0x05, 0x82, 0x00, 0x80, 0x04, 0x80, 0x0A, 0x80, 0x00, 0x80, 0x07, 0xA0, 0x11,
    0x80, 0x10, 0x81, 0x11, 0x80, 0x0B, 0x80, 0x0A, 0x80, 0x0C, 0x8D, 0x11, 0x80, 0x08, 0x80, 0x01,
    0x80, 0x00, 0x0E, 0x81, 0x00, 0x80, 0x08, 0x80, 0x11, 0x80, 0x10, 0x84, 0x11, 0x80, 0x10, 0x80,
    0x08, 0x82, 0x00, 0x00, 0x80, 0x00, 0x80, 0x06, 0x80, 0x0D, 0x80, 0x02, 0x80, 0x08, 0x86, 0x11,
    0x80, 0x0D, 0x80, 0x0B, 0x80, 0x0E, 0x97, 0x11, 0x80, 0x0B, 0x80, 0x06, 0x81, 0x00, 0x80, 0x02,
    0x80, 0x0B, 0x8A, 0x11, 0x80, 0x10, 0x80, 0x07, 0x81, 0x00, 0x0E, 0x81, 0x00, 0x80, 0x06, 0x80,
    0x11, 0x80, 0x10, 0x84, 0x11, 0x80, 0x0D, 0x80, 0x07, 0x81, 0x00, 0x01, 0x81, 0x00, 0x80, 0x06,
    0x80, 0x11, 0x81, 0x05, 0x85, 0x11, 0x80, 0x0D, 0x80, 0x04, 0x80, 0x00, 0x80, 0x03, 0x80, 0x0C,
    0x94, 0x11, 0x80, 0x10, 0x80, 0x08, 0x82, 0x00, 0x80, 0x01, 0x80, 0x00, 0x80, 0x07, 0x88, 0x11,
    0x80, 0x10, 0x80, 0x11, 0x80, 0x08, 0x81, 0x00, 0x0F, 0x80, 0x00, 0x80, 0x01, 0x80, 0x0B, 0x83,
    0x11, 0x80, 0x10, 0x80, 0x11, 0x80, 0x0B, 0x80, 0x04, 0x81, 0x00, 0x03, 0x80, 0x00, 0x80, 0x08,
    0x80, 0x11, 0x81, 0x0A, 0x85, 0x11, 0x80, 0x08, 0x80, 0x00, 0x80, 0x01, 0x80, 0x00, 0x80, 0x07,
    0x92, 0x11, 0x80, 0x10, 0x80, 0x0A, 0x80, 0x06, 0x81, 0x00, 0x80, 0x01, 0x82, 0x00, 0x80, 0x09,
    0x89, 0x11, 0x80, 0x0A, 0x81, 0x00, 0x10, 0x80, 0x00, 0x80, 0x06, 0x84, 0x11, 0x81, 0x10, 0x80,
    0x05, 0x81, 0x00, 0x03, 0x81, 0x00, 0x80, 0x08, 0x88, 0x11, 0x80, 0x08, 0x80, 0x00, 0x80, 0x01,
    0x80, 0x00, 0x80, 0x06, 0x8F, 0x11, 0x80, 0x0D, 0x80, 0x0A, 0x80, 0x07, 0x80, 0x05, 0x85, 0x00,
    0x80, 0x03, 0x80, 0x09, 0x87, 0x11, 0x80, 0x0F, 0x80, 0x0A, 0x80, 0x07, 0x81, 0x00, 0x10, 0x81,
    0x00, 0x80, 0x08, 0x83, 0x11, 0x80, 0x10, 0x80, 0x11, 0x80, 0x07, 0x81, 0x00, 0x05, 0x80, 0x00,
    0x80, 0x06, 0x80, 0x11, 0x80, 0x10, 0x86, 0x11, 0x80, 0x0C, 0x80, 0x04, 0x81, 0x00, 0x80, 0x0A,
    0x8E, 0x11, 0x80, 0x0A, 0x80, 0x03, 0x86, 0x00, 0x80, 0x05, 0x80, 0x09, 0x80, 0x0D, 0x87, 0x11,
    0x80, 0x0F, 0x80, 0x06, 0x82, 0x00, 0x11, 0x81, 0x00, 0x80, 0x0B, 0x84, 0x11, 0x80, 0x0A, 0x81,
    0x00, 0x06, 0x80, 0x00, 0x80, 0x04, 0x80, 0x0D, 0x88, 0x11, 0x80, 0x0D, 0x80, 0x08, 0x80, 0x0A,
    0x8E, 0x11, 0x80, 0x0A, 0x87, 0x00, 0x80, 0x05, 0x80, 0x0F, 0x84, 0x11, 0x81, 0x10, 0x81, 0x11,
    0x80, 0x0D, 0x80, 0x05, 0x81, 0x00, 0x13, 0x81, 0x00, 0x80, 0x08, 0x80, 0x11, 0x80, 0x10, 0x81,
    0x11, 0x80, 0x0E, 0x80, 0x04, 0x80, 0x00, 0x07, 0x80, 0x00, 0x80, 0x01, 0x80, 0x0B, 0x9A, 0x11,
    0x80, 0x06, 0x80, 0x00, 0x80, 0x01, 0x82, 0x00, 0x80, 0x05, 0x80, 0x03, 0x80, 0x04, 0x80, 0x0A,
    0x80, 0x11, 0x80, 0x10, 0x85, 0x11, 0x80, 0x0E, 0x80, 0x0D, 0x80, 0x05, 0x81, 0x00, 0x14, 0x81,
    0x00, 0x80, 0x06, 0x80, 0x10, 0x81, 0x11, 0x80, 0x0D, 0x80, 0x05, 0x80, 0x00, 0x08, 0x81, 0x00,
    0x80, 0x09, 0x9A, 0x11, 0x80, 0x06, 0x82, 0x00, 0x80, 0x04, 0x80, 0x09, 0x80, 0x0F, 0x80, 0x0C,
    0x80, 0x0E, 0x86, 0x11, 0x80, 0x0A, 0x80, 0x07, 0x80, 0x05, 0x80, 0x01, 0x81, 0x00, 0x16, 0x81,
    0x00, 0x80, 0x07, 0x80, 0x0A, 0x80, 0x08, 0x80, 0x03, 0x81, 0x00, 0x09, 0x80, 0x00, 0x80, 0x05,
    0x80, 0x10, 0x99, 0x11, 0x80, 0x0C, 0x80, 0x06, 0x80, 0x05, 0x80, 0x07, 0x80, 0x0D, 0x80, 0x11,
    0x80, 0x10, 0x81, 0x11, 0x80, 0x10, 0x83, 0x11, 0x80, 0x10, 0x80, 0x07, 0x83, 0x00, 0x19, 0x85,
    0x00, 0x0A, 0x80, 0x00, 0x80, 0x01, 0x80, 0x0B, 0xA0, 0x11, 0x82, 0x10, 0x80, 0x11, 0x81, 0x0D,
    0x80, 0x0B, 0x80, 0x06, 0x82, 0x00, 0x1D, 0x81, 0x00, 0x0C, 0x81, 0x00, 0x80, 0x09, 0x80, 0x11,
    0x80, 0x10, 0xA1, 0x11, 0x80, 0x08, 0x81, 0x01, 0x83, 0x00, 0x2E, 0x80, 0x00, 0x80, 0x04, 0x80,
    0x0E, 0x9F, 0x11, 0x80, 0x0D, 0x80, 0x0A, 0x80, 0x07, 0x80, 0x00, 0x80, 0x01, 0x80, 0x12, 0x80,
    0x14, 0x80, 0x12, 0x81, 0x00, 0x2E, 0x81, 0x00, 0x80, 0x06, 0x80, 0x0D, 0x80, 0x11, 0x80, 0x10,
    0x94, 0x11, 0x80, 0x10, 0x84, 0x11, 0x80, 0x0A, 0x80, 0x06, 0x80, 0x02, 0x81, 0x00, 0x80, 0x12,
    0x80, 0x16, 0x80, 0x17, 0x80, 0x14, 0x80, 0x00, 0x80, 0x01, 0x80, 0x00, 0x2F, 0x81, 0x00, 0x80,
    0x05, 0x80, 0x0E, 0x80, 0x11, 0x80, 0x10, 0x91, 0x11, 0x80, 0x10, 0x81, 0x11, 0x80, 0x0D, 0x80,
    0x09, 0x80, 0x0B, 0x80, 0x0A, 0x80, 0x06, 0x80, 0x00, 0x80, 0x01, 0x80, 0x12, 0x80, 0x14, 0x80,
    0x15, 0x81, 0x17, 0x80, 0x14, 0x80, 0x00, 0x80, 0x06, 0x80, 0x09, 0x81, 0x00, 0x2F, 0x81, 0x00,
    0x80, 0x05, 0x80, 0x0E, 0x93, 0x11, 0x80, 0x0E, 0x80, 0x08, 0x80, 0x01, 0x82, 0x00, 0x80, 0x01,
    0x80, 0x14, 0x80, 0x16, 0x82, 0x17, 0x80, 0x16, 0x80, 0x14, 0x80, 0x00, 0x80, 0x05, 0x80, 0x0E,
    0x80, 0x0C, 0x80, 0x03, 0x80, 0x00, 0x30, 0x81, 0x00, 0x80, 0x04, 0x80, 0x0A, 0x80, 0x0E, 0x83,
    0x11, 0x80, 0x10, 0x87, 0x11, 0x80, 0x0E, 0x80, 0x0C, 0x81, 0x0D, 0x80, 0x0A, 0x80, 0x04, 0x82,
    0x00, 0x80, 0x01, 0x80, 0x14, 0x80, 0x15, 0x81, 0x17, 0x80, 0x16, 0x80, 0x15, 0x80, 0x14, 0x80,
    0x12, 0x80, 0x00, 0x80, 0x07, 0x80, 0x0E, 0x81, 0x11, 0x80, 0x06, 0x80, 0x00, 0x31, 0x82, 0x00,
    0x80, 0x04, 0x80, 0x08, 0x80, 0x0B, 0x80, 0x0D, 0x82, 0x11, 0x80, 0x0C, 0x80, 0x0D, 0x81, 0x11,
    0x80, 0x10, 0x80, 0x0B, 0x80, 0x08, 0x80, 0x02, 0x80, 0x01, 0x80, 0x02, 0x80, 0x01, 0x80, 0x00,
    0x80, 0x01, 0x80, 0x09, 0x80, 0x0C, 0x80, 0x07, 0x80, 0x04, 0x81, 0x00, 0x81, 0x01, 0x81, 0x00,
    0x80, 0x01, 0x80, 0x06, 0x80, 0x0B, 0x81, 0x11, 0x80, 0x10, 0x80, 0x11, 0x80, 0x09, 0x81, 0x00,
    0x32, 0x83, 0x00, 0x80, 0x02, 0x80, 0x06, 0x80, 0x07, 0x80, 0x05, 0x81, 0x03, 0x80, 0x05, 0x80,
    0x06, 0x80, 0x05, 0x86, 0x00, 0x80, 0x08, 0x82, 0x11, 0x80, 0x0F, 0x81, 0x0A, 0x80, 0x06, 0x80,
    0x05, 0x80, 0x07, 0x80, 0x0A, 0x80, 0x0B, 0x85, 0x11, 0x80, 0x0A, 0x81, 0x00, 0x1A, 0x80, 0x00,
    0x19, 0x8A, 0x00, 0x03, 0x81, 0x00, 0x80, 0x0B, 0x90, 0x11, 0x80, 0x0C, 0x80, 0x01, 0x80, 0x00,
    0x19, 0x81, 0x00, 0x05, 0x81, 0x00, 0x20, 0x80, 0x00, 0x80, 0x06, 0x80, 0x10, 0x87, 0x11, 0x80,
    0x10, 0x87, 0x11, 0x80, 0x0D, 0x80, 0x04, 0x80, 0x00, 0x18, 0x82, 0x00, 0x03, 0x82, 0x00, 0x20,
    0x81, 0x00, 0x80, 0x09, 0x90, 0x11, 0x80, 0x10, 0x80, 0x11, 0x80, 0x07, 0x80, 0x00, 0x18, 0x81,
    0x00, 0x03, 0x82, 0x00, 0x21, 0x80, 0x00, 0x80, 0x03, 0x80, 0x0D, 0x90, 0x11, 0x80, 0x10, 0x80,
    0x11, 0x80, 0x09, 0x80, 0x00, 0x17, 0x81, 0x00, 0x04, 0x81, 0x00, 0x21, 0x81, 0x00, 0x80, 0x09,
    0x80, 0x11, 0x80, 0x10, 0x91, 0x11, 0x80, 0x0A, 0x81, 0x00, 0x16, 0x81, 0x00, 0x03, 0x81, 0x00,
    0x09, 0x83, 0x00, 0x14, 0x80, 0x00, 0x80, 0x03, 0x80, 0x0E, 0x93, 0x11, 0x80, 0x0A, 0x80, 0x01,
    0x80, 0x00, 0x16, 0x81, 0x00, 0x03, 0x81, 0x00, 0x08, 0x81, 0x00, 0x80, 0x01, 0x80, 0x04, 0x80,
    0x02, 0x80, 0x00, 0x12, 0x81, 0x00, 0x80, 0x0A, 0x94, 0x11, 0x80, 0x0F, 0x80, 0x05, 0x80, 0x00,
    0x15, 0x81, 0x00, 0x03, 0x81, 0x00, 0x07, 0x81, 0x00, 0x80, 0x01, 0x80, 0x08, 0x80, 0x0B, 0x80,
    0x0D, 0x80, 0x08, 0x80, 0x00, 0x11, 0x81, 0x00, 0x80, 0x05, 0x95, 0x11, 0x80, 0x10, 0x80, 0x06,
    0x80, 0x00, 0x15, 0x81, 0x00, 0x03, 0x81, 0x00, 0x06, 0x81, 0x00, 0x80, 0x06, 0x80, 0x0C, 0x81,
    0x11, 0x80, 0x0E, 0x80, 0x04, 0x80, 0x00, 0x10, 0x81, 0x00, 0x80, 0x02, 0x80, 0x0B, 0x96, 0x11,
    0x80, 0x09, 0x80, 0x00, 0x16, 0x80, 0x00, 0x03, 0x81, 0x00, 0x05, 0x81, 0x00, 0x80, 0x07, 0x81,
    0x11, 0x80, 0x10, 0x80, 0x11, 0x80, 0x09, 0x80, 0x00, 0x10, 0x81, 0x00, 0x80, 0x02, 0x80, 0x0A,
    0x97, 0x11, 0x80, 0x09, 0x81, 0x00, 0x15, 0x81, 0x00, 0x02, 0x81, 0x00, 0x05, 0x80, 0x00, 0x80,
    0x07, 0x80, 0x10, 0x82, 0x11, 0x80, 0x0F, 0x80, 0x05, 0x80, 0x00, 0x0F, 0x81, 0x00, 0x80, 0x04,
    0x80, 0x0B, 0x80, 0x11, 0x80, 0x10, 0x96, 0x11, 0x80, 0x0D, 0x80, 0x03, 0x80, 0x00, 0x21, 0x80,
    0x00, 0x80, 0x02, 0x80, 0x0B, 0x83, 0x11, 0x80, 0x0B, 0x80, 0x01, 0x80, 0x00, 0x0C, 0x82, 0x00,
    0x80, 0x04, 0x80, 0x09, 0x80, 0x10, 0x9A, 0x11, 0x80, 0x07, 0x80, 0x00, 0x21, 0x80, 0x00, 0x80,
    0x06, 0x84, 0x11, 0x80, 0x0B, 0x81, 0x00, 0x0A, 0x82, 0x00, 0x80, 0x04, 0x80, 0x0A, 0x80, 0x0E,
    0x9C, 0x11, 0x80, 0x0A, 0x81, 0x00, 0x1F, 0x81, 0x00, 0x80, 0x0A, 0x84, 0x11, 0x80, 0x0F, 0x80,
    0x05, 0x80, 0x00, 0x09, 0x81, 0x00, 0x80, 0x04, 0x80, 0x09, 0x80, 0x0D, 0x9E, 0x11, 0x80, 0x10,
    0x80, 0x07, 0x81, 0x00, 0x1E, 0x80, 0x00, 0x80, 0x08, 0x80, 0x11, 0x80, 0x10, 0x82, 0x11, 0x80,
    0x10, 0x80, 0x11, 0x80, 0x0A, 0x80, 0x00, 0x08, 0x81, 0x00, 0x80, 0x08, 0x80, 0x0E, 0xA1, 0x11,
    0x80, 0x0F, 0x80, 0x07, 0x82, 0x00, 0x1B, 0x80, 0x00, 0x80, 0x04, 0x80, 0x0D, 0x86, 0x11, 0x80,
    0x0C, 0x80, 0x01, 0x07, 0x81, 0x00, 0x80, 0x08, 0xA5, 0x11, 0x80, 0x0B, 0x80, 0x05, 0x81, 0x00,
    0x1A, 0x80, 0x00, 0x80, 0x06, 0x87, 0x11, 0x80, 0x0C, 0x80, 0x01, 0x06, 0x81, 0x00, 0x80, 0x08,
    0x80, 0x11, 0x80, 0x10, 0xA5, 0x11, 0x80, 0x0D, 0x80, 0x05, 0x81, 0x00, 0x19, 0x80, 0x00, 0x80,
    0x02, 0x80, 0x0C, 0x86, 0x11, 0x80, 0x0F, 0x80, 0x04, 0x80, 0x00, 0x04, 0x81, 0x00, 0x80, 0x08,
    0xA9, 0x11, 0x80, 0x0D, 0x80, 0x04, 0x80, 0x00, 0x19, 0x81, 0x00, 0x80, 0x08, 0x87, 0x11, 0x80,
    0x09, 0x80, 0x02, 0x81, 0x00, 0x01, 0x81, 0x00, 0x80, 0x07, 0x80, 0x11, 0x80, 0x10, 0xA7, 0x11,
    0x80, 0x10, 0x80, 0x11, 0x80, 0x09, 0x81, 0x00, 0x18, 0x81, 0x00, 0x80, 0x07, 0x80, 0x11, 0x80,
    0x10, 0x86, 0x11, 0x80, 0x0D, 0x80, 0x09, 0x80, 0x02, 0x82, 0x00, 0x80, 0x02, 0x80, 0x0C, 0xAB,
    0x11, 0x80, 0x0D, 0x80, 0x04, 0x80, 0x00, 0x19, 0x80, 0x00, 0x80, 0x08, 0x80, 0x11, 0x80, 0x10,
    0x85, 0x11, 0x80, 0x10, 0x81, 0x11, 0x80, 0x0B, 0x80, 0x06, 0x80, 0x02, 0x80, 0x00, 0x80, 0x07,
    0x8F, 0x11, 0x80, 0x10, 0x8D, 0x11, 0x80, 0x0D, 0x80, 0x10, 0x85, 0x11, 0x80, 0x0F, 0x85, 0x11,
    0x80, 0x07, 0x80, 0x00, 0x19, 0x80, 0x00, 0x80, 0x05, 0x80, 0x0F, 0x80, 0x10, 0x89, 0x11, 0x80,
    0x10, 0x80, 0x0A, 0x80, 0x00, 0x80, 0x0B, 0x97, 0x11, 0x80, 0x0A, 0x80, 0x08, 0x81, 0x11, 0x80,
    0x10, 0x80, 0x11, 0x80, 0x0C, 0x80, 0x03, 0x80, 0x0A, 0x84, 0x11, 0x80, 0x0F, 0x80, 0x05, 0x80,
    0x0B, 0x82, 0x11, 0x80, 0x10, 0x80, 0x11, 0x80, 0x07, 0x80, 0x00, 0x1A, 0x80, 0x00, 0x80, 0x09,
    0x80, 0x11, 0x81, 0x10, 0x86, 0x11, 0x80, 0x10, 0x80, 0x11, 0x80, 0x07, 0x80, 0x02, 0x80, 0x0E,
    0x8E, 0x11, 0x80, 0x0C, 0x80, 0x07, 0x80, 0x10, 0x85, 0x11, 0x80, 0x06, 0x80, 0x01, 0x80, 0x0D,
    0x80, 0x11, 0x80, 0x10, 0x80, 0x11, 0x80, 0x0B, 0x80, 0x00, 0x80, 0x07, 0x80, 0x11, 0x80, 0x10,
    0x82, 0x11, 0x80, 0x0C, 0x80, 0x00, 0x80, 0x0A, 0x80, 0x11, 0x80, 0x10, 0x80, 0x11, 0x80, 0x10,
    0x80, 0x11, 0x80, 0x07, 0x81, 0x00, 0x19, 0x80, 0x00, 0x80, 0x01, 0x80, 0x0A, 0x80, 0x10, 0x89,
    0x11, 0x80, 0x07, 0x80, 0x03, 0x80, 0x0D, 0x8E, 0x11, 0x80, 0x0A, 0x80, 0x00, 0x80, 0x0B, 0x85,
    0x11, 0x80, 0x06, 0x80, 0x04, 0x80, 0x0F, 0x80, 0x11, 0x80, 0x10, 0x80, 0x11, 0x80, 0x0B, 0x80,
    0x00, 0x80, 0x08, 0x84, 0x11, 0x80, 0x09, 0x80, 0x00, 0x80, 0x0A, 0x84, 0x11, 0x80, 0x07, 0x81,
    0x00, 0x1A, 0x81, 0x00, 0x80, 0x06, 0x81, 0x0A, 0x80, 0x0B, 0x84, 0x11, 0x80, 0x10, 0x80, 0x11,
    0x80, 0x07, 0x80, 0x02, 0x80, 0x0E, 0x8C, 0x11, 0x80, 0x10, 0x80, 0x11, 0x80, 0x0A, 0x80, 0x00,
    0x80, 0x0A, 0x84, 0x11, 0x80, 0x10, 0x80, 0x04, 0x80, 0x06, 0x80, 0x11, 0x80, 0x10, 0x81, 0x11,
    0x80, 0x0D, 0x80, 0x02, 0x80, 0x07, 0x84, 0x11, 0x80, 0x09, 0x80, 0x00, 0x80, 0x0B, 0x83, 0x11,
    0x80, 0x10, 0x80, 0x06, 0x80, 0x00, 0x1C, 0x84, 0x00, 0x80, 0x09, 0x80, 0x10, 0x84, 0x11, 0x80,
    0x08, 0x80, 0x00, 0x80, 0x0C, 0x8E, 0x11, 0x80, 0x0D, 0x80, 0x01, 0x80, 0x07, 0x84, 0x11, 0x80,
    0x0C, 0x80, 0x02, 0x80, 0x07, 0x80, 0x11, 0x80, 0x10, 0x82, 0x11, 0x80, 0x05, 0x80, 0x06, 0x80,
    0x11, 0x80, 0x10, 0x82, 0x11, 0x80, 0x07, 0x80, 0x01, 0x80, 0x0F, 0x83, 0x11, 0x80, 0x0C, 0x80,
    0x03, 0x80, 0x00, 0x20, 0x80, 0x00, 0x80, 0x01, 0x80, 0x07, 0x83, 0x09, 0x80, 0x07, 0x80, 0x05,
    0x80, 0x00, 0x80, 0x09, 0x80, 0x11, 0x80, 0x10, 0x8B, 0x11, 0x80, 0x10, 0x80, 0x11, 0x81, 0x05,
    0x84, 0x11, 0x80, 0x0D, 0x80, 0x00, 0x80, 0x08, 0x82, 0x11, 0x80, 0x10, 0x80, 0x11, 0x80, 0x05,
    0x80, 0x03, 0x80, 0x0F, 0x81, 0x11, 0x80, 0x10, 0x80, 0x11, 0x81, 0x04, 0x80, 0x10, 0x81, 0x11,
    0x80, 0x10, 0x80, 0x11, 0x80, 0x08, 0x81, 0x00, 0x21, 0x88, 0x00, 0x80, 0x05, 0x80, 0x0F, 0x80,
    0x10, 0x8D, 0x11, 0x80, 0x08, 0x80, 0x01, 0x80, 0x0E, 0x83, 0x11, 0x80, 0x0B, 0x80, 0x00, 0x80,
    0x0B, 0x84, 0x11, 0x80, 0x07, 0x80, 0x01, 0x80, 0x0F, 0x82, 0x11, 0x80, 0x0D, 0x80, 0x02, 0x80,
    0x07, 0x80, 0x11, 0x81, 0x10, 0x80, 0x11, 0x80, 0x0A, 0x80, 0x03, 0x80, 0x00, 0x2A, 0x81, 0x00,
    0x80, 0x08, 0x84, 0x11, 0x80, 0x10, 0x86, 0x11, 0x80, 0x10, 0x80, 0x11, 0x80, 0x09, 0x80, 0x00,
    0x80, 0x0A, 0x80, 0x11, 0x81, 0x10, 0x80, 0x11, 0x80, 0x08, 0x80, 0x00, 0x80, 0x0C, 0x82, 0x11,
    0x80, 0x10, 0x80, 0x11, 0x80, 0x0A, 0x80, 0x00, 0x80, 0x0C, 0x80, 0x11, 0x80, 0x10, 0x80, 0x11,
    0x80, 0x0A, 0x80, 0x00, 0x80, 0x09, 0x82, 0x11, 0x80, 0x0A, 0x80, 0x04, 0x81, 0x00, 0x2B, 0x81,
    0x00, 0x80, 0x08, 0x80, 0x0F, 0x8C, 0x11, 0x80, 0x10, 0x80, 0x04, 0x80, 0x06, 0x80, 0x11, 0x82,
    0x10, 0x80, 0x07, 0x80, 0x02, 0x80, 0x0C, 0x81, 0x11, 0x80, 0x10, 0x81, 0x11, 0x80, 0x0A, 0x80,
    0x00, 0x80, 0x0A, 0x80, 0x11, 0x80, 0x10, 0x80, 0x11, 0x80, 0x08, 0x80, 0x00, 0x80, 0x09, 0x80,
    0x0C, 0x80, 0x0A, 0x80, 0x07, 0x82, 0x00, 0x2D, 0x81, 0x00, 0x80, 0x05, 0x80, 0x07, 0x80, 0x0A,
    0x81, 0x09, 0x80, 0x0A, 0x80, 0x09, 0x81, 0x0A, 0x80, 0x0D, 0x80, 0x0C, 0x80, 0x09, 0x80, 0x0A,
    0x80, 0x09, 0x80, 0x08, 0x80, 0x05, 0x80, 0x00, 0x80, 0x0B, 0x80, 0x11, 0x80, 0x10, 0x80, 0x0F,
    0x80, 0x03, 0x80, 0x01, 0x80, 0x05, 0x84, 0x06, 0x80, 0x05, 0x80, 0x00, 0x80, 0x07, 0x80, 0x11,
    0x80, 0x0F, 0x80, 0x10, 0x80, 0x06, 0x80, 0x00, 0x80, 0x02, 0x80, 0x01, 0x82, 0x00, 0x31, 0x87,
    0x00, 0x80, 0x01, 0x81, 0x02, 0x85, 0x00, 0x80, 0x06, 0x80, 0x0F, 0x80, 0x11, 0x80, 0x09, 0x89,
    0x00, 0x80, 0x02, 0x80, 0x0A, 0x80, 0x10, 0x80, 0x0A, 0x84, 0x00, 0x35, 0x83, 0x00, 0x00, 0x85,
    0x00, 0x02, 0x81, 0x00, 0x80, 0x05, 0x80, 0x07, 0x80, 0x01, 0x80, 0x00, 0x08, 0x80, 0x00, 0x80,
    0x02, 0x80, 0x06, 0x81, 0x00, 0x48, 0x83, 0x00, 0x0A, 0x82, 0x00, 0x18,
];

#[rustfmt::skip]
const POSE_TAIL_WAG_RIGHT: &[u8] = &[
    0x4A, 0x86, 0x00, 0x4C, 0x82, 0x00, 0x80, 0x04, 0x80, 0x05, 0x81, 0x08, 0x80, 0x07, 0x80, 0x04,
    0x81, 0x00, 0x48, 0x81, 0x00, 0x80, 0x03, 0x80, 0x07, 0x80, 0x0B, 0x80, 0x0E, 0x80, 0x0F, 0x81,
    0x11, 0x80, 0x10, 0x80, 0x0E, 0x80, 0x09, 0x80, 0x01, 0x80, 0x00, 0x45, 0x81, 0x00, 0x80, 0x04,
    0x80, 0x08, 0x80, 0x0C, 0x82, 0x11, 0x81, 0x10, 0x83, 0x11, 0x80, 0x09, 0x81, 0x00, 0x43, 0x81,
    0x00, 0x80, 0x07, 0x80, 0x0D, 0x81, 0x11, 0x80, 0x10, 0x86, 0x11, 0x80, 0x10, 0x80, 0x0C, 0x80,
    0x03, 0x80, 0x00, 0x42, 0x81, 0x00, 0x80, 0x07, 0x8A, 0x11, 0x80, 0x10, 0x80, 0x11, 0x80, 0x0B,
    0x80, 0x01, 0x80, 0x00, 0x41, 0x81, 0x00, 0x80, 0x08, 0x80, 0x11, 0x80, 0x10, 0x83, 0x11, 0x81,
    0x10, 0x84, 0x11, 0x80, 0x0D, 0x80, 0x06, 0x80, 0x00, 0x42, 0x80, 0x00, 0x80, 0x07, 0x89, 0x11,
    0x81, 0x0E, 0x80, 0x0B, 0x80, 0x08, 0x80, 0x03, 0x80, 0x00, 0x42, 0x80, 0x00, 0x80, 0x03, 0x80,
    0x0D, 0x85, 0x11, 0x80, 0x0F, 0x80, 0x0B, 0x81, 0x07, 0x80, 0x04, 0x80, 0x03, 0x82, 0x00, 0x42,
    0x81, 0x00, 0x80, 0x08, 0x80, 0x11, 0x80, 0x10, 0x82, 0x11, 0x80, 0x0E, 0x80, 0x08, 0x80, 0x05,
    0x80, 0x01, 0x84, 0x00, 0x35, 0x86, 0x00, 0x00, 0x82, 0x00, 0x03, 0x80, 0x00, 0x80, 0x02, 0x80,
    0x0C, 0x81, 0x11, 0x80, 0x10, 0x80, 0x11, 0x80, 0x0F, 0x80, 0x06, 0x82, 0x00, 0x34, 0x86, 0x00,
    0x80, 0x01, 0x80, 0x02, 0x81, 0x04, 0x80, 0x02, 0x82, 0x00, 0x80, 0x02, 0x80, 0x01, 0x84, 0x00,
    0x80, 0x08, 0x81, 0x11, 0x80, 0x10, 0x80, 0x11, 0x80, 0x0B, 0x80, 0x04, 0x81, 0x00, 0x34, 0x82,
    0x00, 0x80, 0x01, 0x80, 0x04, 0x81, 0x05, 0x80, 0x07, 0x80, 0x08, 0x80, 0x0C, 0x80, 0x0B, 0x80,
    0x0C, 0x80, 0x0D, 0x80, 0x0B, 0x80, 0x0C, 0x80, 0x09, 0x80, 0x0B, 0x80, 0x0C, 0x80, 0x0B, 0x80,
    0x08, 0x80, 0x06, 0x80, 0x04, 0x81, 0x00, 0x80, 0x07, 0x80, 0x09, 0x80, 0x0D, 0x80, 0x11, 0x80,
    0x0A, 0x80, 0x01, 0x81, 0x00, 0x32, 0x83, 0x00, 0x80, 0x05, 0x80, 0x09, 0x80, 0x0B, 0x82, 0x0E,
    0x8C, 0x11, 0x80, 0x10, 0x80, 0x0F, 0x80, 0x0A, 0x80, 0x06, 0x80, 0x00, 0x81, 0x01, 0x80, 0x07,
    0x80, 0x04, 0x80, 0x00, 0x32, 0x81, 0x00, 0x80, 0x01, 0x80, 0x05, 0x80, 0x08, 0x80, 0x0A, 0x80,
    0x0F, 0x85, 0x11, 0x80, 0x10, 0x87, 0x11, 0x80, 0x10, 0x81, 0x11, 0x80, 0x09, 0x80, 0x06, 0x81,
    0x04, 0x80, 0x01, 0x81, 0x06, 0x80, 0x03, 0x81, 0x00, 0x30, 0x82, 0x00, 0x80, 0x06, 0x80, 0x0B,
    0x80, 0x0E, 0x90, 0x11, 0x80, 0x10, 0x80, 0x11, 0x80, 0x0B, 0x80, 0x04, 0x80, 0x00, 0x80, 0x06,
    0x81, 0x09, 0x80, 0x07, 0x80, 0x04, 0x80, 0x03, 0x80, 0x07, 0x80, 0x09, 0x80, 0x04, 0x81, 0x00,
    0x2D, 0x81, 0x00, 0x80, 0x05, 0x80, 0x0B, 0x80, 0x10, 0x93, 0x11, 0x80, 0x0B, 0x80, 0x01, 0x80,
    0x05, 0x80, 0x0B, 0x83, 0x11, 0x80, 0x0F, 0x80, 0x09, 0x80, 0x01, 0x80, 0x06, 0x80, 0x0C, 0x80,
    0x08, 0x80, 0x03, 0x80, 0x00, 0x2A, 0x81, 0x00, 0x80, 0x01, 0x80, 0x08, 0x80, 0x10, 0x80, 0x11,
    0x80, 0x10, 0x93, 0x11, 0x80, 0x05, 0x80, 0x06, 0x81, 0x11, 0x80, 0x10, 0x84, 0x11, 0x80, 0x0E,
    0x80, 0x03, 0x80, 0x04, 0x80, 0x11, 0x80, 0x0D, 0x80, 0x04, 0x80, 0x00, 0x28, 0x81, 0x00, 0x80,
    0x06, 0x80, 0x0B, 0x96, 0x11, 0x80, 0x09, 0x80, 0x01, 0x80, 0x0D, 0x80, 0x11, 0x80, 0x10, 0x84,
    0x11, 0x80, 0x10, 0x80, 0x11, 0x80, 0x0D, 0x80, 0x04, 0x80, 0x06, 0x80, 0x11, 0x80, 0x0A, 0x80,
    0x01, 0x80, 0x00, 0x26, 0x81, 0x00, 0x80, 0x08, 0x98, 0x11, 0x80, 0x05, 0x80, 0x08, 0x80, 0x11,
    0x80, 0x10, 0x86, 0x11, 0x80, 0x10, 0x80, 0x11, 0x80, 0x0D, 0x80, 0x02, 0x80, 0x0A, 0x80, 0x11,
    0x80, 0x0A, 0x81, 0x00, 0x24, 0x81, 0x00, 0x80, 0x06, 0x98, 0x11, 0x80, 0x0C, 0x80, 0x02, 0x80,
    0x0B, 0x8B, 0x11, 0x80, 0x0A, 0x80, 0x0C, 0x81, 0x11, 0x80, 0x07, 0x81, 0x00, 0x23, 0x80, 0x00,
    0x80, 0x06, 0x80, 0x0D, 0x96, 0x11, 0x80, 0x10, 0x80, 0x11, 0x80, 0x08, 0x80, 0x04, 0x80, 0x10,
    0x8F, 0x11, 0x80, 0x10, 0x80, 0x06, 0x80, 0x00, 0x22, 0x80, 0x00, 0x80, 0x05, 0x80, 0x0D, 0x97,
    0x11, 0x80, 0x10, 0x80, 0x11, 0x80, 0x09, 0x80, 0x05, 0x91, 0x11, 0x80, 0x0B, 0x80, 0x02, 0x80,
    0x00, 0x20, 0x81, 0x00, 0x80, 0x0A, 0x80, 0x11, 0x80, 0x10, 0x98, 0x11, 0x80, 0x08, 0x80, 0x04,
    0x92, 0x11, 0x80, 0x08, 0x80, 0x00, 0x20, 0x80, 0x00, 0x80, 0x07, 0x9B, 0x11, 0x80, 0x09, 0x80,
    0x06, 0x92, 0x11, 0x80, 0x0C, 0x80, 0x01, 0x80, 0x00, 0x1E, 0x80, 0x00, 0x80, 0x04, 0x80, 0x0D,
    0x9B, 0x11, 0x80, 0x10, 0x80, 0x0F, 0x88, 0x11, 0x80, 0x08, 0x80, 0x03, 0x80, 0x08, 0x80, 0x10,
    0x85, 0x11, 0x80, 0x10, 0x80, 0x05, 0x80, 0x00, 0x1E, 0x80, 0x00, 0x80, 0x07, 0xA6, 0x11, 0x80,
    0x0C, 0x80, 0x01, 0x81, 0x00, 0x80, 0x09, 0x84, 0x11, 0x80, 0x10, 0x80, 0x11, 0x80, 0x08, 0x80,
    0x00, 0x1A, 0x83, 0x00, 0x80, 0x02, 0x80, 0x0C, 0xA6, 0x11, 0x80, 0x0B, 0x80, 0x00, 0x80, 0x01,
    0x80, 0x00, 0x80, 0x08, 0x86, 0x11, 0x80, 0x0C, 0x80, 0x01, 0x80, 0x00, 0x14, 0x84, 0x00, 0x80,
    0x01, 0x80, 0x03, 0x80, 0x05, 0x80, 0x00, 0x80, 0x07, 0xA7, 0x11, 0x80, 0x10, 0x80, 0x05, 0x81,
    0x00, 0x80, 0x0A, 0x86, 0x11, 0x80, 0x0F, 0x80, 0x05, 0x80, 0x00, 0x12, 0x82, 0x00, 0x80, 0x02,
    0x80, 0x06, 0x80, 0x08, 0x80, 0x0B, 0x80, 0x0A, 0x80, 0x10, 0x80, 0x0A, 0x80, 0x00, 0x80, 0x0A,
    0xA8, 0x11, 0x80, 0x0E, 0x80, 0x08, 0x80, 0x0A, 0x80, 0x10, 0x87, 0x11, 0x80, 0x07, 0x80, 0x00,
    0x10, 0x82, 0x00, 0x80, 0x07, 0x80, 0x0A, 0x80, 0x0D, 0x80, 0x10, 0x83, 0x11, 0x80, 0x07, 0x80,
    0x00, 0x80, 0x0B, 0xB4, 0x11, 0x80, 0x07, 0x80, 0x00, 0x0F, 0x81, 0x00, 0x80, 0x06, 0x80, 0x0B,
    0x84, 0x11, 0x80, 0x10, 0x80, 0x11, 0x80, 0x0F, 0x80, 0x05, 0x80, 0x04, 0xB4, 0x11, 0x80, 0x0F,
    0x80, 0x06, 0x80, 0x00, 0x0E, 0x81, 0x00, 0x80, 0x09, 0x80, 0x0F, 0x80, 0x11, 0x82, 0x10, 0x82,
    0x11, 0x80, 0x0C, 0x80, 0x06, 0x80, 0x00, 0x80, 0x08, 0x80, 0x11, 0x80, 0x10, 0xB2, 0x11, 0x80,
    0x0F, 0x80, 0x03, 0x80, 0x00, 0x0D, 0x81, 0x00, 0x80, 0x0A, 0x82, 0x11, 0x82, 0x10, 0x80, 0x11,
    0x80, 0x0F, 0x80, 0x08, 0x80, 0x02, 0x81, 0x00, 0x80, 0x09, 0xB4, 0x11, 0x80, 0x0E, 0x80, 0x04,
    0x80, 0x00, 0x0C, 0x81, 0x00, 0x80, 0x08, 0x80, 0x11, 0x80, 0x10, 0x82, 0x11, 0x80, 0x10, 0x80,
    0x11, 0x80, 0x0E, 0x80, 0x06, 0x81, 0x00, 0x00, 0x80, 0x00, 0x80, 0x07, 0xB4, 0x11, 0x80, 0x0E,
    0x80, 0x03, 0x80, 0x00, 0x0C, 0x80, 0x00, 0x80, 0x05, 0x80, 0x0F, 0x85, 0x11, 0x80, 0x0F, 0x80,
    0x06, 0x81, 0x00, 0x01, 0x80, 0x00, 0x80, 0x06, 0xB2, 0x11, 0x80, 0x10, 0x80, 0x11, 0x80, 0x0A,
    0x81, 0x00, 0x0C, 0x80, 0x00, 0x80, 0x09, 0x85, 0x11, 0x80, 0x0E, 0x80, 0x06, 0x81, 0x00, 0x02,
    0x80, 0x00, 0x80, 0x06, 0xB4, 0x11, 0x80, 0x05, 0x80, 0x00, 0x0C, 0x80, 0x00, 0x80, 0x02, 0x80,
    0x0C, 0x85, 0x11, 0x80, 0x08, 0x81, 0x00, 0x03, 0x80, 0x00, 0x80, 0x05, 0xB3, 0x11, 0x80, 0x0A,
    0x81, 0x00, 0x0C, 0x80, 0x00, 0x80, 0x04, 0x80, 0x0F, 0x82, 0x11, 0x80, 0x10, 0x80, 0x11, 0x80,
    0x09, 0x81, 0x00, 0x04, 0x80, 0x00, 0x80, 0x02, 0x80, 0x0B, 0xB2, 0x11, 0x80, 0x06, 0x80, 0x00,
    0x0D, 0x80, 0x00, 0x80, 0x01, 0x80, 0x0B, 0x80, 0x11, 0x80, 0x10, 0x81, 0x11, 0x80, 0x0C, 0x80,
    0x03, 0x80, 0x00, 0x05, 0x81, 0x00, 0x80, 0x0A, 0xB1, 0x11, 0x80, 0x0C, 0x80, 0x02, 0x80, 0x00,
    0x0E, 0x80, 0x00, 0x80, 0x07, 0x80, 0x0E, 0x81, 0x0F, 0x80, 0x09, 0x80, 0x03, 0x80, 0x00, 0x07,
    0x80, 0x00, 0x80, 0x06, 0x80, 0x10, 0xAF, 0x11, 0x80, 0x0F, 0x80, 0x07, 0x80, 0x00, 0x0F, 0x81,
    0x00, 0x80, 0x04, 0x80, 0x06, 0x80, 0x04, 0x81, 0x00, 0x08, 0x81, 0x00, 0x80, 0x0A, 0x80, 0x11,
    0x80, 0x10, 0xAA, 0x11, 0x80, 0x10, 0x80, 0x11, 0x80, 0x0E, 0x80, 0x05, 0x81, 0x00, 0x10, 0x84,
    0x00, 0x0A, 0x80, 0x00, 0x80, 0x06, 0x80, 0x0F, 0xAA, 0x11, 0x80, 0x10, 0x80, 0x11, 0x80, 0x0D,
    0x80, 0x05, 0x81, 0x00, 0x21, 0x81, 0x00, 0x80, 0x08, 0xAB, 0x11, 0x80, 0x0D, 0x80, 0x05, 0x81,
    0x00, 0x23, 0x81, 0x00, 0x80, 0x09, 0xA8, 0x11, 0x80, 0x0D, 0x80, 0x0A, 0x80, 0x05, 0x81, 0x00,
    0x25, 0x81, 0x00, 0x80, 0x0A, 0x80, 0x11, 0x80, 0x10, 0xA0, 0x11, 0x80, 0x10, 0x82, 0x11, 0x80,
    0x09, 0x80, 0x04, 0x82, 0x00, 0x27, 0x80, 0x00, 0x80, 0x03, 0x80, 0x0B, 0x97, 0x11, 0x81, 0x10,
    0x88, 0x11, 0x81, 0x10, 0x80, 0x07, 0x82, 0x00, 0x2A, 0x80, 0x00, 0x80, 0x01, 0x80, 0x09, 0x80,
    0x10, 0x8F, 0x11, 0x80, 0x10, 0x81, 0x0D, 0x80, 0x0E, 0x81, 0x0D, 0x88, 0x11, 0x80, 0x0A, 0x80,
    0x08, 0x80, 0x06, 0x80, 0x05, 0x81, 0x00, 0x2D, 0x81, 0x00, 0x80, 0x05, 0x80, 0x0A, 0x80, 0x0D,
    0x8A, 0x11, 0x80, 0x0C, 0x80, 0x08, 0x80, 0x07, 0x80, 0x05, 0x82, 0x03, 0x80, 0x02, 0x80, 0x04,
    0x80, 0x07, 0x80, 0x08, 0x80, 0x0C, 0x83, 0x11, 0x80, 0x0B, 0x80, 0x07, 0x80, 0x01, 0x83, 0x00,
    0x2F, 0x82, 0x00, 0x80, 0x03, 0x80, 0x07, 0x80, 0x0C, 0x86, 0x11, 0x80, 0x0E, 0x80, 0x08, 0x80,
    0x02, 0x80, 0x01, 0x80, 0x12, 0x80, 0x13, 0x83, 0x14, 0x80, 0x13, 0x80, 0x12, 0x80, 0x01, 0x80,
    0x03, 0x81, 0x09, 0x80, 0x08, 0x80, 0x06, 0x80, 0x01, 0x81, 0x00, 0x35, 0x82, 0x00, 0x80, 0x03,
    0x80, 0x07, 0x80, 0x08, 0x80, 0x09, 0x80, 0x08, 0x82, 0x0B, 0x80, 0x05, 0x80, 0x01, 0x80, 0x14,
    0x80, 0x16, 0x81, 0x17, 0x80, 0x15, 0x81, 0x14, 0x83, 0x12, 0x85, 0x00, 0x1E, 0x80, 0x00, 0x1A,
    0x85, 0x00, 0x81, 0x02, 0x80, 0x00, 0x80, 0x01, 0x80, 0x12, 0x81, 0x01, 0x81, 0x00, 0x81, 0x01,
    0x80, 0x04, 0x84, 0x06, 0x80, 0x03, 0x80, 0x00, 0x1F, 0x81, 0x00, 0x1D, 0x84, 0x00, 0x80, 0x03,
    0x80, 0x06, 0x80, 0x08, 0x80, 0x0A, 0x80, 0x09, 0x80, 0x06, 0x80, 0x09, 0x81, 0x0B, 0x80, 0x0E,
    0x84, 0x11, 0x80, 0x0C, 0x80, 0x07, 0x81, 0x00, 0x1C, 0x81, 0x00, 0x20, 0x80, 0x00, 0x80, 0x04,
    0x80, 0x09, 0x80, 0x0D, 0x80, 0x10, 0x8B, 0x11, 0x80, 0x10, 0x81, 0x11, 0x80, 0x08, 0x81, 0x00,
    0x1A, 0x81, 0x00, 0x04, 0x86, 0x00, 0x13, 0x81, 0x00, 0x80, 0x06, 0x80, 0x0F, 0x82, 0x11, 0x80,
    0x10, 0x81, 0x11, 0x80, 0x10, 0x8B, 0x11, 0x80, 0x05, 0x80, 0x00, 0x16, 0x80, 0x00, 0x02, 0x81,
    0x00, 0x04, 0x80, 0x00, 0x80, 0x06, 0x82, 0x09, 0x80, 0x07, 0x80, 0x01, 0x82, 0x00, 0x0F, 0x81,
    0x00, 0x80, 0x06, 0x80, 0x0E, 0x80, 0x11, 0x80, 0x10, 0x8F, 0x11, 0x80, 0x10, 0x80, 0x11, 0x80,
    0x0A, 0x81, 0x00, 0x14, 0x81, 0x00, 0x02, 0x81, 0x00, 0x04, 0x80, 0x00, 0x80, 0x06, 0x83, 0x11,
    0x80, 0x0C, 0x80, 0x0A, 0x80, 0x07, 0x80, 0x01, 0x80, 0x00, 0x0D, 0x81, 0x00, 0x80, 0x06, 0x80,
    0x0E, 0x94, 0x11, 0x80, 0x10, 0x80, 0x06, 0x80, 0x00, 0x14, 0x81, 0x00, 0x02, 0x81, 0x00, 0x04,
    0x81, 0x00, 0x80, 0x0A, 0x80, 0x11, 0x80, 0x10, 0x83, 0x11, 0x80, 0x09, 0x80, 0x01, 0x80, 0x00,
    0x0B, 0x81, 0x00, 0x80, 0x06, 0x80, 0x0E, 0x96, 0x11, 0x80, 0x0A, 0x80, 0x00, 0x14, 0x81, 0x00,
    0x01, 0x81, 0x00, 0x06, 0x80, 0x00, 0x80, 0x06, 0x84, 0x11, 0x80, 0x10, 0x80, 0x11, 0x80, 0x08,
    0x80, 0x00, 0x0A, 0x81, 0x00, 0x80, 0x06, 0x80, 0x10, 0x98, 0x11, 0x80, 0x05, 0x80, 0x00, 0x13,
    0x81, 0x00, 0x01, 0x81, 0x00, 0x07, 0x80, 0x02, 0x80, 0x0C, 0x85, 0x11, 0x80, 0x0B, 0x80, 0x02,
    0x80, 0x00, 0x08, 0x81, 0x00, 0x80, 0x06, 0x80, 0x0E, 0x99, 0x11, 0x80, 0x07, 0x80, 0x00, 0x13,
    0x81, 0x00, 0x02, 0x81, 0x00, 0x06, 0x80, 0x00, 0x80, 0x09, 0x86, 0x11, 0x80, 0x0C, 0x80, 0x07,
    0x81, 0x00, 0x05, 0x81, 0x00, 0x80, 0x08, 0x80, 0x10, 0x9A, 0x11, 0x80, 0x07, 0x80, 0x00, 0x13,
    0x81, 0x00, 0x02, 0x81, 0x00, 0x06, 0x80, 0x00, 0x80, 0x08, 0x87, 0x11, 0x80, 0x10, 0x80, 0x08,
    0x80, 0x00, 0x04, 0x81, 0x00, 0x80, 0x06, 0x80, 0x0F, 0x9B, 0x11, 0x80, 0x0A, 0x81, 0x00, 0x13,
    0x81, 0x00, 0x02, 0x80, 0x00, 0x06, 0x80, 0x00, 0x80, 0x08, 0x88, 0x11, 0x80, 0x10, 0x80, 0x05,
    0x80, 0x00, 0x02, 0x81, 0x00, 0x80, 0x06, 0x80, 0x0F, 0x9C, 0x11, 0x80, 0x0C, 0x80, 0x02, 0x80,
    0x00, 0x13, 0x81, 0x00, 0x0A, 0x80, 0x00, 0x80, 0x0A, 0x89, 0x11, 0x80, 0x08, 0x80, 0x00, 0x00,
    0x82, 0x00, 0x80, 0x06, 0x80, 0x0E, 0x9E, 0x11, 0x80, 0x05, 0x80, 0x00, 0x20, 0x80, 0x00, 0x80,
    0x07, 0x89, 0x11, 0x80, 0x0A, 0x82, 0x00, 0x80, 0x05, 0x80, 0x0A, 0x80, 0x10, 0x9E, 0x11, 0x80,
    0x10, 0x80, 0x05, 0x80, 0x00, 0x20, 0x80, 0x00, 0x80, 0x01, 0x80, 0x0B, 0x80, 0x11, 0x80, 0x10,
    0x86, 0x11, 0x80, 0x0C, 0x80, 0x03, 0x80, 0x00, 0x80, 0x08, 0x80, 0x10, 0x80, 0x11, 0x80, 0x10,
    0x9F, 0x11, 0x80, 0x07, 0x80, 0x00, 0x21, 0x80, 0x00, 0x80, 0x06, 0x80, 0x10, 0x88, 0x11, 0x80,
    0x0B, 0x80, 0x04, 0x80, 0x02, 0x80, 0x08, 0x80, 0x10, 0xA0, 0x11, 0x80, 0x07, 0x80, 0x00, 0x21,
    0x81, 0x00, 0x80, 0x07, 0x80, 0x0D, 0x88, 0x11, 0x80, 0x0F, 0x80, 0x08, 0x80, 0x01, 0x80, 0x05,
    0x80, 0x09, 0x80, 0x0C, 0x80, 0x10, 0x9D, 0x11, 0x80, 0x09, 0x81, 0x00, 0x21, 0x81, 0x00, 0x80,
    0x03, 0x80, 0x07, 0x80, 0x0D, 0x88, 0x11, 0x80, 0x0B, 0x80, 0x05, 0x80, 0x03, 0x80, 0x01, 0x80,
    0x05, 0x80, 0x0E, 0x9D, 0x11, 0x80, 0x09, 0x80, 0x03, 0x80, 0x00, 0x22, 0x81, 0x00, 0x80, 0x07,
    0x82, 0x11, 0x82, 0x10, 0x84, 0x11, 0x80, 0x0F, 0x81, 0x0A, 0x80, 0x10, 0x9E, 0x11, 0x80, 0x0C,
    0x80, 0x02, 0x80, 0x00, 0x23, 0x80, 0x00, 0x80, 0x09, 0x80, 0x0F, 0x89, 0x11, 0x80, 0x0B, 0x80,
    0x07, 0x80, 0x0C, 0x9D, 0x11, 0x80, 0x10, 0x80, 0x11, 0x80, 0x09, 0x80, 0x00, 0x23, 0x81, 0x00,
    0x80, 0x04, 0x80, 0x07, 0x80, 0x09, 0x80, 0x08, 0x80, 0x09, 0x80, 0x06, 0x80, 0x09, 0x80, 0x0E,
    0x80, 0x0D, 0x80, 0x09, 0x80, 0x05, 0x80, 0x00, 0x80, 0x05, 0x80, 0x0C, 0x9F, 0x11, 0x80, 0x0E,
    0x80, 0x03, 0x80, 0x00, 0x23, 0x81, 0x00, 0x81, 0x02, 0x80, 0x01, 0x80, 0x02, 0x80, 0x04, 0x81,
    0x03, 0x80, 0x01, 0x80, 0x02, 0x80, 0x06, 0x80, 0x08, 0xA1, 0x11, 0x80, 0x10, 0x80, 0x06, 0x80,
    0x00, 0x23, 0x80, 0x00, 0x80, 0x04, 0x80, 0x0D, 0x80, 0x0E, 0x80, 0x0D, 0x80, 0x0E, 0x81, 0x0F,
    0x81, 0x09, 0x80, 0x0E, 0x9E, 0x11, 0x80, 0x0C, 0x80, 0x0B, 0x83, 0x11, 0x80, 0x06, 0x80, 0x00,
    0x23, 0x80, 0x00, 0x80, 0x07, 0x83, 0x11, 0x80, 0x10, 0x84, 0x11, 0x80, 0x10, 0x9C, 0x11, 0x80,
    0x0A, 0x80, 0x02, 0x80, 0x0E, 0x80, 0x11, 0x80, 0x10, 0x80, 0x11, 0x80, 0x09, 0x80, 0x00, 0x23,
    0x80, 0x00, 0x80, 0x0A, 0x80, 0x11, 0x80, 0x10, 0xA5, 0x11, 0x80, 0x0D, 0x80, 0x01, 0x80, 0x0B,
    0x80, 0x11, 0x80, 0x10, 0x80, 0x11, 0x80, 0x07, 0x80, 0x00, 0x23, 0x80, 0x00, 0x80, 0x0A, 0xA7,
    0x11, 0x80, 0x0C, 0x80, 0x01, 0x80, 0x0A, 0x80, 0x11, 0x81, 0x10, 0x80, 0x05, 0x80, 0x00, 0x23,
    0x80, 0x00, 0x80, 0x07, 0xA7, 0x11, 0x80, 0x0C, 0x80, 0x01, 0x80, 0x0B, 0x81, 0x11, 0x80, 0x0B,
    0x80, 0x01, 0x80, 0x00, 0x23, 0x80, 0x00, 0x80, 0x05, 0x80, 0x10, 0xA4, 0x11, 0x80, 0x10, 0x80,
    0x11, 0x80, 0x08, 0x80, 0x02, 0x80, 0x0F, 0x80, 0x10, 0x80, 0x11, 0x80, 0x08, 0x80, 0x00, 0x24,
    0x81, 0x00, 0x80, 0x08, 0x80, 0x11, 0x80, 0x10, 0xA1, 0x11, 0x80, 0x10, 0x80, 0x11, 0x80, 0x0F,
    0x80, 0x02, 0x80, 0x07, 0x81, 0x11, 0x80, 0x0A, 0x80, 0x01, 0x80, 0x00, 0x25, 0x80, 0x00, 0x80,
    0x02, 0x80, 0x09, 0x97, 0x11, 0x81, 0x10, 0x89, 0x11, 0x80, 0x0E, 0x80, 0x06, 0x80, 0x02, 0x81,
    0x0C, 0x80, 0x08, 0x80, 0x01, 0x80, 0x00, 0x27, 0x81, 0x00, 0x80, 0x07, 0x80, 0x0A, 0x80, 0x0C,
    0x80, 0x10, 0x9A, 0x11, 0x80, 0x0E, 0x81, 0x0B, 0x80, 0x0C, 0x80, 0x08, 0x80, 0x03, 0x80, 0x00,
    0x81, 0x04, 0x80, 0x01, 0x81, 0x00, 0x29, 0x82, 0x00, 0x80, 0x02, 0x80, 0x05, 0x82, 0x06, 0x80,
    0x09, 0x81, 0x0A, 0x8B, 0x09, 0x80, 0x0A, 0x80, 0x0B, 0x80, 0x0A, 0x80, 0x08, 0x80, 0x07, 0x80,
    0x08, 0x80, 0x0A, 0x80, 0x09, 0x80, 0x07, 0x80, 0x04, 0x81, 0x02, 0x86, 0x00, 0x2D, 0xA1, 0x00,
    0x19,
];

#[rustfmt::skip]
const POSE_SLEEPING_CURLED: &[u8] = &[
    0x0F, 0x85, 0x00, 0x08, 0x85, 0x00, 0x43, 0x84, 0x00, 0x81, 0x01, 0x80, 0x02, 0x80, 0x01, 0x83,
    0x00, 0x00, 0x85, 0x00, 0x80, 0x02, 0x81, 0x03, 0x80, 0x02, 0x85, 0x00, 0x04, 0x8A, 0x00, 0x2C,
    0x82, 0x00, 0x80, 0x03, 0x80, 0x06, 0x80, 0x08, 0x81, 0x09, 0x82, 0x0D, 0x80, 0x09, 0x80, 0x0A,
    0x80, 0x05, 0x83, 0x00, 0x80, 0x05, 0x80, 0x06, 0x81, 0x09, 0x80, 0x0D, 0x81, 0x0F, 0x80, 0x0B,
    0x80, 0x09, 0x80, 0x07, 0x80, 0x05, 0x80, 0x03, 0x80, 0x02, 0x82, 0x00, 0x00, 0x83, 0x00, 0x80,
    0x02, 0x80, 0x05, 0x80, 0x06, 0x80, 0x07, 0x80, 0x06, 0x80, 0x05, 0x80, 0x02, 0x83, 0x00, 0x28,
    0x82, 0x00, 0x80, 0x07, 0x80, 0x0A, 0x80, 0x0D, 0x85, 0x11, 0x80, 0x0D, 0x80, 0x09, 0x80, 0x06,
    0x81, 0x00, 0x80, 0x05, 0x80, 0x07, 0x80, 0x0A, 0x80, 0x10, 0x88, 0x11, 0x80, 0x10, 0x80, 0x0C,
    0x81, 0x0A, 0x80, 0x06, 0x82, 0x00, 0x80, 0x07, 0x80, 0x09, 0x80, 0x0B, 0x80, 0x0C, 0x80, 0x10,
    0x80, 0x11, 0x80, 0x10, 0x80, 0x11, 0x80, 0x10, 0x81, 0x0B, 0x80, 0x08, 0x80, 0x05, 0x81, 0x00,
    0x26, 0x81, 0x00, 0x80, 0x04, 0x80, 0x0B, 0x82, 0x11, 0x84, 0x10, 0x80, 0x09, 0x80, 0x02, 0x80,
    0x00, 0x80, 0x02, 0x80, 0x07, 0x80, 0x0B, 0x80, 0x0E, 0x89, 0x11, 0x80, 0x10, 0x84, 0x11, 0x80,
    0x10, 0x80, 0x0A, 0x80, 0x06, 0x80, 0x00, 0x80, 0x05, 0x80, 0x0A, 0x81, 0x11, 0x80, 0x10, 0x86,
    0x11, 0x80, 0x10, 0x80, 0x0A, 0x80, 0x04, 0x80, 0x00, 0x24, 0x81, 0x00, 0x80, 0x06, 0x80, 0x0F,
    0x83, 0x11, 0x82, 0x10, 0x80, 0x11, 0x80, 0x08, 0x80, 0x00, 0x80, 0x04, 0x80, 0x09, 0x80, 0x0E,
    0x82, 0x11, 0x80, 0x10, 0x8E, 0x11, 0x80, 0x10, 0x80, 0x11, 0x80, 0x0E, 0x80, 0x08, 0x80, 0x02,
    0x80, 0x00, 0x80, 0x05, 0x80, 0x0D, 0x89, 0x11, 0x80, 0x0D, 0x80, 0x05, 0x80, 0x00, 0x22, 0x81,
    0x00, 0x80, 0x06, 0x80, 0x10, 0x84, 0x11, 0x82, 0x10, 0x80, 0x08, 0x80, 0x00, 0x80, 0x07, 0x80,
    0x0F, 0x95, 0x11, 0x80, 0x10, 0x81, 0x11, 0x80, 0x0F, 0x80, 0x0A, 0x80, 0x03, 0x80, 0x02, 0x80,
    0x09, 0x80, 0x11, 0x80, 0x10, 0x85, 0x11, 0x80, 0x10, 0x80, 0x11, 0x80, 0x09, 0x81, 0x00, 0x21,
    0x80, 0x00, 0x80, 0x06, 0x82, 0x10, 0x84, 0x11, 0x80, 0x10, 0x80, 0x08, 0x80, 0x00, 0x80, 0x07,
    0x9C, 0x11, 0x80, 0x0F, 0x80, 0x06, 0x80, 0x00, 0x80, 0x09, 0x88, 0x11, 0x80, 0x0F, 0x80, 0x05,
    0x80, 0x00, 0x20, 0x80, 0x00, 0x80, 0x01, 0x80, 0x0B, 0x80, 0x11, 0x80, 0x10, 0x84, 0x11, 0x80,
    0x0A, 0x80, 0x03, 0x80, 0x00, 0x80, 0x07, 0x80, 0x0F, 0x9D, 0x11, 0x80, 0x10, 0x80, 0x06, 0x80,
    0x00, 0x80, 0x07, 0x80, 0x0B, 0x80, 0x10, 0x86, 0x11, 0x80, 0x06, 0x80, 0x00, 0x20, 0x80, 0x00,
    0x80, 0x07, 0x80, 0x11, 0x80, 0x10, 0x84, 0x11, 0x80, 0x09, 0x80, 0x00, 0x80, 0x03, 0x80, 0x09,
    0xA0, 0x11, 0x80, 0x0F, 0x80, 0x05, 0x81, 0x00, 0x80, 0x06, 0x80, 0x0C, 0x84, 0x11, 0x80, 0x0D,
    0x80, 0x04, 0x80, 0x00, 0x1F, 0x81, 0x00, 0x80, 0x0A, 0x82, 0x11, 0x81, 0x10, 0x80, 0x11, 0x80,
    0x0A, 0x80, 0x00, 0x80, 0x06, 0x80, 0x10, 0x80, 0x11, 0x80, 0x10, 0x9E, 0x11, 0x80, 0x10, 0x80,
    0x11, 0x80, 0x0B, 0x80, 0x02, 0x81, 0x00, 0x80, 0x01, 0x80, 0x08, 0x80, 0x0A, 0x80, 0x0C, 0x80,
    0x0D, 0x80, 0x0B, 0x80, 0x06, 0x80, 0x00, 0x20, 0x81, 0x00, 0x80, 0x0A, 0x80, 0x11, 0x82, 0x10,
    0x80, 0x11, 0x80, 0x0C, 0x80, 0x03, 0x80, 0x05, 0x80, 0x10, 0xA0, 0x11, 0x81, 0x10, 0x80, 0x0F,
    0x80, 0x11, 0x80, 0x09, 0x84, 0x00, 0x80, 0x02, 0x80, 0x05, 0x80, 0x01, 0x81, 0x00, 0x20, 0x81,
    0x00, 0x80, 0x07, 0x82, 0x11, 0x80, 0x10, 0x80, 0x09, 0x80, 0x03, 0x80, 0x00, 0x80, 0x0B, 0xA4,
    0x11, 0x81, 0x10, 0x80, 0x07, 0x80, 0x00, 0x01, 0x83, 0x00, 0x23, 0x81, 0x00, 0x80, 0x08, 0x80,
    0x0B, 0x80, 0x09, 0x80, 0x05, 0x81, 0x00, 0x80, 0x07, 0xA0, 0x11, 0x80, 0x0C, 0x80, 0x08, 0x80,
    0x06, 0x80, 0x08, 0x80, 0x0B, 0x81, 0x11, 0x80, 0x0C, 0x80, 0x04, 0x80, 0x00, 0x29, 0x85, 0x00,
    0x80, 0x01, 0x80, 0x0B, 0x9F, 0x11, 0x80, 0x08, 0x80, 0x01, 0x80, 0x04, 0x80, 0x06, 0x80, 0x05,
    0x80, 0x02, 0x80, 0x06, 0x80, 0x0E, 0x80, 0x11, 0x80, 0x09, 0x81, 0x00, 0x02, 0x85, 0x00, 0x20,
    0x81, 0x00, 0x00, 0x81, 0x00, 0x80, 0x07, 0x9F, 0x11, 0x80, 0x07, 0x80, 0x01, 0x80, 0x0A, 0x80,
    0x0F, 0x80, 0x11, 0x80, 0x10, 0x80, 0x0C, 0x80, 0x06, 0x80, 0x03, 0x80, 0x0C, 0x80, 0x11, 0x80,
    0x06, 0x8F, 0x00, 0x1D, 0x80, 0x00, 0x80, 0x05, 0x80, 0x0F, 0x9E, 0x11, 0x80, 0x0A, 0x80, 0x00,
    0x80, 0x0C, 0x80, 0x11, 0x81, 0x10, 0x82, 0x11, 0x80, 0x07, 0x80, 0x06, 0x80, 0x11, 0x80, 0x0A,
    0x80, 0x00, 0x80, 0x02, 0x80, 0x05, 0x80, 0x06, 0x80, 0x07, 0x81, 0x0B, 0x80, 0x0A, 0x80, 0x09,
    0x82, 0x07, 0x80, 0x06, 0x80, 0x05, 0x80, 0x02, 0x83, 0x00, 0x18, 0x81, 0x00, 0x80, 0x05, 0x80,
    0x0E, 0x9E, 0x11, 0x80, 0x10, 0x80, 0x04, 0x80, 0x07, 0x80, 0x11, 0x80, 0x10, 0x85, 0x11, 0x80,
    0x0C, 0x80, 0x10, 0x80, 0x11, 0x80, 0x06, 0x80, 0x02, 0x80, 0x0D, 0x89, 0x11, 0x80, 0x10, 0x80,
    0x0B, 0x80, 0x08, 0x80, 0x04, 0x80, 0x05, 0x80, 0x04, 0x82, 0x00, 0x15, 0x80, 0x00, 0x80, 0x03,
    0x80, 0x0C, 0x9F, 0x11, 0x80, 0x0A, 0x80, 0x02, 0x80, 0x0D, 0x8A, 0x11, 0x80, 0x0A, 0x80, 0x00,
    0x80, 0x0A, 0x80, 0x11, 0x80, 0x10, 0x85, 0x11, 0x80, 0x10, 0x80, 0x11, 0x80, 0x10, 0x81, 0x11,
    0x81, 0x0F, 0x80, 0x0D, 0x80, 0x09, 0x80, 0x05, 0x81, 0x00, 0x13, 0x81, 0x00, 0x80, 0x09, 0x80,
    0x11, 0x80, 0x10, 0x9E, 0x11, 0x80, 0x09, 0x80, 0x06, 0x8B, 0x11, 0x80, 0x10, 0x80, 0x04, 0x80,
    0x06, 0x90, 0x11, 0x80, 0x0F, 0x80, 0x09, 0x80, 0x04, 0x81, 0x00, 0x11, 0x80, 0x00, 0x80, 0x04,
    0x80, 0x0E, 0xA0, 0x11, 0x80, 0x06, 0x80, 0x08, 0x80, 0x11, 0x80, 0x10, 0x8A, 0x11, 0x80, 0x07,
    0x80, 0x03, 0x80, 0x0E, 0x91, 0x11, 0x80, 0x0D, 0x80, 0x07, 0x81, 0x00, 0x0F, 0x81, 0x00, 0x80,
    0x08, 0xA1, 0x11, 0x81, 0x07, 0x80, 0x11, 0x80, 0x10, 0x8A, 0x11, 0x80, 0x0A, 0x80, 0x01, 0x80,
    0x0C, 0x90, 0x11, 0x80, 0x10, 0x80, 0x11, 0x80, 0x10, 0x80, 0x0A, 0x80, 0x04, 0x80, 0x00, 0x0E,
    0x80, 0x00, 0x80, 0x01, 0x80, 0x0C, 0xA1, 0x11, 0x81, 0x0F, 0x8C, 0x11, 0x80, 0x0A, 0x80, 0x00,
    0x80, 0x0B, 0x94, 0x11, 0x80, 0x0D, 0x80, 0x06, 0x80, 0x00, 0x0D, 0x80, 0x00, 0x80, 0x06, 0xB1,
    0x11, 0x80, 0x0A, 0x80, 0x00, 0x80, 0x08, 0x80, 0x11, 0x80, 0x10, 0x91, 0x11, 0x80, 0x10, 0x80,
    0x11, 0x80, 0x0E, 0x80, 0x04, 0x80, 0x00, 0x0C, 0x80, 0x00, 0x80, 0x07, 0xB1, 0x11, 0x80, 0x0A,
    0x80, 0x00, 0x80, 0x09, 0x94, 0x11, 0x80, 0x10, 0x80, 0x11, 0x80, 0x0A, 0x80, 0x01, 0x81, 0x00,
    0x0A, 0x80, 0x00, 0x80, 0x0A, 0xB1, 0x11, 0x80, 0x0B, 0x80, 0x00, 0x80, 0x09, 0x97, 0x11, 0x80,
    0x0B, 0x80, 0x06, 0x81, 0x00, 0x09, 0x80, 0x00, 0x80, 0x09, 0xAB, 0x11, 0x80, 0x0D, 0x80, 0x0C,
    0x81, 0x11, 0x80, 0x10, 0x80, 0x11, 0x80, 0x0A, 0x80, 0x00, 0x80, 0x08, 0x80, 0x11, 0x80, 0x10,
    0x96, 0x11, 0x80, 0x0E, 0x80, 0x06, 0x80, 0x00, 0x08, 0x81, 0x00, 0x80, 0x09, 0xA9, 0x11, 0x80,
    0x10, 0x80, 0x11, 0x80, 0x06, 0x80, 0x07, 0x80, 0x11, 0x81, 0x10, 0x80, 0x11, 0x80, 0x0A, 0x80,
    0x00, 0x80, 0x0A, 0x80, 0x11, 0x80, 0x10, 0x95, 0x11, 0x80, 0x10, 0x80, 0x11, 0x80, 0x0B, 0x80,
    0x01, 0x80, 0x00, 0x07, 0x80, 0x00, 0x80, 0x03, 0x80, 0x0D, 0xAA, 0x11, 0x80, 0x0C, 0x80, 0x01,
    0x80, 0x0B, 0x81, 0x11, 0x80, 0x10, 0x80, 0x11, 0x80, 0x09, 0x80, 0x00, 0x80, 0x0D, 0x86, 0x11,
    0x80, 0x0D, 0x80, 0x09, 0x80, 0x07, 0x80, 0x0D, 0x8F, 0x11, 0x80, 0x07, 0x80, 0x00, 0x07, 0x80,
    0x00, 0x80, 0x06, 0x80, 0x10, 0x87, 0x11, 0x81, 0x10, 0x80, 0x0F, 0x81, 0x11, 0x80, 0x10, 0x98,
    0x11, 0x80, 0x0F, 0x82, 0x06, 0x80, 0x01, 0x80, 0x08, 0x84, 0x11, 0x80, 0x06, 0x80, 0x05, 0x81,
    0x10, 0x83, 0x11, 0x80, 0x0F, 0x80, 0x07, 0x80, 0x02, 0x80, 0x01, 0x80, 0x05, 0x80, 0x0C, 0x8F,
    0x11, 0x80, 0x0B, 0x81, 0x00, 0x06, 0x80, 0x00, 0x80, 0x08, 0x86, 0x11, 0x80, 0x0E, 0x80, 0x08,
    0x80, 0x05, 0x80, 0x03, 0x80, 0x04, 0x80, 0x07, 0x80, 0x0A, 0x80, 0x10, 0x99, 0x11, 0x80, 0x09,
    0x81, 0x07, 0x80, 0x0A, 0x84, 0x11, 0x80, 0x0E, 0x80, 0x03, 0x80, 0x08, 0x84, 0x11, 0x80, 0x0B,
    0x80, 0x03, 0x80, 0x01, 0x80, 0x08, 0x80, 0x0D, 0x90, 0x11, 0x80, 0x10, 0x80, 0x11, 0x80, 0x07,
    0x80, 0x00, 0x06, 0x80, 0x00, 0x80, 0x08, 0x80, 0x11, 0x80, 0x10, 0x83, 0x11, 0x80, 0x0B, 0x81,
    0x02, 0x80, 0x08, 0x81, 0x09, 0x80, 0x06, 0x80, 0x01, 0x80, 0x06, 0x80, 0x0F, 0xA1, 0x11, 0x80,
    0x0C, 0x80, 0x01, 0x80, 0x0B, 0x83, 0x11, 0x80, 0x0C, 0x80, 0x00, 0x80, 0x06, 0x80, 0x0D, 0x94,
    0x11, 0x80, 0x0D, 0x80, 0x04, 0x80, 0x00, 0x05, 0x80, 0x00, 0x80, 0x08, 0x80, 0x11, 0x80, 0x10,
    0x82, 0x11, 0x80, 0x0B, 0x80, 0x00, 0x80, 0x06, 0x80, 0x0E, 0x83, 0x11, 0x80, 0x0C, 0x80, 0x06,
    0x80, 0x0A, 0xA1, 0x11, 0x80, 0x08, 0x80, 0x03, 0x80, 0x0E, 0x80, 0x11, 0x80, 0x10, 0x80, 0x11,
    0x80, 0x0C, 0x80, 0x00, 0x80, 0x07, 0x81, 0x11, 0x80, 0x10, 0x94, 0x11, 0x80, 0x09, 0x80, 0x00,
    0x05, 0x80, 0x00, 0x80, 0x08, 0x80, 0x11, 0x81, 0x10, 0x80, 0x11, 0x80, 0x0F, 0x80, 0x04, 0x80,
    0x07, 0x80, 0x10, 0x82, 0x11, 0x81, 0x10, 0x81, 0x11, 0x80, 0x10, 0xA0, 0x11, 0x80, 0x0C, 0x80,
    0x00, 0x80, 0x07, 0x80, 0x11, 0x80, 0x10, 0x80, 0x11, 0x80, 0x0D, 0x80, 0x02, 0x80, 0x05, 0x80,
    0x10, 0x97, 0x11, 0x80, 0x0A, 0x81, 0x00, 0x04, 0x80, 0x00, 0x80, 0x08, 0x80, 0x11, 0x81, 0x10,
    0x80, 0x11, 0x80, 0x09, 0x80, 0x02, 0x80, 0x0F, 0xA9, 0x11, 0x80, 0x07, 0x80, 0x00, 0x80, 0x0C,
    0x80, 0x11, 0x80, 0x10, 0x80, 0x11, 0x80, 0x07, 0x80, 0x00, 0x80, 0x0C, 0x98, 0x11, 0x80, 0x0F,
    0x80, 0x04, 0x80, 0x00, 0x04, 0x80, 0x00, 0x80, 0x05, 0x80, 0x0F, 0x82, 0x11, 0x80, 0x06, 0x80,
    0x07, 0xA9, 0x11, 0x80, 0x0C, 0x80, 0x00, 0x80, 0x09, 0x80, 0x11, 0x80, 0x10, 0x80, 0x11, 0x80,
    0x0C, 0x80, 0x00, 0x80, 0x08, 0x98, 0x11, 0x80, 0x10, 0x80, 0x11, 0x80, 0x07, 0x80, 0x00, 0x04,
    0x81, 0x00, 0x80, 0x0A, 0x81, 0x11, 0x80, 0x0F, 0x80, 0x03, 0x80, 0x0A, 0xA8, 0x11, 0x80, 0x0E,
    0x80, 0x03, 0x80, 0x05, 0x82, 0x10, 0x80, 0x11, 0x80, 0x07, 0x80, 0x01, 0x80, 0x0D, 0x98, 0x11,
    0x80, 0x10, 0x80, 0x11, 0x80, 0x0A, 0x81, 0x00, 0x04, 0x80, 0x00, 0x80, 0x08, 0x81, 0x11, 0x80,
    0x0E, 0x80, 0x02, 0x80, 0x0A, 0xA7, 0x11, 0x80, 0x10, 0x80, 0x07, 0x80, 0x00, 0x80, 0x0C, 0x82,
    0x11, 0x80, 0x0D, 0x80, 0x01, 0x80, 0x08, 0x80, 0x11, 0x80, 0x10, 0x99, 0x11, 0x80, 0x0C, 0x81,
    0x00, 0x04, 0x80, 0x00, 0x80, 0x06, 0x81, 0x11, 0x80, 0x0E, 0x80, 0x02, 0x80, 0x0A, 0x9E, 0x11,
    0x80, 0x10, 0x84, 0x11, 0x80, 0x10, 0x81, 0x11, 0x80, 0x07, 0x80, 0x00, 0x80, 0x0B, 0x83, 0x11,
    0x80, 0x09, 0x80, 0x00, 0x80, 0x0C, 0x9B, 0x11, 0x80, 0x0B, 0x80, 0x02, 0x80, 0x00, 0x04, 0x80,
    0x00, 0x80, 0x05, 0x80, 0x10, 0x80, 0x11, 0x80, 0x0F, 0x80, 0x03, 0x80, 0x0A, 0x9C, 0x11, 0x80,
    0x0F, 0x80, 0x08, 0x80, 0x06, 0x80, 0x08, 0x82, 0x11, 0x82, 0x10, 0x80, 0x07, 0x80, 0x00, 0x80,
    0x0A, 0x80, 0x11, 0x80, 0x10, 0x80, 0x11, 0x80, 0x10, 0x80, 0x11, 0x80, 0x06, 0x80, 0x05, 0x9C,
    0x11, 0x80, 0x0E, 0x80, 0x04, 0x80, 0x00, 0x02, 0x81, 0x00, 0x80, 0x01, 0x80, 0x00, 0x80, 0x0A,
    0x80, 0x11, 0x80, 0x10, 0x80, 0x0B, 0x80, 0x0F, 0x98, 0x11, 0x80, 0x10, 0x81, 0x11, 0x80, 0x0C,
    0x80, 0x04, 0x81, 0x00, 0x80, 0x01, 0x80, 0x0B, 0x80, 0x11, 0x81, 0x10, 0x80, 0x11, 0x80, 0x09,
    0x80, 0x00, 0x80, 0x08, 0x80, 0x11, 0x80, 0x10, 0x80, 0x11, 0x81, 0x10, 0x80, 0x0E, 0x80, 0x02,
    0x80, 0x06, 0x9C, 0x11, 0x80, 0x0C, 0x80, 0x02, 0x80, 0x00, 0x01, 0x81, 0x00, 0x80, 0x06, 0x80,
    0x0A, 0x80, 0x01, 0x80, 0x05, 0x80, 0x0F, 0x8D, 0x11, 0x80, 0x0A, 0x80, 0x0D, 0x8C, 0x11, 0x80,
    0x0F, 0x80, 0x09, 0x80, 0x03, 0x80, 0x00, 0x80, 0x01, 0x80, 0x00, 0x80, 0x06, 0x80, 0x0F, 0x81,
    0x11, 0x80, 0x0F, 0x80, 0x07, 0x80, 0x00, 0x80, 0x07, 0x80, 0x11, 0x80, 0x10, 0x80, 0x11, 0x80,
    0x0B, 0x80, 0x03, 0x80, 0x05, 0x80, 0x0A, 0x80, 0x02, 0x80, 0x07, 0x9C, 0x11, 0x80, 0x0A, 0x81,
    0x00, 0x00, 0x81, 0x00, 0x80, 0x06, 0x80, 0x10, 0x80, 0x11, 0x80, 0x09, 0x80, 0x00, 0x80, 0x08,
    0x80, 0x11, 0x80, 0x10, 0x8A, 0x11, 0x80, 0x0F, 0x80, 0x02, 0x80, 0x0A, 0x8A, 0x11, 0x80, 0x0A,
    0x80, 0x08, 0x80, 0x04, 0x82, 0x00, 0x80, 0x02, 0x80, 0x07, 0x80, 0x0C, 0x80, 0x11, 0x80, 0x0E,
    0x80, 0x07, 0x80, 0x03, 0x80, 0x00, 0x80, 0x07, 0x80, 0x11, 0x80, 0x10, 0x80, 0x11, 0x80, 0x0D,
    0x80, 0x01, 0x81, 0x06, 0x80, 0x03, 0x80, 0x00, 0x80, 0x09, 0x9C, 0x11, 0x80, 0x08, 0x80, 0x00,
    0x01, 0x80, 0x00, 0x80, 0x03, 0x80, 0x0B, 0x80, 0x11, 0x80, 0x10, 0x80, 0x11, 0x80, 0x06, 0x80,
    0x02, 0x80, 0x0D, 0x87, 0x11, 0x80, 0x0F, 0x80, 0x10, 0x80, 0x11, 0x80, 0x10, 0x80, 0x07, 0x80,
    0x04, 0x89, 0x11, 0x80, 0x0D, 0x80, 0x06, 0x84, 0x00, 0x80, 0x05, 0x80, 0x0C, 0x81, 0x11, 0x80,
    0x0F, 0x80, 0x05, 0x80, 0x00, 0x80, 0x07, 0x80, 0x0B, 0x80, 0x11, 0x81, 0x10, 0x80, 0x11, 0x80,
    0x08, 0x80, 0x01, 0x80, 0x0E, 0x80, 0x0D, 0x80, 0x02, 0x80, 0x00, 0x80, 0x0A, 0x9C, 0x11, 0x80,
    0x07, 0x80, 0x00, 0x00, 0x81, 0x00, 0x80, 0x08, 0x83, 0x11, 0x80, 0x0A, 0x80, 0x00, 0x80, 0x0A,
    0x80, 0x11, 0x80, 0x10, 0x85, 0x11, 0x80, 0x09, 0x80, 0x04, 0x80, 0x06, 0x81, 0x04, 0x80, 0x0B,
    0x87, 0x11, 0x80, 0x10, 0x80, 0x11, 0x80, 0x07, 0x80, 0x00, 0x80, 0x01, 0x80, 0x00, 0x80, 0x01,
    0x80, 0x04, 0x80, 0x02, 0x80, 0x0B, 0x81, 0x11, 0x80, 0x0D, 0x80, 0x07, 0x80, 0x01, 0x80, 0x0A,
    0x81, 0x11, 0x83, 0x10, 0x80, 0x03, 0x80, 0x07, 0x81, 0x11, 0x80, 0x0A, 0x80, 0x00, 0x80, 0x0A,
    0x91, 0x11, 0x81, 0x07, 0x87, 0x11, 0x80, 0x10, 0x80, 0x06, 0x80, 0x00, 0x00, 0x80, 0x00, 0x80,
    0x03, 0x80, 0x0D, 0x83, 0x11, 0x80, 0x0F, 0x80, 0x02, 0x80, 0x05, 0x80, 0x0F, 0x86, 0x11, 0x80,
    0x10, 0x80, 0x0A, 0x80, 0x06, 0x80, 0x09, 0x80, 0x0E, 0x89, 0x11, 0x80, 0x10, 0x80, 0x06, 0x81,
    0x00, 0x80, 0x05, 0x80, 0x0A, 0x80, 0x0D, 0x80, 0x0C, 0x80, 0x11, 0x80, 0x0C, 0x80, 0x06, 0x81,
    0x01, 0x80, 0x0A, 0x80, 0x11, 0x80, 0x10, 0x83, 0x11, 0x80, 0x0B, 0x80, 0x01, 0x80, 0x09, 0x80,
    0x11, 0x81, 0x10, 0x80, 0x07, 0x80, 0x00, 0x80, 0x09, 0x80, 0x10, 0x81, 0x11, 0x80, 0x10, 0x85,
    0x11, 0x82, 0x10, 0x81, 0x11, 0x80, 0x0E, 0x80, 0x07, 0x80, 0x00, 0x80, 0x0A, 0x87, 0x11, 0x80,
    0x0D, 0x80, 0x02, 0x80, 0x00, 0x00, 0x80, 0x00, 0x80, 0x05, 0x80, 0x10, 0x82, 0x11, 0x80, 0x10,
    0x80, 0x11, 0x80, 0x09, 0x80, 0x00, 0x80, 0x06, 0x80, 0x0F, 0x95, 0x11, 0x80, 0x0C, 0x80, 0x07,
    0x80, 0x08, 0x80, 0x0E, 0x82, 0x11, 0x80, 0x0B, 0x80, 0x02, 0x80, 0x03, 0x80, 0x08, 0x80, 0x0C,
    0x84, 0x11, 0x80, 0x10, 0x80, 0x11, 0x80, 0x09, 0x80, 0x00, 0x80, 0x09, 0x80, 0x11, 0x80, 0x10,
    0x80, 0x11, 0x80, 0x0F, 0x80, 0x07, 0x80, 0x01, 0x80, 0x03, 0x80, 0x07, 0x80, 0x0E, 0x89, 0x11,
    0x80, 0x0D, 0x80, 0x09, 0x81, 0x02, 0x80, 0x0A, 0x86, 0x11, 0x80, 0x10, 0x80, 0x11, 0x80, 0x08,
    0x80, 0x00, 0x01, 0x80, 0x00, 0x80, 0x05, 0x80, 0x10, 0x82, 0x11, 0x81, 0x10, 0x80, 0x11, 0x80,
    0x09, 0x80, 0x00, 0x80, 0x09, 0x80, 0x11, 0x80, 0x10, 0x97, 0x11, 0x80, 0x0E, 0x80, 0x07, 0x80,
    0x05, 0x80, 0x00, 0x80, 0x06, 0x80, 0x10, 0x88, 0x11, 0x80, 0x0A, 0x80, 0x00, 0x80, 0x0A, 0x84,
    0x11, 0x80, 0x0B, 0x80, 0x09, 0x80, 0x02, 0x80, 0x04, 0x80, 0x0B, 0x80, 0x0F, 0x80, 0x0D, 0x80,
    0x0F, 0x80, 0x0A, 0x81, 0x09, 0x80, 0x08, 0x80, 0x09, 0x80, 0x08, 0x80, 0x02, 0x80, 0x03, 0x80,
    0x07, 0x80, 0x0D, 0x86, 0x11, 0x80, 0x10, 0x80, 0x11, 0x80, 0x09, 0x80, 0x01, 0x80, 0x00, 0x01,
    0x80, 0x00, 0x80, 0x02, 0x80, 0x0C, 0x80, 0x11, 0x80, 0x10, 0x80, 0x11, 0x80, 0x10, 0x80, 0x11,
    0x80, 0x0F, 0x80, 0x09, 0x80, 0x00, 0x80, 0x01, 0x80, 0x0A, 0x97, 0x11, 0x80, 0x0B, 0x80, 0x05,
    0x80, 0x00, 0x80, 0x04, 0x80, 0x08, 0x80, 0x10, 0x80, 0x11, 0x80, 0x10, 0x87, 0x11, 0x80, 0x09,
    0x80, 0x00, 0x80, 0x0B, 0x86, 0x11, 0x80, 0x0D, 0x80, 0x05, 0x80, 0x01, 0x80, 0x02, 0x80, 0x03,
    0x81, 0x02, 0x81, 0x03, 0x80, 0x01, 0x80, 0x00, 0x80, 0x02, 0x80, 0x08, 0x80, 0x0E, 0x87, 0x11,
    0x80, 0x10, 0x80, 0x11, 0x80, 0x0A, 0x81, 0x00, 0x02, 0x81, 0x00, 0x80, 0x07, 0x80, 0x0E, 0x80,
    0x10, 0x80, 0x11, 0x80, 0x0F, 0x80, 0x0B, 0x80, 0x06, 0x83, 0x00, 0x80, 0x07, 0x80, 0x0B, 0x81,
    0x11, 0x80, 0x10, 0x87, 0x11, 0x80, 0x10, 0x85, 0x11, 0x80, 0x10, 0x80, 0x0E, 0x80, 0x0C, 0x80,
    0x08, 0x81, 0x01, 0x80, 0x08, 0x80, 0x0F, 0x8B, 0x11, 0x80, 0x0A, 0x80, 0x00, 0x80, 0x09, 0x85,
    0x11, 0x80, 0x10, 0x81, 0x11, 0x80, 0x0B, 0x82, 0x09, 0x80, 0x0C, 0x81, 0x0F, 0x80, 0x0D, 0x80,
    0x0B, 0x80, 0x0F, 0x81, 0x11, 0x80, 0x10, 0x85, 0x11, 0x80, 0x10, 0x80, 0x11, 0x80, 0x0B, 0x81,
    0x00, 0x04, 0x81, 0x00, 0x80, 0x03, 0x81, 0x07, 0x80, 0x05, 0x80, 0x01, 0x81, 0x00, 0x01, 0x82,
    0x00, 0x80, 0x07, 0x80, 0x0D, 0x8D, 0x11, 0x80, 0x0C, 0x80, 0x08, 0x80, 0x07, 0x80, 0x05, 0x80,
    0x01, 0x81, 0x00, 0x80, 0x09, 0x80, 0x11, 0x81, 0x10, 0x81, 0x11, 0x80, 0x10, 0x88, 0x11, 0x80,
    0x05, 0x80, 0x06, 0x9C, 0x11, 0x80, 0x0D, 0x80, 0x05, 0x80, 0x00, 0x06, 0x85, 0x00, 0x05, 0x81,
    0x00, 0x80, 0x04, 0x80, 0x07, 0x80, 0x08, 0x80, 0x0B, 0x80, 0x0F, 0x83, 0x11, 0x80, 0x0D, 0x80,
    0x09, 0x81, 0x0C, 0x80, 0x0A, 0x80, 0x07, 0x80, 0x01, 0x85, 0x00, 0x80, 0x05, 0x80, 0x0A, 0x80,
    0x0E, 0x80, 0x10, 0x82, 0x11, 0x80, 0x10, 0x81, 0x0F, 0x80, 0x10, 0x80, 0x0E, 0x80, 0x0B, 0x80,
    0x0A, 0x80, 0x09, 0x80, 0x07, 0x80, 0x04, 0x80, 0x02, 0x80, 0x0C, 0x99, 0x11, 0x80, 0x10, 0x80,
    0x0B, 0x80, 0x05, 0x80, 0x00, 0x14, 0x84, 0x00, 0x80, 0x05, 0x80, 0x07, 0x81, 0x08, 0x80, 0x07,
    0x80, 0x03, 0x80, 0x01, 0x81, 0x02, 0x82, 0x00, 0x04, 0x82, 0x00, 0x80, 0x03, 0x80, 0x06, 0x83,
    0x07, 0x82, 0x05, 0x80, 0x03, 0x85, 0x00, 0x80, 0x07, 0x80, 0x11, 0x80, 0x10, 0x93, 0x11, 0x80,
    0x10, 0x80, 0x11, 0x80, 0x0A, 0x80, 0x09, 0x80, 0x06, 0x81, 0x00, 0x19, 0x89, 0x00, 0x09, 0x8B,
    0x00, 0x03, 0x81, 0x00, 0x80, 0x0A, 0x80, 0x11, 0x80, 0x10, 0x91, 0x11, 0x80, 0x10, 0x80, 0x11,
    0x80, 0x0A, 0x83, 0x00, 0x3F, 0x80, 0x00, 0x80, 0x03, 0x80, 0x0A, 0x81, 0x11, 0x80, 0x10, 0x85,
    0x11, 0x80, 0x10, 0x84, 0x11, 0x80, 0x10, 0x82, 0x11, 0x80, 0x10, 0x80, 0x09, 0x81, 0x00, 0x43,
    0x81, 0x00, 0x80, 0x07, 0x80, 0x0C, 0x87, 0x11, 0x80, 0x10, 0x85, 0x11, 0x80, 0x0D, 0x80, 0x0A,
    0x80, 0x05, 0x81, 0x00, 0x45, 0x81, 0x00, 0x80, 0x01, 0x80, 0x07, 0x80, 0x09, 0x80, 0x0C, 0x81,
    0x0E, 0x80, 0x0D, 0x80, 0x0A, 0x80, 0x09, 0x80, 0x06, 0x80, 0x07, 0x80, 0x09, 0x81, 0x08, 0x80,
    0x0A, 0x80, 0x07, 0x80, 0x02, 0x82, 0x00, 0x48, 0x82, 0x00, 0x80, 0x01, 0x81, 0x04, 0x80, 0x02,
    0x89, 0x00, 0x4F, 0x82, 0x00, 0x7F, 0x7F, 0x7F, 0x7F, 0x7F, 0x7F, 0x7F, 0x7F, 0x7F, 0x7F, 0x7F,
    0x7F, 0x7F, 0x7F, 0x7F, 0x7F, 0x7F, 0x3A, 0x83, 0x00, 0x55, 0x82, 0x00, 0x80, 0x01, 0x81, 0x03,
    0x82, 0x00, 0x10,
];

#[rustfmt::skip]
const POSE_ALERT_EARS_UP: &[u8] = &[
    0x03, 0x83, 0x00, 0x38, 0x85, 0x00, 0x03, 0x82, 0x00, 0x80, 0x01, 0x83, 0x00, 0x35, 0x81, 0x00,
    0x80, 0x03, 0x80, 0x05, 0x80, 0x07, 0x80, 0x06, 0x81, 0x00, 0x01, 0x81, 0x00, 0x80, 0x07, 0x83,
    0x09, 0x80, 0x05, 0x81, 0x00, 0x32, 0x81, 0x00, 0x80, 0x02, 0x80, 0x08, 0x80, 0x0C, 0x80, 0x0F,
    0x80, 0x11, 0x80, 0x10, 0x80, 0x0A, 0x80, 0x01, 0x82, 0x00, 0x80, 0x08, 0x84, 0x11, 0x80, 0x0E,
    0x80, 0x08, 0x81, 0x00, 0x31, 0x80, 0x00, 0x80, 0x03, 0x80, 0x0B, 0x83, 0x11, 0x80, 0x10, 0x80,
    0x11, 0x80, 0x05, 0x81, 0x00, 0x80, 0x03, 0x80, 0x0D, 0x80, 0x11, 0x80, 0x10, 0x84, 0x11, 0x80,
    0x09, 0x81, 0x00, 0x2F, 0x80, 0x00, 0x80, 0x01, 0x80, 0x0B, 0x80, 0x11, 0x80, 0x10, 0x83, 0x11,
    0x80, 0x10, 0x80, 0x05, 0x81, 0x00, 0x80, 0x04, 0x80, 0x0E, 0x85, 0x11, 0x80, 0x10, 0x80, 0x11,
    0x80, 0x08, 0x81, 0x00, 0x2D, 0x81, 0x00, 0x80, 0x09, 0x80, 0x11, 0x80, 0x10, 0x84, 0x11, 0x80,
    0x0F, 0x80, 0x04, 0x82, 0x00, 0x80, 0x0A, 0x80, 0x11, 0x80, 0x10, 0x85, 0x11, 0x80, 0x0E, 0x80,
    0x05, 0x80, 0x00, 0x2D, 0x80, 0x00, 0x80, 0x06, 0x81, 0x10, 0x85, 0x11, 0x80, 0x09, 0x81, 0x00,
    0x00, 0x80, 0x00, 0x80, 0x05, 0x80, 0x10, 0x85, 0x11, 0x80, 0x10, 0x80, 0x11, 0x80, 0x08, 0x81,
    0x00, 0x2B, 0x81, 0x00, 0x80, 0x0A, 0x86, 0x11, 0x80, 0x10, 0x80, 0x05, 0x80, 0x00, 0x01, 0x81,
    0x00, 0x80, 0x06, 0x80, 0x0F, 0x86, 0x11, 0x80, 0x0D, 0x80, 0x03, 0x80, 0x00, 0x2B, 0x80, 0x00,
    0x80, 0x05, 0x80, 0x0F, 0x84, 0x11, 0x80, 0x10, 0x80, 0x11, 0x80, 0x09, 0x81, 0x00, 0x02, 0x81,
    0x00, 0x80, 0x06, 0x80, 0x0F, 0x86, 0x11, 0x80, 0x06, 0x80, 0x00, 0x2A, 0x81, 0x00, 0x80, 0x08,
    0x86, 0x11, 0x80, 0x0C, 0x80, 0x02, 0x80, 0x00, 0x04, 0x81, 0x00, 0x80, 0x08, 0x80, 0x11, 0x80,
    0x10, 0x84, 0x11, 0x80, 0x09, 0x81, 0x00, 0x29, 0x81, 0x00, 0x80, 0x0B, 0x84, 0x11, 0x80, 0x10,
    0x80, 0x11, 0x80, 0x06, 0x81, 0x00, 0x05, 0x81, 0x00, 0x80, 0x09, 0x80, 0x11, 0x80, 0x10, 0x83,
    0x11, 0x80, 0x0B, 0x80, 0x01, 0x80, 0x00, 0x29, 0x80, 0x00, 0x80, 0x04, 0x80, 0x0D, 0x85, 0x11,
    0x80, 0x0A, 0x81, 0x00, 0x07, 0x80, 0x00, 0x80, 0x01, 0x80, 0x0B, 0x84, 0x11, 0x80, 0x0D, 0x80,
    0x04, 0x80, 0x00, 0x29, 0x80, 0x00, 0x80, 0x06, 0x85, 0x11, 0x80, 0x0E, 0x80, 0x03, 0x80, 0x00,
    0x09, 0x80, 0x00, 0x80, 0x05, 0x80, 0x0F, 0x83, 0x11, 0x80, 0x0F, 0x80, 0x05, 0x80, 0x00, 0x29,
    0x80, 0x00, 0x80, 0x09, 0x85, 0x11, 0x80, 0x08, 0x81, 0x00, 0x09, 0x81, 0x00, 0x80, 0x09, 0x84,
    0x11, 0x80, 0x07, 0x80, 0x00, 0x28, 0x81, 0x00, 0x80, 0x09, 0x84, 0x11, 0x80, 0x0B, 0x80, 0x01,
    0x80, 0x00, 0x0B, 0x80, 0x00, 0x80, 0x05, 0x80, 0x0F, 0x81, 0x11, 0x80, 0x10, 0x80, 0x11, 0x80,
    0x07, 0x80, 0x00, 0x28, 0x80, 0x00, 0x80, 0x01, 0x80, 0x0B, 0x82, 0x11, 0x80, 0x10, 0x80, 0x11,
    0x80, 0x07, 0x81, 0x00, 0x0B, 0x81, 0x00, 0x80, 0x0A, 0x80, 0x11, 0x81, 0x10, 0x80, 0x11, 0x80,
    0x07, 0x81, 0x00, 0x27, 0x80, 0x00, 0x80, 0x03, 0x80, 0x0F, 0x81, 0x11, 0x80, 0x10, 0x80, 0x11,
    0x80, 0x0B, 0x80, 0x01, 0x80, 0x00, 0x0D, 0x80, 0x00, 0x80, 0x05, 0x80, 0x0F, 0x80, 0x11, 0x80,
    0x10, 0x80, 0x11, 0x80, 0x07, 0x81, 0x00, 0x27, 0x80, 0x00, 0x80, 0x05, 0x80, 0x0E, 0x80, 0x10,
    0x80, 0x11, 0x80, 0x10, 0x80, 0x11, 0x80, 0x06, 0x81, 0x00, 0x0D, 0x81, 0x00, 0x80, 0x0A, 0x80,
    0x11, 0x80, 0x10, 0x80, 0x11, 0x80, 0x09, 0x81, 0x00, 0x0F, 0x81, 0x00, 0x03, 0x81, 0x00, 0x0F,
    0x80, 0x00, 0x80, 0x06, 0x82, 0x10, 0x80, 0x11, 0x80, 0x0B, 0x81, 0x00, 0x0F, 0x80, 0x00, 0x80,
    0x06, 0x80, 0x11, 0x80, 0x10, 0x80, 0x11, 0x80, 0x0B, 0x81, 0x00, 0x09, 0x92, 0x00, 0x0A, 0x80,
    0x00, 0x80, 0x07, 0x80, 0x11, 0x81, 0x10, 0x80, 0x11, 0x80, 0x07, 0x80, 0x00, 0x10, 0x80, 0x00,
    0x80, 0x01, 0x80, 0x0B, 0x81, 0x11, 0x80, 0x0A, 0x80, 0x01, 0x80, 0x00, 0x06, 0x85, 0x00, 0x80,
    0x04, 0x80, 0x07, 0x80, 0x09, 0x81, 0x0B, 0x80, 0x09, 0x82, 0x07, 0x80, 0x09, 0x80, 0x0A, 0x80,
    0x07, 0x80, 0x05, 0x80, 0x02, 0x80, 0x01, 0x84, 0x00, 0x06, 0x80, 0x00, 0x80, 0x08, 0x80, 0x11,
    0x80, 0x10, 0x80, 0x11, 0x80, 0x0B, 0x80, 0x01, 0x80, 0x00, 0x11, 0x80, 0x00, 0x80, 0x09, 0x81,
    0x11, 0x80, 0x0A, 0x80, 0x01, 0x80, 0x00, 0x03, 0x83, 0x00, 0x80, 0x05, 0x80, 0x09, 0x80, 0x0A,
    0x80, 0x0B, 0x80, 0x0C, 0x80, 0x0D, 0x8A, 0x11, 0x80, 0x0E, 0x80, 0x0D, 0x80, 0x0C, 0x80, 0x09,
    0x80, 0x06, 0x80, 0x04, 0x80, 0x05, 0x83, 0x00, 0x02, 0x81, 0x00, 0x80, 0x07, 0x80, 0x11, 0x80,
    0x10, 0x80, 0x11, 0x80, 0x08, 0x81, 0x00, 0x11, 0x80, 0x00, 0x80, 0x06, 0x80, 0x0F, 0x80, 0x11,
    0x80, 0x0A, 0x80, 0x01, 0x80, 0x00, 0x01, 0x82, 0x00, 0x80, 0x04, 0x80, 0x07, 0x80, 0x09, 0x80,
    0x0E, 0x8B, 0x11, 0x80, 0x10, 0x86, 0x11, 0x80, 0x10, 0x80, 0x0E, 0x80, 0x0F, 0x80, 0x0A, 0x80,
    0x05, 0x83, 0x00, 0x00, 0x81, 0x00, 0x80, 0x07, 0x80, 0x11, 0x80, 0x10, 0x80, 0x0E, 0x80, 0x04,
    0x80, 0x00, 0x12, 0x81, 0x00, 0x80, 0x0B, 0x80, 0x11, 0x80, 0x0A, 0x80, 0x01, 0x82, 0x00, 0x80,
    0x02, 0x80, 0x08, 0x80, 0x0B, 0x80, 0x0D, 0x95, 0x11, 0x80, 0x10, 0x83, 0x11, 0x80, 0x0F, 0x80,
    0x0B, 0x80, 0x08, 0x80, 0x04, 0x83, 0x00, 0x80, 0x07, 0x81, 0x11, 0x80, 0x09, 0x81, 0x00, 0x13,
    0x80, 0x00, 0x80, 0x08, 0x80, 0x11, 0x80, 0x0A, 0x80, 0x02, 0x81, 0x00, 0x80, 0x05, 0x80, 0x0B,
    0x82, 0x11, 0x80, 0x10, 0x9C, 0x11, 0x80, 0x0E, 0x80, 0x07, 0x82, 0x00, 0x80, 0x08, 0x80, 0x11,
    0x80, 0x10, 0x80, 0x06, 0x80, 0x00, 0x14, 0x80, 0x00, 0x80, 0x03, 0x80, 0x0D, 0x80, 0x09, 0x81,
    0x00, 0x80, 0x08, 0x80, 0x10, 0xA3, 0x11, 0x80, 0x09, 0x80, 0x03, 0x80, 0x00, 0x80, 0x09, 0x80,
    0x11, 0x80, 0x0A, 0x81, 0x00, 0x15, 0x80, 0x00, 0x80, 0x05, 0x80, 0x00, 0x80, 0x05, 0x80, 0x0A,
    0x80, 0x09, 0x80, 0x05, 0x80, 0x04, 0x80, 0x05, 0x80, 0x07, 0x80, 0x0C, 0x9A, 0x11, 0x80, 0x0C,
    0x80, 0x08, 0x81, 0x06, 0x80, 0x0A, 0x80, 0x10, 0x80, 0x0C, 0x80, 0x02, 0x80, 0x00, 0x80, 0x09,
    0x80, 0x06, 0x80, 0x00, 0x16, 0x81, 0x00, 0x80, 0x07, 0x80, 0x0A, 0x80, 0x03, 0x80, 0x00, 0x80,
    0x06, 0x81, 0x07, 0x80, 0x04, 0x80, 0x00, 0x80, 0x08, 0x97, 0x11, 0x80, 0x0E, 0x80, 0x07, 0x80,
    0x00, 0x80, 0x01, 0x81, 0x05, 0x81, 0x01, 0x81, 0x0A, 0x80, 0x04, 0x82, 0x00, 0x14, 0x81, 0x00,
    0x80, 0x02, 0x80, 0x09, 0x80, 0x08, 0x80, 0x00, 0x80, 0x06, 0x80, 0x0B, 0x82, 0x11, 0x80, 0x10,
    0x80, 0x09, 0x80, 0x00, 0x80, 0x07, 0x95, 0x11, 0x80, 0x0C, 0x80, 0x03, 0x80, 0x02, 0x80, 0x09,
    0x80, 0x0D, 0x80, 0x11, 0x80, 0x10, 0x80, 0x0C, 0x80, 0x07, 0x80, 0x00, 0x80, 0x07, 0x80, 0x0F,
    0x80, 0x0A, 0x80, 0x04, 0x81, 0x00, 0x12, 0x81, 0x00, 0x80, 0x04, 0x80, 0x0E, 0x80, 0x0A, 0x80,
    0x00, 0x80, 0x07, 0x80, 0x10, 0x80, 0x11, 0x81, 0x10, 0x82, 0x11, 0x80, 0x0B, 0x80, 0x00, 0x80,
    0x08, 0x93, 0x11, 0x80, 0x0D, 0x80, 0x03, 0x80, 0x05, 0x80, 0x10, 0x85, 0x11, 0x80, 0x08, 0x80,
    0x00, 0x80, 0x0A, 0x80, 0x11, 0x80, 0x0C, 0x80, 0x04, 0x81, 0x00, 0x11, 0x80, 0x00, 0x80, 0x04,
    0x80, 0x0C, 0x80, 0x0D, 0x80, 0x01, 0x80, 0x07, 0x81, 0x10, 0x84, 0x11, 0x80, 0x10, 0x80, 0x11,
    0x80, 0x08, 0x80, 0x02, 0x80, 0x0E, 0x92, 0x11, 0x80, 0x07, 0x80, 0x02, 0x80, 0x0F, 0x80, 0x11,
    0x80, 0x10, 0x85, 0x11, 0x80, 0x07, 0x80, 0x02, 0x80, 0x0D, 0x80, 0x11, 0x80, 0x0C, 0x80, 0x05,
    0x80, 0x00, 0x10, 0x80, 0x00, 0x80, 0x02, 0x80, 0x0B, 0x80, 0x11, 0x80, 0x06, 0x80, 0x04, 0x89,
    0x11, 0x80, 0x0F, 0x80, 0x03, 0x80, 0x08, 0x91, 0x11, 0x80, 0x0C, 0x80, 0x00, 0x80, 0x0A, 0x88,
    0x11, 0x80, 0x0D, 0x80, 0x01, 0x80, 0x09, 0x81, 0x11, 0x80, 0x0C, 0x80, 0x02, 0x80, 0x00, 0x0E,
    0x81, 0x00, 0x80, 0x09, 0x80, 0x11, 0x80, 0x0B, 0x80, 0x00, 0x80, 0x0A, 0x88, 0x11, 0x80, 0x10,
    0x80, 0x11, 0x80, 0x07, 0x80, 0x05, 0x91, 0x11, 0x80, 0x07, 0x80, 0x05, 0x88, 0x11, 0x80, 0x10,
    0x80, 0x11, 0x80, 0x07, 0x80, 0x05, 0x80, 0x11, 0x80, 0x10, 0x80, 0x11, 0x80, 0x09, 0x81, 0x00,
    0x0D, 0x80, 0x00, 0x80, 0x07, 0x81, 0x11, 0x80, 0x08, 0x80, 0x05, 0x8B, 0x11, 0x80, 0x0C, 0x80,
    0x09, 0x91, 0x11, 0x80, 0x06, 0x80, 0x09, 0x8A, 0x11, 0x80, 0x0A, 0x80, 0x02, 0x80, 0x0B, 0x82,
    0x11, 0x80, 0x08, 0x81, 0x00, 0x0B, 0x80, 0x00, 0x80, 0x03, 0x80, 0x0D, 0x80, 0x11, 0x80, 0x10,
    0x80, 0x04, 0x80, 0x08, 0x9F, 0x11, 0x80, 0x0D, 0x80, 0x0F, 0x8A, 0x11, 0x80, 0x0D, 0x80, 0x01,
    0x80, 0x0A, 0x82, 0x11, 0x80, 0x0D, 0x80, 0x03, 0x80, 0x00, 0x0A, 0x81, 0x00, 0x80, 0x09, 0x80,
    0x11, 0x81, 0x10, 0x80, 0x07, 0x80, 0x0C, 0xAC, 0x11, 0x80, 0x10, 0x80, 0x0A, 0x80, 0x0E, 0x82,
    0x11, 0x80, 0x10, 0x80, 0x05, 0x80, 0x00, 0x0A, 0x80, 0x00, 0x80, 0x03, 0x80, 0x0D, 0xB8, 0x11,
    0x80, 0x09, 0x81, 0x00, 0x09, 0x80, 0x00, 0x80, 0x07, 0x80, 0x11, 0x80, 0x10, 0xB7, 0x11, 0x80,
    0x10, 0x80, 0x05, 0x80, 0x00, 0x08, 0x81, 0x00, 0x80, 0x0A, 0xB8, 0x11, 0x80, 0x10, 0x80, 0x11,
    0x80, 0x09, 0x80, 0x00, 0x08, 0x80, 0x00, 0x80, 0x04, 0x80, 0x0D, 0xAD, 0x11, 0x80, 0x10, 0x8B,
    0x11, 0x80, 0x0A, 0x81, 0x00, 0x07, 0x80, 0x00, 0x80, 0x07, 0x8A, 0x11, 0x80, 0x09, 0x80, 0x05,
    0x80, 0x08, 0x9F, 0x11, 0x80, 0x0A, 0x80, 0x04, 0x80, 0x07, 0x80, 0x0E, 0x89, 0x11, 0x80, 0x09,
    0x80, 0x01, 0x80, 0x00, 0x07, 0x80, 0x00, 0x80, 0x08, 0x89, 0x11, 0x80, 0x0A, 0x82, 0x00, 0x80,
    0x09, 0x9D, 0x11, 0x80, 0x0C, 0x80, 0x01, 0x81, 0x00, 0x80, 0x08, 0x89, 0x11, 0x80, 0x0C, 0x80,
    0x02, 0x80, 0x00, 0x07, 0x80, 0x00, 0x80, 0x09, 0x87, 0x11, 0x80, 0x10, 0x80, 0x11, 0x80, 0x07,
    0x80, 0x00, 0x80, 0x02, 0x80, 0x00, 0x80, 0x07, 0x80, 0x11, 0x80, 0x10, 0x9B, 0x11, 0x80, 0x08,
    0x80, 0x00, 0x80, 0x02, 0x80, 0x00, 0x80, 0x06, 0x80, 0x11, 0x80, 0x10, 0x87, 0x11, 0x80, 0x0F,
    0x80, 0x04, 0x80, 0x00, 0x07, 0x80, 0x00, 0x80, 0x09, 0x89, 0x11, 0x80, 0x0B, 0x82, 0x00, 0x80,
    0x0A, 0x9D, 0x11, 0x80, 0x0C, 0x80, 0x03, 0x81, 0x00, 0x80, 0x09, 0x89, 0x11, 0x80, 0x0E, 0x80,
    0x05, 0x80, 0x00, 0x07, 0x80, 0x00, 0x80, 0x09, 0x8A, 0x11, 0x80, 0x0A, 0x80, 0x06, 0x80, 0x0A,
    0x9F, 0x11, 0x80, 0x0B, 0x80, 0x09, 0x80, 0x0A, 0x8A, 0x11, 0x80, 0x0F, 0x80, 0x04, 0x80, 0x00,
    0x07, 0x80, 0x00, 0x80, 0x08, 0x80, 0x11, 0x80, 0x10, 0xB9, 0x11, 0x80, 0x0E, 0x80, 0x04, 0x80,
    0x00, 0x07, 0x80, 0x00, 0x80, 0x06, 0x80, 0x10, 0xBA, 0x11, 0x80, 0x0A, 0x81, 0x00, 0x07, 0x80,
    0x00, 0x80, 0x01, 0x80, 0x0C, 0xBA, 0x11, 0x80, 0x09, 0x81, 0x00, 0x08, 0x80, 0x00, 0x80, 0x08,
    0x80, 0x11, 0x80, 0x10, 0x95, 0x11, 0x81, 0x10, 0x9E, 0x11, 0x80, 0x10, 0x80, 0x11, 0x80, 0x06,
    0x80, 0x00, 0x09, 0x80, 0x00, 0x80, 0x05, 0x81, 0x10, 0xB7, 0x11, 0x80, 0x0C, 0x81, 0x00, 0x09,
    0x81, 0x00, 0x80, 0x0A, 0x80, 0x11, 0x80, 0x10, 0x93, 0x11, 0x80, 0x0A, 0x81, 0x07, 0x80, 0x0A,
    0x80, 0x0B, 0x80, 0x0A, 0x81, 0x0B, 0x80, 0x08, 0x82, 0x07, 0x80, 0x09, 0x94, 0x11, 0x80, 0x10,
    0x80, 0x06, 0x80, 0x00, 0x0B, 0x80, 0x00, 0x80, 0x05, 0x80, 0x10, 0x93, 0x11, 0x80, 0x08, 0x83,
    0x00, 0x83, 0x01, 0x84, 0x00, 0x80, 0x09, 0x91, 0x11, 0x80, 0x10, 0x80, 0x11, 0x80, 0x08, 0x81,
    0x00, 0x0B, 0x81, 0x00, 0x80, 0x08, 0x81, 0x10, 0x90, 0x11, 0x80, 0x0E, 0x80, 0x03, 0x80, 0x00,
    0x82, 0x01, 0x83, 0x00, 0x81, 0x01, 0x80, 0x00, 0x80, 0x01, 0x80, 0x00, 0x80, 0x07, 0x90, 0x11,
    0x80, 0x10, 0x80, 0x11, 0x80, 0x0C, 0x80, 0x02, 0x80, 0x00, 0x0D, 0x81, 0x00, 0x80, 0x09, 0x91,
    0x11, 0x80, 0x10, 0x80, 0x05, 0x8B, 0x00, 0x80, 0x02, 0x80, 0x0B, 0x8E, 0x11, 0x80, 0x10, 0x81,
    0x11, 0x80, 0x0A, 0x80, 0x03, 0x80, 0x00, 0x0F, 0x80, 0x00, 0x80, 0x01, 0x80, 0x09, 0x80, 0x0F,
    0x90, 0x11, 0x80, 0x0C, 0x82, 0x07, 0x80, 0x08, 0x80, 0x09, 0x80, 0x03, 0x80, 0x00, 0x80, 0x05,
    0x80, 0x0A, 0x82, 0x0B, 0x80, 0x0C, 0x8D, 0x11, 0x80, 0x10, 0x81, 0x11, 0x80, 0x0F, 0x80, 0x08,
    0x81, 0x00, 0x11, 0x81, 0x00, 0x80, 0x05, 0x80, 0x0A, 0x80, 0x10, 0x94, 0x11, 0x80, 0x0C, 0x80,
    0x08, 0x80, 0x0F, 0x93, 0x11, 0x80, 0x0F, 0x80, 0x09, 0x80, 0x05, 0x81, 0x00, 0x14, 0x81, 0x00,
    0x80, 0x05, 0x80, 0x09, 0x80, 0x0C, 0x80, 0x0F, 0x90, 0x11, 0x80, 0x10, 0x82, 0x11, 0x80, 0x10,
    0x8F, 0x11, 0x80, 0x10, 0x80, 0x0A, 0x80, 0x08, 0x80, 0x05, 0x82, 0x00, 0x16, 0x82, 0x00, 0x80,
    0x01, 0x80, 0x06, 0x80, 0x09, 0x80, 0x0C, 0x81, 0x0F, 0x80, 0x10, 0x8B, 0x11, 0x83, 0x10, 0x8B,
    0x11, 0x80, 0x10, 0x80, 0x0F, 0x80, 0x10, 0x80, 0x0C, 0x80, 0x09, 0x80, 0x06, 0x80, 0x01, 0x82,
    0x00, 0x1A, 0x83, 0x00, 0x80, 0x03, 0x82, 0x05, 0x80, 0x08, 0x80, 0x0B, 0x80, 0x0E, 0x80, 0x0F,
    0x82, 0x0D, 0x80, 0x0F, 0x8B, 0x11, 0x80, 0x10, 0x82, 0x0D, 0x80, 0x0F, 0x80, 0x0E, 0x80, 0x0D,
    0x80, 0x09, 0x80, 0x05, 0x80, 0x04, 0x80, 0x05, 0x80, 0x03, 0x83, 0x00, 0x1F, 0x85, 0x00, 0x80,
    0x01, 0x80, 0x04, 0x80, 0x05, 0x80, 0x04, 0x81, 0x02, 0x80, 0x05, 0x80, 0x08, 0x81, 0x0B, 0x80,
    0x09, 0x81, 0x07, 0x80, 0x06, 0x80, 0x07, 0x80, 0x08, 0x80, 0x0B, 0x80, 0x0A, 0x80, 0x07, 0x80,
    0x05, 0x80, 0x03, 0x80, 0x02, 0x80, 0x03, 0x81, 0x05, 0x80, 0x03, 0x85, 0x00, 0x28, 0x85, 0x00,
    0x80, 0x12, 0x80, 0x01, 0x83, 0x00, 0x82, 0x01, 0x82, 0x00, 0x80, 0x01, 0x80, 0x12, 0x80, 0x00,
    0x80, 0x02, 0x80, 0x01, 0x83, 0x00, 0x2F, 0x80, 0x00, 0x80, 0x01, 0x80, 0x0A, 0x80, 0x05, 0x80,
    0x12, 0x80, 0x15, 0x80, 0x16, 0x81, 0x15, 0x83, 0x16, 0x81, 0x15, 0x81, 0x16, 0x80, 0x12, 0x80,
    0x00, 0x80, 0x0B, 0x80, 0x09, 0x80, 0x00, 0x32, 0x80, 0x00, 0x80, 0x06, 0x80, 0x11, 0x80, 0x0D,
    0x80, 0x05, 0x80, 0x00, 0x80, 0x13, 0x80, 0x16, 0x81, 0x17, 0x81, 0x16, 0x81, 0x17, 0x80, 0x16,
    0x80, 0x14, 0x80, 0x00, 0x80, 0x02, 0x80, 0x0B, 0x80, 0x11, 0x80, 0x0E, 0x80, 0x04, 0x80, 0x00,
    0x30, 0x81, 0x00, 0x80, 0x0A, 0x81, 0x11, 0x80, 0x0E, 0x80, 0x08, 0x80, 0x03, 0x80, 0x00, 0x80,
    0x01, 0x80, 0x12, 0x82, 0x13, 0x80, 0x12, 0x80, 0x00, 0x80, 0x01, 0x80, 0x07, 0x80, 0x0C, 0x80,
    0x11, 0x80, 0x10, 0x80, 0x11, 0x80, 0x06, 0x80, 0x00, 0x30, 0x80, 0x00, 0x80, 0x02, 0x80, 0x0C,
    0x83, 0x11, 0x80, 0x0D, 0x80, 0x09, 0x80, 0x06, 0x80, 0x05, 0x81, 0x04, 0x80, 0x05, 0x80, 0x06,
    0x80, 0x09, 0x80, 0x0B, 0x84, 0x11, 0x80, 0x09, 0x81, 0x00, 0x2F, 0x80, 0x00, 0x80, 0x05, 0x80,
    0x0F, 0x87, 0x11, 0x81, 0x10, 0x83, 0x11, 0x80, 0x10, 0x83, 0x11, 0x80, 0x0C, 0x80, 0x02, 0x80,
    0x00, 0x2F, 0x80, 0x00, 0x80, 0x08, 0x85, 0x11, 0x81, 0x10, 0x8B, 0x11, 0x80, 0x10, 0x80, 0x05,
    0x80, 0x00, 0x2F, 0x80, 0x00, 0x80, 0x07, 0x80, 0x11, 0x80, 0x10, 0x90, 0x11, 0x80, 0x10, 0x80,
    0x11, 0x80, 0x08, 0x80, 0x00, 0x2E, 0x81, 0x00, 0x80, 0x09, 0x94, 0x11, 0x80, 0x0A, 0x81, 0x00,
    0x2D, 0x80, 0x00, 0x80, 0x01, 0x80, 0x0C, 0x94, 0x11, 0x80, 0x10, 0x80, 0x05, 0x80, 0x00, 0x2D,
    0x80, 0x00, 0x80, 0x04, 0x80, 0x0D, 0x95, 0x11, 0x80, 0x08, 0x80, 0x00, 0x2D, 0x80, 0x00, 0x80,
    0x06, 0x96, 0x11, 0x80, 0x0B, 0x80, 0x01, 0x80, 0x00, 0x21, 0x82, 0x00, 0x07, 0x80, 0x00, 0x80,
    0x07, 0x97, 0x11, 0x80, 0x06, 0x80, 0x00, 0x1E, 0x82, 0x00, 0x80, 0x02, 0x80, 0x03, 0x80, 0x01,
    0x81, 0x00, 0x05, 0x80, 0x00, 0x80, 0x0A, 0x97, 0x11, 0x80, 0x0B, 0x81, 0x00, 0x1C, 0x81, 0x00,
    0x80, 0x06, 0x80, 0x0A, 0x81, 0x0B, 0x80, 0x0A, 0x80, 0x05, 0x80, 0x00, 0x04, 0x81, 0x00, 0x80,
    0x0A, 0x97, 0x11, 0x80, 0x10, 0x80, 0x08, 0x80, 0x00, 0x1B, 0x80, 0x00, 0x80, 0x02, 0x80, 0x0A,
    0x83, 0x11, 0x80, 0x0F, 0x80, 0x06, 0x80, 0x00, 0x04, 0x80, 0x00, 0x80, 0x04, 0x80, 0x0D, 0x98,
    0x11, 0x80, 0x0E, 0x80, 0x05, 0x82, 0x00, 0x17, 0x80, 0x00, 0x80, 0x01, 0x80, 0x09, 0x80, 0x11,
    0x80, 0x10, 0x80, 0x11, 0x80, 0x10, 0x80, 0x11, 0x80, 0x07, 0x81, 0x00, 0x02, 0x82, 0x00, 0x80,
    0x09, 0x9A, 0x11, 0x80, 0x0D, 0x80, 0x07, 0x80, 0x02, 0x82, 0x00, 0x14, 0x81, 0x00, 0x80, 0x09,
    0x80, 0x11, 0x80, 0x10, 0x82, 0x11, 0x80, 0x0A, 0x81, 0x00, 0x02, 0x81, 0x00, 0x80, 0x05, 0x80,
    0x09, 0x9D, 0x11, 0x80, 0x0C, 0x80, 0x08, 0x80, 0x04, 0x81, 0x00, 0x13, 0x80, 0x00, 0x80, 0x05,
    0x80, 0x10, 0x83, 0x11, 0x80, 0x10, 0x80, 0x06, 0x80, 0x00, 0x00, 0x80, 0x00, 0x00, 0x81, 0x00,
    0x80, 0x08, 0x80, 0x0D, 0x9D, 0x11, 0x80, 0x10, 0x81, 0x11, 0x80, 0x0E, 0x80, 0x08, 0x81, 0x00,
    0x12, 0x80, 0x00, 0x80, 0x08, 0x80, 0x11, 0x80, 0x10, 0x82, 0x11, 0x80, 0x0B, 0x80, 0x01, 0x80,
    0x00, 0x01, 0x81, 0x00, 0x80, 0x08, 0xA1, 0x11, 0x80, 0x10, 0x81, 0x11, 0x80, 0x08, 0x81, 0x00,
    0x10, 0x81, 0x00, 0x80, 0x0A, 0x84, 0x11, 0x80, 0x08, 0x80, 0x00, 0x02, 0x80, 0x00, 0x80, 0x07,
    0x81, 0x10, 0xA2, 0x11, 0x80, 0x10, 0x80, 0x11, 0x80, 0x07, 0x80, 0x00, 0x10, 0x80, 0x00, 0x80,
    0x03, 0x80, 0x0D, 0x84, 0x11, 0x80, 0x06, 0x80, 0x00, 0x01, 0x80, 0x00, 0x80, 0x01, 0x80, 0x0B,
    0xA6, 0x11, 0x80, 0x0C, 0x81, 0x00, 0x0F, 0x80, 0x00, 0x80, 0x06, 0x80, 0x10, 0x84, 0x11, 0x80,
    0x07, 0x81, 0x00, 0x00, 0x80, 0x00, 0x80, 0x06, 0x86, 0x11, 0x80, 0x10, 0x9F, 0x11, 0x80, 0x0D,
    0x80, 0x04, 0x80, 0x00, 0x0F, 0x80, 0x00, 0x80, 0x05, 0x81, 0x10, 0x83, 0x11, 0x80, 0x0C, 0x80,
    0x02, 0x80, 0x00, 0x00, 0x80, 0x00, 0x80, 0x08, 0xA8, 0x11, 0x80, 0x07, 0x80, 0x00, 0x0F, 0x80,
    0x00, 0x80, 0x03, 0x80, 0x0D, 0x85, 0x11, 0x80, 0x06, 0x82, 0x00, 0x80, 0x0A, 0x85, 0x11, 0x80,
    0x10, 0x80, 0x09, 0x80, 0x0D, 0x84, 0x11, 0x80, 0x0D, 0x80, 0x07, 0x80, 0x0D, 0x83, 0x11, 0x80,
    0x07, 0x80, 0x08, 0x85, 0x11, 0x80, 0x09, 0x80, 0x08, 0x80, 0x11, 0x80, 0x10, 0x87, 0x11, 0x80,
    0x07, 0x81, 0x00, 0x0E, 0x81, 0x00, 0x80, 0x0A, 0x80, 0x11, 0x80, 0x10, 0x83, 0x11, 0x80, 0x0D,
    0x80, 0x05, 0x81, 0x00, 0x80, 0x0A, 0x85, 0x11, 0x80, 0x0D, 0x80, 0x01, 0x80, 0x09, 0x84, 0x11,
    0x80, 0x0A, 0x80, 0x00, 0x80, 0x0B, 0x83, 0x11, 0x81, 0x05, 0x84, 0x11, 0x80, 0x10, 0x80, 0x03,
    0x80, 0x05, 0x89, 0x11, 0x80, 0x07, 0x81, 0x00, 0x0F, 0x80, 0x00, 0x80, 0x05, 0x80, 0x10, 0x85,
    0x11, 0x80, 0x0D, 0x80, 0x07, 0x80, 0x00, 0x80, 0x09, 0x85, 0x11, 0x80, 0x0D, 0x80, 0x02, 0x80,
    0x07, 0x80, 0x11, 0x80, 0x10, 0x82, 0x11, 0x80, 0x0A, 0x80, 0x00, 0x80, 0x0C, 0x83, 0x11, 0x80,
    0x06, 0x80, 0x04, 0x80, 0x0E, 0x80, 0x10, 0x82, 0x11, 0x80, 0x0E, 0x80, 0x01, 0x80, 0x09, 0x88,
    0x11, 0x80, 0x10, 0x80, 0x06, 0x80, 0x00, 0x10, 0x81, 0x00, 0x80, 0x07, 0x80, 0x10, 0x80, 0x11,
    0x83, 0x10, 0x80, 0x11, 0x80, 0x0F, 0x80, 0x02, 0x80, 0x07, 0x85, 0x11, 0x80, 0x10, 0x81, 0x05,
    0x80, 0x11, 0x80, 0x10, 0x82, 0x11, 0x80, 0x09, 0x80, 0x00, 0x80, 0x0C, 0x81, 0x11, 0x80, 0x10,
    0x80, 0x11, 0x80, 0x06, 0x80, 0x02, 0x80, 0x0D, 0x83, 0x11, 0x80, 0x0A, 0x80, 0x00, 0x80, 0x09,
    0x88, 0x11, 0x80, 0x0D, 0x80, 0x02, 0x80, 0x00, 0x11, 0x81, 0x00, 0x80, 0x07, 0x80, 0x0D, 0x83,
    0x11, 0x80, 0x10, 0x80, 0x11, 0x80, 0x07, 0x80, 0x01, 0x80, 0x0D, 0x83, 0x11, 0x80, 0x10, 0x80,
    0x11, 0x80, 0x07, 0x80, 0x02, 0x80, 0x0D, 0x83, 0x11, 0x80, 0x06, 0x80, 0x01, 0x80, 0x0C, 0x81,
    0x11, 0x80, 0x10, 0x80, 0x11, 0x80, 0x08, 0x80, 0x01, 0x80, 0x0E, 0x83, 0x11, 0x80, 0x09, 0x80,
    0x00, 0x80, 0x0A, 0x86, 0x11, 0x80, 0x10, 0x80, 0x11, 0x80, 0x0A, 0x81, 0x00, 0x12, 0x81, 0x00,
    0x80, 0x02, 0x80, 0x07, 0x80, 0x09, 0x80, 0x0C, 0x80, 0x0D, 0x80, 0x11, 0x80, 0x0F, 0x80, 0x09,
    0x80, 0x00, 0x80, 0x07, 0x80, 0x11, 0x80, 0x10, 0x81, 0x11, 0x80, 0x10, 0x80, 0x11, 0x80, 0x08,
    0x80, 0x00, 0x80, 0x0B, 0x83, 0x11, 0x80, 0x06, 0x80, 0x03, 0x80, 0x0D, 0x80, 0x10, 0x82, 0x11,
    0x80, 0x0A, 0x80, 0x00, 0x80, 0x0B, 0x83, 0x11, 0x80, 0x06, 0x80, 0x02, 0x80, 0x0F, 0x85, 0x11,
    0x80, 0x10, 0x80, 0x11, 0x80, 0x0C, 0x80, 0x03, 0x80, 0x00, 0x15, 0x82, 0x00, 0x80, 0x01, 0x80,
    0x04, 0x80, 0x07, 0x80, 0x05, 0x80, 0x03, 0x80, 0x01, 0x80, 0x00, 0x80, 0x09, 0x80, 0x10, 0x83,
    0x11, 0x80, 0x0B, 0x80, 0x00, 0x80, 0x09, 0x83, 0x11, 0x80, 0x05, 0x80, 0x04, 0x81, 0x10, 0x80,
    0x11, 0x80, 0x10, 0x80, 0x11, 0x80, 0x0A, 0x80, 0x00, 0x80, 0x08, 0x80, 0x11, 0x80, 0x10, 0x80,
    0x11, 0x80, 0x0F, 0x81, 0x04, 0x80, 0x0F, 0x80, 0x10, 0x85, 0x11, 0x80, 0x0B, 0x80, 0x04, 0x81,
    0x00, 0x18, 0x84, 0x00, 0x00, 0x81, 0x00, 0x80, 0x07, 0x80, 0x0C, 0x80, 0x10, 0x81, 0x11, 0x80,
    0x10, 0x80, 0x04, 0x80, 0x06, 0x80, 0x11, 0x80, 0x10, 0x80, 0x11, 0x80, 0x0D, 0x80, 0x02, 0x80,
    0x06, 0x84, 0x11, 0x80, 0x0F, 0x80, 0x02, 0x80, 0x08, 0x80, 0x11, 0x80, 0x10, 0x80, 0x11, 0x80,
    0x0B, 0x80, 0x00, 0x80, 0x08, 0x82, 0x11, 0x80, 0x0F, 0x80, 0x0E, 0x80, 0x0D, 0x80, 0x0B, 0x80,
    0x07, 0x80, 0x01, 0x81, 0x00, 0x20, 0x81, 0x00, 0x80, 0x02, 0x80, 0x06, 0x82, 0x08, 0x80, 0x05,
    0x80, 0x01, 0x80, 0x0C, 0x81, 0x11, 0x80, 0x0B, 0x80, 0x00, 0x80, 0x04, 0x82, 0x08, 0x80, 0x09,
    0x81, 0x08, 0x80, 0x01, 0x80, 0x05, 0x80, 0x11, 0x80, 0x0F, 0x80, 0x11, 0x80, 0x08, 0x80, 0x00,
    0x80, 0x06, 0x82, 0x07, 0x80, 0x05, 0x80, 0x03, 0x80, 0x02, 0x82, 0x00, 0x23, 0x87, 0x00, 0x80,
    0x08, 0x81, 0x11, 0x80, 0x08, 0x89, 0x00, 0x80, 0x0B, 0x80, 0x11, 0x80, 0x0D, 0x80, 0x04, 0x88,
    0x00, 0x2C, 0x81, 0x00, 0x80, 0x08, 0x80, 0x09, 0x80, 0x02, 0x80, 0x00, 0x07, 0x80, 0x00, 0x80,
    0x04, 0x80, 0x09, 0x80, 0x06, 0x80, 0x00, 0x36, 0x83, 0x00, 0x08, 0x84, 0x00, 0x1A,
];

#[rustfmt::skip]
const POSE_CONFUSED_HEAD_TILT: &[u8] = &[
    0x47, 0x82, 0x00, 0x48, 0x88, 0x00, 0x44, 0x82, 0x00, 0x80, 0x03, 0x80, 0x05, 0x80, 0x08, 0x83,
    0x07, 0x80, 0x02, 0x80, 0x00, 0x41, 0x81, 0x00, 0x80, 0x01, 0x80, 0x06, 0x80, 0x09, 0x80, 0x0C,
    0x80, 0x0F, 0x83, 0x11, 0x80, 0x10, 0x80, 0x0C, 0x80, 0x06, 0x80, 0x00, 0x3E, 0x81, 0x00, 0x80,
    0x01, 0x80, 0x07, 0x80, 0x0B, 0x80, 0x10, 0x81, 0x11, 0x84, 0x10, 0x81, 0x11, 0x80, 0x0C, 0x80,
    0x02, 0x80, 0x00, 0x3C, 0x81, 0x00, 0x80, 0x06, 0x80, 0x0B, 0x82, 0x11, 0x80, 0x10, 0x86, 0x11,
    0x81, 0x10, 0x80, 0x07, 0x80, 0x00, 0x3B, 0x81, 0x00, 0x80, 0x08, 0x80, 0x10, 0x8B, 0x11, 0x80,
    0x10, 0x80, 0x11, 0x80, 0x06, 0x80, 0x00, 0x3A, 0x81, 0x00, 0x80, 0x08, 0x81, 0x10, 0x85, 0x11,
    0x81, 0x10, 0x84, 0x11, 0x80, 0x0B, 0x80, 0x01, 0x80, 0x00, 0x39, 0x81, 0x00, 0x80, 0x08, 0x80,
    0x11, 0x82, 0x10, 0x88, 0x11, 0x80, 0x0E, 0x80, 0x0D, 0x80, 0x09, 0x80, 0x03, 0x80, 0x00, 0x39,
    0x81, 0x00, 0x80, 0x08, 0x80, 0x11, 0x81, 0x10, 0x82, 0x11, 0x80, 0x0C, 0x80, 0x0A, 0x85, 0x07,
    0x80, 0x04, 0x80, 0x02, 0x81, 0x00, 0x3A, 0x80, 0x00, 0x80, 0x05, 0x80, 0x0F, 0x80, 0x10, 0x81,
    0x11, 0x80, 0x0C, 0x80, 0x07, 0x80, 0x05, 0x80, 0x01, 0x89, 0x00, 0x3A, 0x80, 0x00, 0x80, 0x02,
    0x80, 0x0C, 0x81, 0x11, 0x80, 0x0B, 0x80, 0x07, 0x80, 0x02, 0x83, 0x00, 0x42, 0x81, 0x00, 0x80,
    0x09, 0x80, 0x11, 0x80, 0x0D, 0x80, 0x08, 0x80, 0x01, 0x82, 0x00, 0x3C, 0x89, 0x00, 0x80, 0x05,
    0x80, 0x0D, 0x80, 0x0E, 0x80, 0x05, 0x81, 0x00, 0x3C, 0x84, 0x00, 0x80, 0x01, 0x86, 0x00, 0x80,
    0x02, 0x80, 0x05, 0x80, 0x04, 0x81, 0x00, 0x3B, 0x82, 0x00, 0x80, 0x05, 0x80, 0x08, 0x80, 0x0A,
    0x80, 0x0C, 0x80, 0x0B, 0x80, 0x0C, 0x82, 0x0A, 0x80, 0x09, 0x80, 0x08, 0x80, 0x02, 0x80, 0x00,
    0x81, 0x04, 0x80, 0x01, 0x83, 0x00, 0x35, 0x83, 0x00, 0x80, 0x05, 0x80, 0x0A, 0x80, 0x0F, 0x84,
    0x11, 0x80, 0x0B, 0x80, 0x06, 0x80, 0x01, 0x81, 0x02, 0x80, 0x01, 0x80, 0x00, 0x80, 0x06, 0x80,
    0x09, 0x80, 0x0D, 0x80, 0x0B, 0x80, 0x09, 0x80, 0x07, 0x82, 0x00, 0x32, 0x81, 0x00, 0x80, 0x06,
    0x80, 0x0A, 0x80, 0x0B, 0x80, 0x0E, 0x81, 0x11, 0x80, 0x10, 0x82, 0x11, 0x80, 0x07, 0x80, 0x00,
    0x80, 0x04, 0x80, 0x08, 0x81, 0x0A, 0x80, 0x0B, 0x80, 0x08, 0x80, 0x05, 0x80, 0x00, 0x80, 0x06,
    0x80, 0x10, 0x80, 0x11, 0x80, 0x10, 0x80, 0x0A, 0x80, 0x05, 0x81, 0x00, 0x2E, 0x82, 0x00, 0x80,
    0x01, 0x80, 0x09, 0x80, 0x0F, 0x82, 0x11, 0x80, 0x10, 0x83, 0x11, 0x80, 0x07, 0x80, 0x00, 0x80,
    0x08, 0x80, 0x10, 0x84, 0x11, 0x80, 0x10, 0x80, 0x0A, 0x80, 0x03, 0x80, 0x02, 0x80, 0x0A, 0x81,
    0x11, 0x80, 0x0F, 0x80, 0x08, 0x80, 0x02, 0x81, 0x00, 0x2A, 0x82, 0x00, 0x80, 0x03, 0x80, 0x07,
    0x80, 0x0B, 0x86, 0x11, 0x80, 0x10, 0x80, 0x11, 0x80, 0x08, 0x80, 0x00, 0x80, 0x0A, 0x85, 0x11,
    0x81, 0x10, 0x80, 0x11, 0x80, 0x0D, 0x80, 0x05, 0x80, 0x00, 0x80, 0x0C, 0x82, 0x11, 0x80, 0x0C,
    0x80, 0x05, 0x80, 0x00, 0x29, 0x81, 0x00, 0x80, 0x05, 0x80, 0x0A, 0x80, 0x0D, 0x89, 0x11, 0x80,
    0x0D, 0x80, 0x01, 0x80, 0x08, 0x80, 0x11, 0x80, 0x10, 0x86, 0x11, 0x80, 0x10, 0x80, 0x11, 0x80,
    0x0E, 0x80, 0x06, 0x80, 0x08, 0x81, 0x11, 0x80, 0x10, 0x80, 0x11, 0x80, 0x0C, 0x80, 0x05, 0x80,
    0x00, 0x27, 0x81, 0x00, 0x80, 0x06, 0x80, 0x0E, 0x8B, 0x11, 0x80, 0x09, 0x80, 0x00, 0x80, 0x0D,
    0x8C, 0x11, 0x80, 0x10, 0x82, 0x11, 0x80, 0x10, 0x80, 0x11, 0x80, 0x0B, 0x80, 0x01, 0x80, 0x00,
    0x24, 0x82, 0x00, 0x80, 0x06, 0x80, 0x0F, 0x80, 0x11, 0x80, 0x10, 0x8A, 0x11, 0x81, 0x05, 0x80,
    0x11, 0x80, 0x10, 0x90, 0x11, 0x80, 0x10, 0x80, 0x11, 0x80, 0x09, 0x81, 0x00, 0x22, 0x81, 0x00,
    0x80, 0x05, 0x80, 0x09, 0x80, 0x10, 0x8D, 0x11, 0x80, 0x04, 0x80, 0x08, 0x80, 0x11, 0x80, 0x10,
    0x93, 0x11, 0x80, 0x09, 0x81, 0x00, 0x20, 0x80, 0x00, 0x80, 0x01, 0x80, 0x09, 0x80, 0x10, 0x8E,
    0x11, 0x80, 0x10, 0x80, 0x03, 0x80, 0x08, 0x94, 0x11, 0x80, 0x10, 0x80, 0x11, 0x80, 0x07, 0x80,
    0x00, 0x1F, 0x81, 0x00, 0x80, 0x0B, 0x91, 0x11, 0x80, 0x04, 0x80, 0x08, 0x80, 0x11, 0x80, 0x10,
    0x94, 0x11, 0x80, 0x0A, 0x81, 0x00, 0x1C, 0x81, 0x00, 0x80, 0x01, 0x80, 0x09, 0x80, 0x11, 0x80,
    0x10, 0x90, 0x11, 0x80, 0x05, 0x80, 0x08, 0x80, 0x11, 0x80, 0x10, 0x86, 0x11, 0x80, 0x0F, 0x80,
    0x0E, 0x8B, 0x11, 0x80, 0x0D, 0x80, 0x03, 0x80, 0x00, 0x1B, 0x81, 0x00, 0x80, 0x03, 0x80, 0x0B,
    0x93, 0x11, 0x81, 0x07, 0x87, 0x11, 0x80, 0x0B, 0x80, 0x04, 0x80, 0x03, 0x80, 0x0A, 0x89, 0x11,
    0x80, 0x10, 0x80, 0x11, 0x80, 0x06, 0x80, 0x00, 0x1B, 0x80, 0x00, 0x80, 0x02, 0x80, 0x0A, 0x94,
    0x11, 0x80, 0x10, 0x80, 0x0E, 0x86, 0x11, 0x80, 0x0E, 0x80, 0x04, 0x81, 0x00, 0x80, 0x01, 0x80,
    0x0C, 0x88, 0x11, 0x80, 0x10, 0x80, 0x11, 0x80, 0x09, 0x81, 0x00, 0x19, 0x81, 0x00, 0x80, 0x09,
    0x80, 0x11, 0x80, 0x10, 0x9C, 0x11, 0x80, 0x0E, 0x80, 0x04, 0x80, 0x00, 0x80, 0x02, 0x80, 0x00,
    0x80, 0x0B, 0x8A, 0x11, 0x80, 0x0D, 0x80, 0x03, 0x80, 0x00, 0x19, 0x80, 0x00, 0x80, 0x05, 0x80,
    0x0F, 0x9F, 0x11, 0x80, 0x0A, 0x80, 0x01, 0x80, 0x00, 0x80, 0x06, 0x80, 0x10, 0x8A, 0x11, 0x80,
    0x0F, 0x80, 0x05, 0x80, 0x00, 0x18, 0x81, 0x00, 0x80, 0x0B, 0x80, 0x11, 0x80, 0x10, 0x9F, 0x11,
    0x80, 0x0C, 0x80, 0x0B, 0x80, 0x10, 0x8B, 0x11, 0x80, 0x0F, 0x80, 0x05, 0x80, 0x00, 0x17, 0x81,
    0x00, 0x80, 0x09, 0x80, 0x11, 0x80, 0x10, 0xAF, 0x11, 0x80, 0x0E, 0x80, 0x05, 0x80, 0x00, 0x16,
    0x81, 0x00, 0x80, 0x08, 0x80, 0x11, 0x80, 0x10, 0xB0, 0x11, 0x80, 0x0A, 0x80, 0x01, 0x80, 0x00,
    0x15, 0x81, 0x00, 0x80, 0x07, 0x83, 0x11, 0x81, 0x10, 0xAD, 0x11, 0x80, 0x09, 0x81, 0x00, 0x15,
    0x80, 0x00, 0x80, 0x04, 0x80, 0x0D, 0x80, 0x11, 0x80, 0x0B, 0x80, 0x07, 0x80, 0x04, 0x81, 0x03,
    0x80, 0x05, 0x80, 0x08, 0x80, 0x0D, 0xAA, 0x11, 0x80, 0x07, 0x80, 0x00, 0x15, 0x81, 0x00, 0x80,
    0x08, 0x80, 0x10, 0x80, 0x07, 0x80, 0x00, 0x80, 0x04, 0x80, 0x07, 0x81, 0x09, 0x80, 0x07, 0x80,
    0x02, 0x80, 0x00, 0x80, 0x09, 0xA8, 0x11, 0x80, 0x10, 0x80, 0x06, 0x80, 0x00, 0x15, 0x81, 0x00,
    0x80, 0x0A, 0x80, 0x06, 0x80, 0x00, 0x80, 0x09, 0x80, 0x0F, 0x83, 0x11, 0x80, 0x0E, 0x80, 0x09,
    0x80, 0x01, 0x80, 0x08, 0xA7, 0x11, 0x80, 0x0B, 0x80, 0x01, 0x80, 0x00, 0x15, 0x80, 0x00, 0x80,
    0x05, 0x80, 0x07, 0x80, 0x00, 0x80, 0x0A, 0x87, 0x11, 0x80, 0x0C, 0x80, 0x09, 0xA5, 0x11, 0x80,
    0x10, 0x80, 0x11, 0x80, 0x08, 0x80, 0x00, 0x15, 0x81, 0x00, 0x80, 0x07, 0x80, 0x01, 0x80, 0x07,
    0x80, 0x11, 0x80, 0x10, 0xAF, 0x11, 0x80, 0x0D, 0x80, 0x03, 0x80, 0x00, 0x15, 0x80, 0x00, 0x80,
    0x05, 0x80, 0x08, 0x80, 0x02, 0x80, 0x0D, 0xB1, 0x11, 0x80, 0x07, 0x80, 0x00, 0x16, 0x80, 0x00,
    0x80, 0x08, 0x80, 0x05, 0x80, 0x07, 0x80, 0x11, 0x80, 0x10, 0xAE, 0x11, 0x80, 0x10, 0x80, 0x07,
    0x81, 0x00, 0x15, 0x81, 0x00, 0x80, 0x06, 0x80, 0x02, 0x80, 0x09, 0x9D, 0x11, 0x80, 0x10, 0x80,
    0x11, 0x80, 0x0F, 0x80, 0x09, 0x81, 0x08, 0x80, 0x10, 0x8B, 0x11, 0x80, 0x0A, 0x81, 0x00, 0x16,
    0x80, 0x00, 0x80, 0x01, 0x80, 0x07, 0x80, 0x02, 0x80, 0x0C, 0x9C, 0x11, 0x80, 0x10, 0x80, 0x11,
    0x80, 0x0E, 0x80, 0x05, 0x82, 0x00, 0x80, 0x08, 0x8A, 0x11, 0x80, 0x0F, 0x80, 0x05, 0x80, 0x00,
    0x15, 0x82, 0x00, 0x80, 0x02, 0x80, 0x09, 0x80, 0x02, 0x80, 0x0B, 0x9B, 0x11, 0x80, 0x10, 0x80,
    0x11, 0x80, 0x0F, 0x80, 0x05, 0x81, 0x00, 0x80, 0x01, 0x80, 0x00, 0x80, 0x07, 0x87, 0x11, 0x80,
    0x10, 0x80, 0x11, 0x80, 0x0F, 0x80, 0x06, 0x81, 0x00, 0x14, 0x81, 0x00, 0x80, 0x07, 0x80, 0x05,
    0x80, 0x03, 0x80, 0x09, 0x80, 0x01, 0x80, 0x0C, 0x9C, 0x11, 0x80, 0x0D, 0x80, 0x05, 0x83, 0x00,
    0x80, 0x01, 0x80, 0x0A, 0x88, 0x11, 0x80, 0x0C, 0x80, 0x06, 0x81, 0x00, 0x13, 0x81, 0x00, 0x80,
    0x04, 0x80, 0x09, 0x80, 0x0E, 0x80, 0x04, 0x80, 0x05, 0x80, 0x0A, 0x80, 0x01, 0x80, 0x0C, 0x9A,
    0x11, 0x80, 0x0F, 0x80, 0x09, 0x80, 0x02, 0x83, 0x00, 0x80, 0x05, 0x80, 0x0B, 0x88, 0x11, 0x80,
    0x0B, 0x80, 0x02, 0x81, 0x00, 0x13, 0x81, 0x00, 0x80, 0x05, 0x80, 0x0E, 0x80, 0x11, 0x80, 0x0E,
    0x81, 0x04, 0x80, 0x0A, 0x80, 0x01, 0x80, 0x08, 0x86, 0x11, 0x80, 0x09, 0x80, 0x07, 0x80, 0x0A,
    0x8E, 0x11, 0x80, 0x0E, 0x80, 0x08, 0x80, 0x04, 0x81, 0x00, 0x80, 0x01, 0x80, 0x00, 0x80, 0x03,
    0x80, 0x09, 0x80, 0x0F, 0x88, 0x11, 0x80, 0x0C, 0x80, 0x03, 0x80, 0x00, 0x14, 0x81, 0x00, 0x80,
    0x07, 0x80, 0x0E, 0x81, 0x11, 0x80, 0x0B, 0x80, 0x00, 0x80, 0x06, 0x80, 0x11, 0x80, 0x04, 0x80,
    0x07, 0x85, 0x11, 0x80, 0x09, 0x82, 0x00, 0x80, 0x0A, 0x8C, 0x11, 0x80, 0x0D, 0x80, 0x05, 0x83,
    0x00, 0x80, 0x01, 0x80, 0x00, 0x80, 0x08, 0x80, 0x11, 0x80, 0x10, 0x87, 0x11, 0x80, 0x0F, 0x80,
    0x06, 0x80, 0x00, 0x14, 0x81, 0x00, 0x80, 0x08, 0x80, 0x11, 0x80, 0x10, 0x80, 0x11, 0x80, 0x0C,
    0x80, 0x03, 0x80, 0x00, 0x80, 0x07, 0x80, 0x11, 0x80, 0x06, 0x80, 0x03, 0x80, 0x0F, 0x84, 0x11,
    0x80, 0x07, 0x80, 0x00, 0x80, 0x02, 0x80, 0x00, 0x80, 0x07, 0x8B, 0x11, 0x80, 0x0F, 0x80, 0x05,
    0x84, 0x00, 0x80, 0x01, 0x80, 0x04, 0x80, 0x0C, 0x85, 0x11, 0x80, 0x10, 0x81, 0x11, 0x80, 0x0B,
    0x80, 0x06, 0x81, 0x00, 0x13, 0x81, 0x00, 0x80, 0x09, 0x80, 0x11, 0x81, 0x10, 0x80, 0x11, 0x80,
    0x07, 0x81, 0x00, 0x80, 0x07, 0x80, 0x11, 0x80, 0x0B, 0x80, 0x08, 0x85, 0x11, 0x80, 0x0B, 0x82,
    0x00, 0x80, 0x09, 0x8B, 0x11, 0x80, 0x09, 0x80, 0x00, 0x80, 0x01, 0x81, 0x00, 0x80, 0x04, 0x80,
    0x0A, 0x80, 0x0B, 0x80, 0x0C, 0x85, 0x11, 0x80, 0x10, 0x80, 0x11, 0x80, 0x0C, 0x80, 0x07, 0x80,
    0x01, 0x81, 0x00, 0x13, 0x81, 0x00, 0x80, 0x08, 0x80, 0x11, 0x81, 0x10, 0x80, 0x11, 0x80, 0x0A,
    0x82, 0x00, 0x80, 0x06, 0x80, 0x10, 0x88, 0x11, 0x80, 0x09, 0x80, 0x05, 0x80, 0x08, 0x80, 0x10,
    0x8B, 0x11, 0x80, 0x0B, 0x82, 0x00, 0x80, 0x05, 0x80, 0x0E, 0x89, 0x11, 0x80, 0x0A, 0x80, 0x04,
    0x81, 0x00, 0x15, 0x80, 0x00, 0x80, 0x06, 0x80, 0x10, 0x82, 0x11, 0x80, 0x0F, 0x80, 0x05, 0x80,
    0x00, 0x00, 0x80, 0x00, 0x80, 0x02, 0x80, 0x0C, 0x89, 0x11, 0x80, 0x10, 0x8E, 0x11, 0x80, 0x0A,
    0x80, 0x05, 0x80, 0x08, 0x80, 0x0E, 0x80, 0x11, 0x80, 0x10, 0x86, 0x11, 0x80, 0x0F, 0x80, 0x08,
    0x82, 0x00, 0x15, 0x80, 0x00, 0x80, 0x03, 0x80, 0x0C, 0x83, 0x11, 0x80, 0x0A, 0x81, 0x00, 0x00,
    0x81, 0x00, 0x80, 0x09, 0xA3, 0x11, 0x80, 0x10, 0x80, 0x11, 0x80, 0x0B, 0x80, 0x05, 0x80, 0x00,
    0x80, 0x12, 0x81, 0x00, 0x14, 0x81, 0x00, 0x80, 0x08, 0x84, 0x11, 0x80, 0x08, 0x80, 0x00, 0x02,
    0x80, 0x00, 0x80, 0x08, 0x80, 0x11, 0x80, 0x10, 0x9E, 0x11, 0x81, 0x10, 0x80, 0x11, 0x80, 0x10,
    0x80, 0x09, 0x80, 0x01, 0x80, 0x00, 0x80, 0x15, 0x80, 0x13, 0x80, 0x00, 0x80, 0x01, 0x80, 0x00,
    0x13, 0x80, 0x00, 0x80, 0x04, 0x80, 0x0E, 0x83, 0x11, 0x80, 0x10, 0x80, 0x05, 0x80, 0x00, 0x02,
    0x80, 0x00, 0x80, 0x05, 0x80, 0x0E, 0x80, 0x10, 0x9F, 0x11, 0x80, 0x10, 0x80, 0x09, 0x80, 0x05,
    0x80, 0x00, 0x80, 0x12, 0x80, 0x16, 0x80, 0x17, 0x80, 0x01, 0x80, 0x07, 0x80, 0x08, 0x80, 0x00,
    0x12, 0x81, 0x00, 0x80, 0x08, 0x80, 0x11, 0x80, 0x10, 0x82, 0x11, 0x80, 0x0C, 0x80, 0x01, 0x80,
    0x00, 0x02, 0x81, 0x00, 0x80, 0x09, 0x9F, 0x11, 0x80, 0x0E, 0x80, 0x06, 0x80, 0x00, 0x80, 0x01,
    0x80, 0x14, 0x80, 0x16, 0x80, 0x17, 0x80, 0x13, 0x80, 0x00, 0x80, 0x0C, 0x80, 0x0D, 0x80, 0x03,
    0x80, 0x00, 0x11, 0x80, 0x00, 0x80, 0x02, 0x80, 0x0B, 0x84, 0x11, 0x80, 0x0A, 0x81, 0x00, 0x03,
    0x80, 0x00, 0x80, 0x03, 0x80, 0x0C, 0x9D, 0x11, 0x80, 0x0A, 0x80, 0x05, 0x80, 0x00, 0x80, 0x13,
    0x82, 0x16, 0x80, 0x14, 0x80, 0x00, 0x80, 0x08, 0x81, 0x11, 0x80, 0x08, 0x80, 0x00, 0x11, 0x80,
    0x00, 0x80, 0x06, 0x80, 0x0F, 0x82, 0x11, 0x80, 0x10, 0x80, 0x11, 0x80, 0x08, 0x80, 0x00, 0x05,
    0x80, 0x00, 0x80, 0x08, 0x80, 0x11, 0x80, 0x10, 0x98, 0x11, 0x80, 0x0B, 0x80, 0x0A, 0x80, 0x05,
    0x80, 0x00, 0x80, 0x02, 0x80, 0x15, 0x80, 0x17, 0x81, 0x16, 0x80, 0x13, 0x80, 0x00, 0x80, 0x07,
    0x82, 0x11, 0x80, 0x0B, 0x80, 0x01, 0x80, 0x00, 0x10, 0x80, 0x00, 0x80, 0x07, 0x83, 0x11, 0x80,
    0x10, 0x80, 0x11, 0x80, 0x08, 0x80, 0x00, 0x05, 0x80, 0x00, 0x80, 0x01, 0x80, 0x0C, 0x80, 0x11,
    0x80, 0x10, 0x93, 0x11, 0x80, 0x10, 0x80, 0x11, 0x80, 0x0B, 0x80, 0x06, 0x80, 0x02, 0x80, 0x00,
    0x80, 0x01, 0x80, 0x14, 0x82, 0x17, 0x80, 0x15, 0x80, 0x12, 0x80, 0x00, 0x80, 0x07, 0x80, 0x0E,
    0x82, 0x11, 0x80, 0x10, 0x80, 0x06, 0x80, 0x00, 0x0F, 0x81, 0x00, 0x80, 0x07, 0x80, 0x11, 0x80,
    0x10, 0x81, 0x11, 0x80, 0x10, 0x80, 0x11, 0x80, 0x07, 0x80, 0x00, 0x06, 0x80, 0x00, 0x80, 0x05,
    0x80, 0x0C, 0x94, 0x11, 0x80, 0x10, 0x80, 0x09, 0x80, 0x01, 0x81, 0x00, 0x80, 0x12, 0x81, 0x15,
    0x80, 0x14, 0x81, 0x12, 0x80, 0x00, 0x80, 0x04, 0x80, 0x09, 0x85, 0x11, 0x80, 0x0A, 0x81, 0x00,
    0x0E, 0x81, 0x00, 0x80, 0x07, 0x80, 0x11, 0x80, 0x10, 0x83, 0x11, 0x80, 0x09, 0x81, 0x00, 0x06,
    0x80, 0x00, 0x80, 0x04, 0x80, 0x09, 0x81, 0x11, 0x80, 0x10, 0x8D, 0x11, 0x80, 0x0D, 0x80, 0x0B,
    0x80, 0x09, 0x80, 0x06, 0x80, 0x00, 0x80, 0x04, 0x80, 0x08, 0x80, 0x04, 0x80, 0x01, 0x82, 0x00,
    0x80, 0x03, 0x80, 0x06, 0x80, 0x09, 0x80, 0x0E, 0x86, 0x11, 0x80, 0x0C, 0x80, 0x03, 0x80, 0x00,
    0x0F, 0x80, 0x00, 0x80, 0x07, 0x85, 0x11, 0x80, 0x0B, 0x81, 0x00, 0x07, 0x81, 0x00, 0x80, 0x07,
    0x80, 0x0E, 0x8C, 0x11, 0x80, 0x0E, 0x80, 0x07, 0x80, 0x02, 0x80, 0x01, 0x81, 0x00, 0x80, 0x01,
    0x80, 0x0B, 0x80, 0x11, 0x80, 0x0D, 0x83, 0x0B, 0x80, 0x0C, 0x88, 0x11, 0x81, 0x10, 0x80, 0x06,
    0x80, 0x00, 0x0F, 0x80, 0x00, 0x80, 0x05, 0x80, 0x0E, 0x84, 0x11, 0x80, 0x09, 0x81, 0x00, 0x08,
    0x81, 0x00, 0x80, 0x04, 0x80, 0x09, 0x80, 0x0C, 0x80, 0x0F, 0x80, 0x10, 0x82, 0x11, 0x80, 0x10,
    0x80, 0x0D, 0x80, 0x0C, 0x80, 0x0E, 0x80, 0x0C, 0x80, 0x09, 0x80, 0x04, 0x82, 0x00, 0x00, 0x80,
    0x00, 0x80, 0x05, 0x80, 0x11, 0x80, 0x10, 0x90, 0x11, 0x80, 0x09, 0x81, 0x00, 0x0E, 0x81, 0x00,
    0x80, 0x0A, 0x82, 0x11, 0x80, 0x10, 0x80, 0x11, 0x80, 0x07, 0x80, 0x00, 0x0A, 0x82, 0x00, 0x80,
    0x03, 0x80, 0x05, 0x80, 0x07, 0x82, 0x08, 0x80, 0x07, 0x80, 0x03, 0x80, 0x01, 0x80, 0x03, 0x80,
    0x02, 0x81, 0x00, 0x03, 0x80, 0x00, 0x80, 0x08, 0x92, 0x11, 0x80, 0x0C, 0x80, 0x03, 0x80, 0x00,
    0x0F, 0x80, 0x00, 0x80, 0x06, 0x80, 0x0F, 0x80, 0x11, 0x80, 0x10, 0x80, 0x11, 0x80, 0x0C, 0x80,
    0x03, 0x80, 0x00, 0x0C, 0x89, 0x00, 0x00, 0x80, 0x00, 0x04, 0x81, 0x00, 0x80, 0x0A, 0x93, 0x11,
    0x80, 0x06, 0x80, 0x00, 0x0F, 0x81, 0x00, 0x80, 0x07, 0x80, 0x0C, 0x80, 0x0E, 0x80, 0x0C, 0x80,
    0x05, 0x81, 0x00, 0x11, 0x81, 0x00, 0x09, 0x80, 0x00, 0x80, 0x02, 0x80, 0x0D, 0x93, 0x11, 0x80,
    0x09, 0x81, 0x00, 0x0F, 0x81, 0x00, 0x80, 0x02, 0x80, 0x04, 0x80, 0x02, 0x81, 0x00, 0x1E, 0x80,
    0x00, 0x80, 0x07, 0x94, 0x11, 0x80, 0x0C, 0x80, 0x03, 0x80, 0x00, 0x10, 0x83, 0x00, 0x1F, 0x81,
    0x00, 0x80, 0x08, 0x95, 0x11, 0x80, 0x06, 0x80, 0x00, 0x34, 0x81, 0x00, 0x80, 0x0B, 0x95, 0x11,
    0x80, 0x09, 0x81, 0x00, 0x33, 0x80, 0x00, 0x80, 0x06, 0x96, 0x11, 0x80, 0x0D, 0x80, 0x04, 0x80,
    0x00, 0x32, 0x81, 0x00, 0x80, 0x09, 0x97, 0x11, 0x80, 0x08, 0x80, 0x00, 0x32, 0x80, 0x00, 0x80,
    0x05, 0x80, 0x0F, 0x97, 0x11, 0x80, 0x0B, 0x80, 0x01, 0x80, 0x00, 0x30, 0x81, 0x00, 0x80, 0x09,
    0x98, 0x11, 0x80, 0x10, 0x80, 0x06, 0x80, 0x00, 0x22, 0x82, 0x00, 0x09, 0x81, 0x00, 0x80, 0x06,
    0x80, 0x10, 0x99, 0x11, 0x80, 0x0C, 0x80, 0x02, 0x81, 0x00, 0x1D, 0x82, 0x00, 0x80, 0x01, 0x80,
    0x02, 0x82, 0x00, 0x05, 0x82, 0x00, 0x80, 0x06, 0x80, 0x0E, 0x99, 0x11, 0x80, 0x10, 0x80, 0x11,
    0x80, 0x09, 0x80, 0x03, 0x82, 0x00, 0x19, 0x81, 0x00, 0x80, 0x01, 0x80, 0x07, 0x80, 0x09, 0x80,
    0x0C, 0x80, 0x0D, 0x80, 0x0B, 0x80, 0x08, 0x80, 0x01, 0x80, 0x00, 0x02, 0x81, 0x00, 0x80, 0x01,
    0x80, 0x05, 0x80, 0x09, 0x9E, 0x11, 0x80, 0x0C, 0x80, 0x08, 0x80, 0x06, 0x82, 0x00, 0x16, 0x81,
    0x00, 0x80, 0x07, 0x80, 0x0B, 0x80, 0x10, 0x83, 0x11, 0x80, 0x0C, 0x80, 0x03, 0x80, 0x00, 0x01,
    0x81, 0x00, 0x80, 0x07, 0x80, 0x0B, 0x80, 0x10, 0xA1, 0x11, 0x80, 0x10, 0x80, 0x0A, 0x80, 0x05,
    0x81, 0x00, 0x14, 0x81, 0x00, 0x80, 0x08, 0x81, 0x11, 0x82, 0x10, 0x80, 0x11, 0x80, 0x0A, 0x80,
    0x03, 0x80, 0x00, 0x01, 0x80, 0x00, 0x80, 0x03, 0x80, 0x09, 0x82, 0x11, 0x80, 0x10, 0xA2, 0x11,
    0x80, 0x0E, 0x80, 0x06, 0x81, 0x00, 0x13, 0x80, 0x00, 0x80, 0x05, 0x85, 0x11, 0x80, 0x0E, 0x80,
    0x04, 0x80, 0x00, 0x01, 0x80, 0x00, 0x80, 0x04, 0x80, 0x0C, 0xA8, 0x11, 0x80, 0x0F, 0x80, 0x04,
    0x80, 0x00, 0x12, 0x81, 0x00, 0x80, 0x09, 0x85, 0x11, 0x80, 0x08, 0x81, 0x00, 0x00, 0x80, 0x00,
    0x80, 0x02, 0x80, 0x0D, 0x80, 0x11, 0x80, 0x10, 0xA6, 0x11, 0x80, 0x10, 0x80, 0x11, 0x80, 0x09,
    0x81, 0x00, 0x11, 0x80, 0x00, 0x80, 0x05, 0x80, 0x10, 0x84, 0x11, 0x80, 0x0E, 0x80, 0x04, 0x80,
    0x00, 0x00, 0x81, 0x00, 0x80, 0x09, 0x80, 0x11, 0x80, 0x10, 0xA9, 0x11, 0x80, 0x0D, 0x80, 0x04,
    0x80, 0x00, 0x11, 0x80, 0x00, 0x80, 0x08, 0x85, 0x11, 0x80, 0x0D, 0x80, 0x03, 0x80, 0x00, 0x00,
    0x80, 0x00, 0x80, 0x04, 0x80, 0x0F, 0x93, 0x11, 0x80, 0x0C, 0x84, 0x11, 0x80, 0x0D, 0x80, 0x10,
    0x85, 0x11, 0x81, 0x10, 0x88, 0x11, 0x80, 0x07, 0x80, 0x00, 0x10, 0x81, 0x00, 0x80, 0x0A, 0x85,
    0x11, 0x80, 0x0E, 0x80, 0x04, 0x80, 0x00, 0x00, 0x80, 0x00, 0x80, 0x08, 0x80, 0x11, 0x80, 0x10,
    0x89, 0x11, 0x80, 0x0F, 0x86, 0x11, 0x80, 0x0B, 0x80, 0x03, 0x80, 0x0C, 0x82, 0x11, 0x80, 0x0C,
    0x80, 0x03, 0x80, 0x0A, 0x85, 0x11, 0x80, 0x08, 0x80, 0x07, 0x88, 0x11, 0x80, 0x07, 0x80, 0x00,
    0x10, 0x81, 0x00, 0x80, 0x09, 0x84, 0x11, 0x80, 0x10, 0x80, 0x11, 0x80, 0x07, 0x82, 0x00, 0x80,
    0x0B, 0x8B, 0x11, 0x80, 0x05, 0x80, 0x09, 0x85, 0x11, 0x80, 0x0A, 0x80, 0x00, 0x80, 0x0A, 0x82,
    0x11, 0x80, 0x0B, 0x80, 0x00, 0x80, 0x08, 0x80, 0x11, 0x80, 0x10, 0x82, 0x11, 0x80, 0x0F, 0x80,
    0x04, 0x80, 0x05, 0x80, 0x11, 0x80, 0x10, 0x84, 0x11, 0x80, 0x10, 0x80, 0x11, 0x80, 0x07, 0x80,
    0x00, 0x10, 0x81, 0x00, 0x80, 0x0A, 0x86, 0x11, 0x80, 0x0A, 0x81, 0x00, 0x80, 0x02, 0x80, 0x0D,
    0x8B, 0x11, 0x80, 0x03, 0x80, 0x06, 0x85, 0x11, 0x80, 0x0A, 0x80, 0x00, 0x80, 0x0C, 0x82, 0x11,
    0x80, 0x0C, 0x80, 0x01, 0x80, 0x08, 0x80, 0x11, 0x80, 0x10, 0x82, 0x11, 0x80, 0x0D, 0x80, 0x02,
    0x80, 0x06, 0x86, 0x11, 0x80, 0x10, 0x80, 0x11, 0x80, 0x07, 0x80, 0x00, 0x11, 0x80, 0x00, 0x80,
    0x07, 0x80, 0x11, 0x80, 0x10, 0x85, 0x11, 0x80, 0x09, 0x80, 0x05, 0x80, 0x00, 0x80, 0x0C, 0x8A,
    0x11, 0x80, 0x10, 0x80, 0x06, 0x80, 0x03, 0x80, 0x10, 0x82, 0x11, 0x80, 0x10, 0x80, 0x11, 0x80,
    0x08, 0x80, 0x00, 0x80, 0x0E, 0x82, 0x11, 0x80, 0x10, 0x80, 0x04, 0x80, 0x07, 0x84, 0x11, 0x80,
    0x0B, 0x80, 0x00, 0x80, 0x09, 0x88, 0x11, 0x80, 0x06, 0x80, 0x00, 0x11, 0x80, 0x00, 0x80, 0x01,
    0x80, 0x0B, 0x80, 0x11, 0x80, 0x10, 0x85, 0x11, 0x80, 0x0B, 0x80, 0x00, 0x80, 0x0A, 0x8B, 0x11,
    0x80, 0x09, 0x80, 0x00, 0x80, 0x0C, 0x82, 0x11, 0x80, 0x10, 0x80, 0x11, 0x80, 0x06, 0x80, 0x01,
    0x80, 0x0F, 0x83, 0x11, 0x81, 0x05, 0x80, 0x0F, 0x83, 0x11, 0x80, 0x09, 0x80, 0x00, 0x80, 0x0A,
    0x87, 0x11, 0x80, 0x0D, 0x80, 0x04, 0x80, 0x00, 0x12, 0x80, 0x00, 0x80, 0x04, 0x80, 0x0C, 0x86,
    0x11, 0x80, 0x0B, 0x80, 0x00, 0x80, 0x07, 0x80, 0x11, 0x80, 0x10, 0x89, 0x11, 0x80, 0x0B, 0x80,
    0x00, 0x80, 0x09, 0x80, 0x11, 0x80, 0x10, 0x82, 0x11, 0x80, 0x06, 0x80, 0x03, 0x80, 0x0F, 0x81,
    0x11, 0x80, 0x10, 0x80, 0x11, 0x80, 0x05, 0x80, 0x03, 0x80, 0x10, 0x83, 0x11, 0x80, 0x08, 0x80,
    0x01, 0x80, 0x0D, 0x85, 0x11, 0x80, 0x10, 0x80, 0x11, 0x80, 0x09, 0x81, 0x00, 0x13, 0x80, 0x00,
    0x80, 0x04, 0x80, 0x09, 0x80, 0x0F, 0x85, 0x11, 0x80, 0x06, 0x80, 0x00, 0x80, 0x0B, 0x80, 0x11,
    0x80, 0x10, 0x88, 0x11, 0x80, 0x0E, 0x80, 0x03, 0x80, 0x06, 0x80, 0x11, 0x80, 0x10, 0x82, 0x11,
    0x80, 0x05, 0x80, 0x06, 0x80, 0x11, 0x80, 0x10, 0x80, 0x11, 0x80, 0x10, 0x80, 0x11, 0x80, 0x09,
    0x80, 0x00, 0x80, 0x0C, 0x83, 0x11, 0x80, 0x05, 0x80, 0x03, 0x81, 0x10, 0x80, 0x11, 0x80, 0x10,
    0x83, 0x11, 0x80, 0x0B, 0x80, 0x03, 0x80, 0x00, 0x15, 0x81, 0x00, 0x80, 0x05, 0x80, 0x0A, 0x80,
    0x0C, 0x80, 0x0F, 0x81, 0x0E, 0x80, 0x0D, 0x80, 0x07, 0x80, 0x00, 0x80, 0x05, 0x80, 0x0E, 0x88,
    0x11, 0x80, 0x10, 0x80, 0x11, 0x80, 0x08, 0x80, 0x00, 0x80, 0x0D, 0x82, 0x11, 0x80, 0x0C, 0x80,
    0x01, 0x80, 0x07, 0x84, 0x11, 0x80, 0x0A, 0x80, 0x00, 0x80, 0x0A, 0x80, 0x11, 0x80, 0x10, 0x80,
    0x11, 0x80, 0x0D, 0x80, 0x01, 0x80, 0x07, 0x85, 0x11, 0x80, 0x0E, 0x80, 0x09, 0x80, 0x03, 0x80,
    0x00, 0x18, 0x81, 0x00, 0x80, 0x01, 0x81, 0x03, 0x81, 0x02, 0x82, 0x00, 0x80, 0x04, 0x80, 0x0A,
    0x80, 0x0C, 0x80, 0x10, 0x81, 0x11, 0x80, 0x0E, 0x80, 0x0B, 0x82, 0x10, 0x80, 0x11, 0x80, 0x0B,
    0x80, 0x00, 0x80, 0x09, 0x80, 0x11, 0x80, 0x10, 0x80, 0x11, 0x80, 0x0B, 0x80, 0x00, 0x80, 0x07,
    0x80, 0x0D, 0x83, 0x0C, 0x80, 0x0A, 0x80, 0x00, 0x80, 0x07, 0x80, 0x11, 0x80, 0x10, 0x80, 0x11,
    0x80, 0x0A, 0x80, 0x00, 0x80, 0x08, 0x80, 0x0D, 0x80, 0x0C, 0x80, 0x0B, 0x81, 0x08, 0x80, 0x07,
    0x80, 0x04, 0x81, 0x00, 0x1B, 0x84, 0x00, 0x02, 0x81, 0x00, 0x80, 0x02, 0x80, 0x05, 0x81, 0x07,
    0x80, 0x05, 0x80, 0x02, 0x84, 0x05, 0x80, 0x00, 0x80, 0x04, 0x80, 0x0E, 0x81, 0x11, 0x80, 0x08,
    0x80, 0x00, 0x82, 0x01, 0x84, 0x00, 0x80, 0x04, 0x80, 0x0F, 0x80, 0x11, 0x80, 0x10, 0x80, 0x06,
    0x82, 0x00, 0x80, 0x01, 0x85, 0x00, 0x25, 0x8D, 0x00, 0x80, 0x07, 0x80, 0x0D, 0x80, 0x0C, 0x80,
    0x05, 0x89, 0x00, 0x80, 0x07, 0x80, 0x0C, 0x80, 0x07, 0x85, 0x00, 0x37, 0x81, 0x00, 0x80, 0x03,
    0x80, 0x02, 0x81, 0x00, 0x07, 0x84, 0x00, 0x3D, 0x83, 0x00, 0x09, 0x82, 0x00, 0x10,
];

#[rustfmt::skip]
const POSE_SAD_DROOP: &[u8] = &[
    0x2E, 0x81, 0x00, 0x4A, 0x8E, 0x00, 0x40, 0x85, 0x00, 0x80, 0x05, 0x81, 0x08, 0x80, 0x07, 0x80,
    0x06, 0x80, 0x08, 0x80, 0x09, 0x81, 0x0C, 0x80, 0x09, 0x81, 0x08, 0x80, 0x06, 0x85, 0x00, 0x38,
    0x82, 0x00, 0x80, 0x01, 0x82, 0x06, 0x80, 0x07, 0x80, 0x0B, 0x80, 0x0F, 0x82, 0x11, 0x80, 0x10,
    0x86, 0x11, 0x80, 0x10, 0x80, 0x0A, 0x80, 0x08, 0x82, 0x06, 0x80, 0x01, 0x81, 0x00, 0x34, 0x81,
    0x00, 0x80, 0x02, 0x80, 0x06, 0x80, 0x08, 0x80, 0x0B, 0x80, 0x10, 0x84, 0x11, 0x81, 0x10, 0x81,
    0x11, 0x81, 0x10, 0x82, 0x11, 0x80, 0x10, 0x85, 0x11, 0x80, 0x10, 0x80, 0x0B, 0x80, 0x06, 0x81,
    0x00, 0x30, 0x82, 0x00, 0x80, 0x04, 0x80, 0x08, 0x80, 0x0C, 0x80, 0x10, 0x82, 0x11, 0x80, 0x10,
    0x90, 0x11, 0x83, 0x10, 0x80, 0x11, 0x80, 0x10, 0x80, 0x09, 0x80, 0x02, 0x81, 0x00, 0x2D, 0x81,
    0x00, 0x80, 0x06, 0x80, 0x0A, 0x80, 0x0E, 0x9E, 0x11, 0x80, 0x0C, 0x80, 0x08, 0x80, 0x03, 0x80,
    0x00, 0x2A, 0x81, 0x00, 0x80, 0x05, 0x80, 0x0B, 0xA3, 0x11, 0x80, 0x0C, 0x80, 0x05, 0x81, 0x00,
    0x27, 0x81, 0x00, 0x80, 0x08, 0x80, 0x0F, 0xA3, 0x11, 0x80, 0x10, 0x80, 0x11, 0x80, 0x0F, 0x80,
    0x07, 0x81, 0x00, 0x25, 0x80, 0x00, 0x80, 0x04, 0x80, 0x0A, 0xA8, 0x11, 0x80, 0x0B, 0x80, 0x01,
    0x83, 0x00, 0x20, 0x81, 0x00, 0x80, 0x06, 0x80, 0x0C, 0x80, 0x11, 0x80, 0x10, 0xA7, 0x11, 0x80,
    0x05, 0x80, 0x02, 0x80, 0x06, 0x80, 0x05, 0x80, 0x04, 0x80, 0x01, 0x81, 0x00, 0x1D, 0x81, 0x00,
    0x80, 0x08, 0xAB, 0x11, 0x80, 0x08, 0x80, 0x00, 0x80, 0x0C, 0x80, 0x11, 0x80, 0x0C, 0x80, 0x0A,
    0x80, 0x08, 0x80, 0x06, 0x82, 0x00, 0x1A, 0x80, 0x00, 0x80, 0x07, 0x80, 0x11, 0x80, 0x10, 0xAB,
    0x11, 0x80, 0x06, 0x80, 0x00, 0x80, 0x0B, 0x82, 0x11, 0x80, 0x10, 0x80, 0x0B, 0x80, 0x07, 0x80,
    0x01, 0x81, 0x00, 0x17, 0x80, 0x00, 0x80, 0x03, 0x80, 0x0C, 0xAE, 0x11, 0x80, 0x07, 0x80, 0x00,
    0x80, 0x08, 0x81, 0x10, 0x81, 0x11, 0x80, 0x10, 0x80, 0x0B, 0x80, 0x07, 0x81, 0x00, 0x15, 0x81,
    0x00, 0x80, 0x08, 0xAF, 0x11, 0x80, 0x10, 0x80, 0x08, 0x80, 0x00, 0x80, 0x05, 0x80, 0x10, 0x81,
    0x11, 0x80, 0x10, 0x80, 0x11, 0x80, 0x10, 0x80, 0x0A, 0x80, 0x02, 0x80, 0x00, 0x13, 0x81, 0x00,
    0x80, 0x06, 0x80, 0x0F, 0xB1, 0x11, 0x80, 0x0A, 0x80, 0x00, 0x80, 0x08, 0x80, 0x11, 0x80, 0x10,
    0x81, 0x11, 0x80, 0x10, 0x80, 0x11, 0x80, 0x0A, 0x80, 0x04, 0x80, 0x00, 0x10, 0x81, 0x00, 0x80,
    0x03, 0x80, 0x00, 0x80, 0x07, 0xB1, 0x11, 0x80, 0x10, 0x80, 0x11, 0x80, 0x08, 0x80, 0x00, 0x80,
    0x0C, 0x85, 0x11, 0x80, 0x0D, 0x80, 0x05, 0x80, 0x00, 0x0D, 0x82, 0x00, 0x80, 0x08, 0x80, 0x09,
    0x80, 0x00, 0x80, 0x09, 0xB3, 0x11, 0x80, 0x0E, 0x81, 0x04, 0x80, 0x0D, 0x85, 0x11, 0x80, 0x0C,
    0x80, 0x03, 0x80, 0x00, 0x0B, 0x81, 0x00, 0x80, 0x06, 0x80, 0x0A, 0x80, 0x10, 0x80, 0x07, 0x80,
    0x02, 0x80, 0x0F, 0xB4, 0x11, 0x80, 0x0B, 0x80, 0x00, 0x80, 0x06, 0x80, 0x10, 0x85, 0x11, 0x80,
    0x0A, 0x81, 0x00, 0x09, 0x81, 0x00, 0x80, 0x08, 0x80, 0x0F, 0x80, 0x11, 0x80, 0x0D, 0x80, 0x01,
    0x80, 0x07, 0xA1, 0x11, 0x80, 0x10, 0x80, 0x08, 0x80, 0x0C, 0x80, 0x11, 0x80, 0x10, 0x8D, 0x11,
    0x80, 0x10, 0x80, 0x11, 0x80, 0x06, 0x80, 0x00, 0x80, 0x09, 0x84, 0x11, 0x81, 0x10, 0x80, 0x06,
    0x80, 0x00, 0x08, 0x80, 0x00, 0x80, 0x03, 0x80, 0x0A, 0x80, 0x11, 0x80, 0x10, 0x80, 0x11, 0x80,
    0x07, 0x80, 0x02, 0x80, 0x0D, 0xA2, 0x11, 0x80, 0x06, 0x80, 0x03, 0x80, 0x0B, 0x88, 0x11, 0x80,
    0x10, 0x80, 0x0A, 0x80, 0x0C, 0x82, 0x11, 0x80, 0x10, 0x80, 0x11, 0x80, 0x08, 0x80, 0x00, 0x80,
    0x05, 0x80, 0x10, 0x85, 0x11, 0x80, 0x09, 0x81, 0x00, 0x06, 0x80, 0x00, 0x80, 0x04, 0x80, 0x0D,
    0x80, 0x11, 0x80, 0x10, 0x80, 0x11, 0x80, 0x0A, 0x80, 0x00, 0x80, 0x09, 0xA4, 0x11, 0x80, 0x06,
    0x80, 0x00, 0x80, 0x07, 0x80, 0x0A, 0x81, 0x0F, 0x80, 0x11, 0x80, 0x10, 0x80, 0x0F, 0x80, 0x0C,
    0x80, 0x08, 0x80, 0x04, 0x80, 0x03, 0x80, 0x0B, 0x84, 0x11, 0x80, 0x0B, 0x80, 0x01, 0x80, 0x00,
    0x80, 0x0A, 0x85, 0x11, 0x80, 0x0C, 0x80, 0x02, 0x80, 0x00, 0x05, 0x80, 0x00, 0x80, 0x05, 0x80,
    0x0E, 0x80, 0x11, 0x80, 0x10, 0x80, 0x11, 0x80, 0x0F, 0x80, 0x04, 0x80, 0x05, 0x80, 0x10, 0x8B,
    0x11, 0x81, 0x0D, 0x96, 0x11, 0x80, 0x10, 0x80, 0x09, 0x80, 0x05, 0x80, 0x02, 0x80, 0x03, 0x80,
    0x05, 0x80, 0x06, 0x80, 0x05, 0x80, 0x03, 0x80, 0x02, 0x80, 0x03, 0x80, 0x07, 0x80, 0x0D, 0x85,
    0x11, 0x80, 0x0E, 0x80, 0x04, 0x80, 0x00, 0x80, 0x08, 0x80, 0x11, 0x80, 0x10, 0x83, 0x11, 0x80,
    0x10, 0x80, 0x05, 0x80, 0x00, 0x04, 0x80, 0x00, 0x80, 0x04, 0x80, 0x0E, 0x80, 0x11, 0x81, 0x10,
    0x80, 0x11, 0x80, 0x08, 0x80, 0x00, 0x80, 0x07, 0x8C, 0x11, 0x80, 0x06, 0x80, 0x08, 0x95, 0x11,
    0x81, 0x10, 0x80, 0x11, 0x80, 0x10, 0x80, 0x0C, 0x81, 0x09, 0x81, 0x08, 0x80, 0x09, 0x80, 0x0A,
    0x80, 0x0F, 0x88, 0x11, 0x80, 0x06, 0x80, 0x00, 0x80, 0x05, 0x85, 0x11, 0x80, 0x0F, 0x80, 0x05,
    0x80, 0x00, 0x03, 0x80, 0x00, 0x80, 0x02, 0x80, 0x0C, 0x80, 0x11, 0x81, 0x10, 0x80, 0x11, 0x80,
    0x0E, 0x80, 0x03, 0x80, 0x00, 0x80, 0x0A, 0x8B, 0x11, 0x80, 0x0B, 0x80, 0x01, 0x80, 0x0A, 0xA9,
    0x11, 0x80, 0x0D, 0x80, 0x04, 0x80, 0x00, 0x80, 0x01, 0x80, 0x0B, 0x84, 0x11, 0x80, 0x10, 0x80,
    0x05, 0x80, 0x00, 0x02, 0x81, 0x00, 0x80, 0x0A, 0x82, 0x11, 0x80, 0x10, 0x80, 0x11, 0x80, 0x08,
    0x81, 0x00, 0x80, 0x0B, 0x8A, 0x11, 0x80, 0x10, 0x81, 0x05, 0x9C, 0x11, 0x80, 0x10, 0x81, 0x11,
    0x81, 0x10, 0x88, 0x11, 0x80, 0x0D, 0x80, 0x03, 0x81, 0x00, 0x80, 0x08, 0x80, 0x11, 0x80, 0x10,
    0x82, 0x11, 0x80, 0x0D, 0x80, 0x04, 0x80, 0x00, 0x02, 0x80, 0x00, 0x80, 0x07, 0x84, 0x11, 0x80,
    0x0E, 0x80, 0x04, 0x81, 0x00, 0x80, 0x0A, 0x80, 0x11, 0x80, 0x10, 0x84, 0x11, 0x81, 0x10, 0x80,
    0x11, 0x80, 0x0F, 0x80, 0x06, 0x80, 0x01, 0x80, 0x0C, 0x9D, 0x11, 0x81, 0x0C, 0x8A, 0x11, 0x80,
    0x0A, 0x82, 0x00, 0x80, 0x02, 0x80, 0x0C, 0x80, 0x11, 0x81, 0x10, 0x80, 0x11, 0x80, 0x08, 0x81,
    0x00, 0x01, 0x80, 0x00, 0x80, 0x03, 0x80, 0x0C, 0x84, 0x11, 0x80, 0x09, 0x82, 0x00, 0x80, 0x0A,
    0x80, 0x11, 0x80, 0x10, 0x86, 0x11, 0x80, 0x0C, 0x80, 0x05, 0x80, 0x01, 0x80, 0x0C, 0x9B, 0x11,
    0x80, 0x10, 0x80, 0x11, 0x80, 0x0A, 0x80, 0x02, 0x80, 0x01, 0x80, 0x08, 0x80, 0x11, 0x80, 0x10,
    0x85, 0x11, 0x80, 0x10, 0x80, 0x11, 0x80, 0x08, 0x81, 0x00, 0x00, 0x80, 0x00, 0x80, 0x05, 0x80,
    0x0B, 0x80, 0x10, 0x80, 0x0F, 0x80, 0x0A, 0x80, 0x02, 0x80, 0x00, 0x02, 0x80, 0x00, 0x80, 0x09,
    0x84, 0x11, 0x80, 0x10, 0x80, 0x06, 0x81, 0x00, 0x80, 0x02, 0x80, 0x0C, 0x81, 0x11, 0x80, 0x0F,
    0x80, 0x10, 0x81, 0x11, 0x80, 0x0F, 0x80, 0x0B, 0x80, 0x07, 0x80, 0x01, 0x80, 0x05, 0x80, 0x0D,
    0x80, 0x11, 0x80, 0x10, 0x9C, 0x11, 0x80, 0x05, 0x81, 0x00, 0x80, 0x03, 0x80, 0x0F, 0x86, 0x11,
    0x80, 0x10, 0x80, 0x11, 0x80, 0x08, 0x80, 0x00, 0x01, 0x82, 0x00, 0x81, 0x05, 0x81, 0x00, 0x02,
    0x80, 0x00, 0x80, 0x02, 0x80, 0x0C, 0x84, 0x11, 0x80, 0x0E, 0x80, 0x04, 0x80, 0x00, 0x00, 0x80,
    0x06, 0x81, 0x11, 0x80, 0x10, 0x80, 0x06, 0x80, 0x04, 0x81, 0x06, 0x80, 0x03, 0x80, 0x02, 0x80,
    0x04, 0x80, 0x09, 0x80, 0x10, 0x80, 0x11, 0x80, 0x10, 0x9B, 0x11, 0x80, 0x10, 0x80, 0x11, 0x80,
    0x08, 0x81, 0x00, 0x80, 0x07, 0x88, 0x11, 0x80, 0x0B, 0x80, 0x02, 0x80, 0x00, 0x03, 0x83, 0x00,
    0x03, 0x80, 0x00, 0x80, 0x06, 0x85, 0x11, 0x80, 0x0D, 0x80, 0x02, 0x81, 0x00, 0x80, 0x06, 0x82,
    0x11, 0x80, 0x0C, 0x83, 0x09, 0x80, 0x0C, 0x80, 0x10, 0x80, 0x11, 0x81, 0x10, 0x9E, 0x11, 0x80,
    0x0E, 0x80, 0x09, 0x80, 0x08, 0x80, 0x0F, 0x86, 0x11, 0x80, 0x10, 0x80, 0x11, 0x80, 0x07, 0x81,
    0x00, 0x0B, 0x80, 0x00, 0x80, 0x09, 0x80, 0x11, 0x80, 0x10, 0x81, 0x11, 0x80, 0x10, 0x80, 0x11,
    0x80, 0x09, 0x80, 0x00, 0x00, 0x80, 0x00, 0x80, 0x02, 0x80, 0x0C, 0x87, 0x11, 0x80, 0x10, 0xAD,
    0x11, 0x80, 0x0C, 0x80, 0x03, 0x80, 0x00, 0x0B, 0x81, 0x00, 0x80, 0x09, 0x85, 0x11, 0x80, 0x09,
    0x80, 0x00, 0x00, 0x81, 0x00, 0x80, 0x0A, 0x88, 0x11, 0x80, 0x0D, 0x80, 0x09, 0xAA, 0x11, 0x80,
    0x0F, 0x80, 0x06, 0x80, 0x00, 0x0C, 0x80, 0x00, 0x80, 0x01, 0x80, 0x0B, 0x85, 0x11, 0x80, 0x09,
    0x80, 0x00, 0x01, 0x80, 0x00, 0x80, 0x07, 0x87, 0x11, 0x80, 0x0D, 0x80, 0x04, 0x80, 0x00, 0x80,
    0x07, 0x80, 0x0F, 0x91, 0x11, 0x80, 0x10, 0x95, 0x11, 0x80, 0x07, 0x81, 0x00, 0x0C, 0x80, 0x00,
    0x80, 0x01, 0x80, 0x0C, 0x85, 0x11, 0x80, 0x07, 0x80, 0x00, 0x01, 0x80, 0x00, 0x80, 0x03, 0x80,
    0x0D, 0x86, 0x11, 0x80, 0x07, 0x80, 0x00, 0x80, 0x02, 0x80, 0x00, 0x80, 0x0A, 0x93, 0x11, 0x80,
    0x0E, 0x81, 0x0A, 0x80, 0x10, 0x8F, 0x11, 0x80, 0x08, 0x81, 0x00, 0x0E, 0x80, 0x00, 0x80, 0x0A,
    0x84, 0x11, 0x80, 0x10, 0x80, 0x05, 0x80, 0x00, 0x01, 0x81, 0x00, 0x80, 0x0A, 0x80, 0x11, 0x80,
    0x10, 0x84, 0x11, 0x80, 0x0A, 0x80, 0x01, 0x80, 0x00, 0x80, 0x03, 0x80, 0x0C, 0x90, 0x11, 0x80,
    0x0F, 0x80, 0x0A, 0x80, 0x07, 0x80, 0x03, 0x80, 0x01, 0x80, 0x00, 0x80, 0x06, 0x80, 0x0F, 0x8C,
    0x11, 0x80, 0x0D, 0x80, 0x07, 0x81, 0x00, 0x0F, 0x80, 0x00, 0x80, 0x07, 0x80, 0x11, 0x82, 0x10,
    0x80, 0x11, 0x80, 0x0A, 0x81, 0x00, 0x02, 0x80, 0x00, 0x80, 0x06, 0x87, 0x11, 0x80, 0x0A, 0x80,
    0x08, 0x80, 0x0B, 0x8B, 0x11, 0x80, 0x0F, 0x82, 0x0A, 0x80, 0x08, 0x80, 0x07, 0x80, 0x05, 0x83,
    0x00, 0x80, 0x01, 0x80, 0x00, 0x80, 0x09, 0x8B, 0x11, 0x80, 0x09, 0x80, 0x04, 0x81, 0x00, 0x10,
    0x81, 0x00, 0x80, 0x09, 0x80, 0x10, 0x81, 0x11, 0x80, 0x0A, 0x80, 0x03, 0x80, 0x00, 0x03, 0x81,
    0x00, 0x80, 0x09, 0x94, 0x11, 0x80, 0x0B, 0x80, 0x04, 0x8A, 0x00, 0x80, 0x02, 0x80, 0x0D, 0x89,
    0x11, 0x80, 0x0F, 0x80, 0x07, 0x81, 0x00, 0x13, 0x81, 0x00, 0x80, 0x06, 0x80, 0x08, 0x80, 0x07,
    0x80, 0x02, 0x81, 0x00, 0x04, 0x80, 0x00, 0x80, 0x05, 0x80, 0x0F, 0x92, 0x11, 0x80, 0x0E, 0x80,
    0x04, 0x80, 0x00, 0x82, 0x01, 0x81, 0x00, 0x80, 0x01, 0x80, 0x00, 0x80, 0x02, 0x81, 0x05, 0x80,
    0x07, 0x80, 0x0B, 0x87, 0x11, 0x80, 0x0D, 0x80, 0x0B, 0x80, 0x08, 0x80, 0x05, 0x81, 0x00, 0x15,
    0x84, 0x00, 0x07, 0x80, 0x00, 0x80, 0x07, 0x80, 0x10, 0x91, 0x11, 0x80, 0x0C, 0x80, 0x02, 0x82,
    0x00, 0x80, 0x01, 0x80, 0x03, 0x81, 0x00, 0x80, 0x05, 0x80, 0x0C, 0x81, 0x10, 0x81, 0x11, 0x80,
    0x10, 0x84, 0x11, 0x80, 0x0E, 0x80, 0x08, 0x80, 0x04, 0x83, 0x00, 0x23, 0x81, 0x00, 0x80, 0x05,
    0x80, 0x0D, 0x80, 0x11, 0x80, 0x10, 0x8F, 0x11, 0x80, 0x0A, 0x80, 0x04, 0x80, 0x06, 0x80, 0x08,
    0x80, 0x0B, 0x80, 0x0C, 0x80, 0x09, 0x80, 0x07, 0x80, 0x0D, 0x80, 0x11, 0x81, 0x10, 0x80, 0x0F,
    0x80, 0x10, 0x84, 0x11, 0x80, 0x0C, 0x80, 0x05, 0x82, 0x00, 0x28, 0x80, 0x00, 0x80, 0x04, 0x80,
    0x0C, 0x81, 0x11, 0x80, 0x10, 0x8E, 0x11, 0x80, 0x0F, 0x80, 0x10, 0x8A, 0x11, 0x80, 0x0B, 0x80,
    0x07, 0x81, 0x06, 0x80, 0x05, 0x80, 0x01, 0x81, 0x00, 0x2B, 0x80, 0x00, 0x80, 0x02, 0x80, 0x08,
    0x80, 0x0C, 0x8C, 0x11, 0x81, 0x10, 0x80, 0x11, 0x83, 0x10, 0x83, 0x11, 0x80, 0x0F, 0x80, 0x0A,
    0x80, 0x08, 0x80, 0x07, 0x80, 0x06, 0x84, 0x00, 0x2F, 0x81, 0x00, 0x80, 0x02, 0x80, 0x07, 0x80,
    0x0A, 0x80, 0x0B, 0x80, 0x10, 0x8A, 0x11, 0x81, 0x0F, 0x81, 0x11, 0x80, 0x10, 0x80, 0x0A, 0x82,
    0x07, 0x80, 0x05, 0x81, 0x00, 0x80, 0x01, 0x80, 0x12, 0x80, 0x13, 0x80, 0x00, 0x81, 0x06, 0x80,
    0x00, 0x31, 0x82, 0x00, 0x80, 0x01, 0x80, 0x05, 0x80, 0x08, 0x80, 0x09, 0x80, 0x0A, 0x80, 0x08,
    0x80, 0x07, 0x80, 0x08, 0x80, 0x0A, 0x80, 0x0C, 0x80, 0x0B, 0x80, 0x08, 0x80, 0x05, 0x80, 0x02,
    0x80, 0x04, 0x80, 0x07, 0x80, 0x08, 0x80, 0x05, 0x80, 0x00, 0x80, 0x01, 0x80, 0x12, 0x80, 0x01,
    0x80, 0x12, 0x80, 0x14, 0x80, 0x15, 0x80, 0x17, 0x80, 0x16, 0x80, 0x01, 0x80, 0x03, 0x80, 0x0C,
    0x80, 0x0A, 0x81, 0x00, 0x33, 0x88, 0x00, 0x80, 0x01, 0x81, 0x00, 0x80, 0x04, 0x80, 0x05, 0x81,
    0x00, 0x80, 0x12, 0x80, 0x13, 0x80, 0x14, 0x80, 0x16, 0x83, 0x17, 0x80, 0x16, 0x80, 0x14, 0x80,
    0x00, 0x80, 0x05, 0x80, 0x0B, 0x80, 0x11, 0x80, 0x0F, 0x80, 0x05, 0x80, 0x00, 0x3C, 0x80, 0x00,
    0x80, 0x07, 0x80, 0x0B, 0x80, 0x0F, 0x80, 0x11, 0x80, 0x09, 0x80, 0x04, 0x80, 0x01, 0x80, 0x12,
    0x80, 0x14, 0x81, 0x15, 0x81, 0x14, 0x80, 0x12, 0x81, 0x01, 0x80, 0x08, 0x80, 0x10, 0x80, 0x11,
    0x80, 0x10, 0x80, 0x11, 0x80, 0x07, 0x80, 0x00, 0x3B, 0x80, 0x00, 0x80, 0x01, 0x80, 0x0B, 0x80,
    0x11, 0x80, 0x10, 0x81, 0x11, 0x80, 0x0D, 0x80, 0x09, 0x80, 0x06, 0x80, 0x03, 0x82, 0x00, 0x80,
    0x02, 0x80, 0x05, 0x80, 0x08, 0x80, 0x0C, 0x84, 0x11, 0x80, 0x0A, 0x81, 0x00, 0x3A, 0x80, 0x00,
    0x80, 0x05, 0x80, 0x0F, 0x80, 0x10, 0x85, 0x11, 0x80, 0x0D, 0x82, 0x0A, 0x80, 0x0C, 0x87, 0x11,
    0x80, 0x0D, 0x80, 0x02, 0x80, 0x00, 0x3A, 0x80, 0x00, 0x80, 0x07, 0x80, 0x11, 0x80, 0x10, 0x8A,
    0x11, 0x80, 0x10, 0x86, 0x11, 0x80, 0x0F, 0x80, 0x05, 0x80, 0x00, 0x39, 0x81, 0x00, 0x80, 0x0A,
    0x95, 0x11, 0x80, 0x08, 0x80, 0x00, 0x39, 0x80, 0x00, 0x80, 0x04, 0x80, 0x0D, 0x95, 0x11, 0x80,
    0x0B, 0x80, 0x01, 0x80, 0x00, 0x38, 0x80, 0x00, 0x80, 0x06, 0x97, 0x11, 0x80, 0x06, 0x80, 0x00,
    0x2A, 0x84, 0x00, 0x07, 0x81, 0x00, 0x80, 0x08, 0x97, 0x11, 0x80, 0x06, 0x80, 0x00, 0x28, 0x82,
    0x00, 0x80, 0x04, 0x80, 0x05, 0x80, 0x03, 0x81, 0x00, 0x06, 0x80, 0x00, 0x80, 0x01, 0x80, 0x0B,
    0x97, 0x11, 0x80, 0x09, 0x81, 0x00, 0x25, 0x81, 0x00, 0x80, 0x04, 0x80, 0x09, 0x80, 0x0B, 0x80,
    0x0D, 0x80, 0x0F, 0x80, 0x0C, 0x80, 0x09, 0x80, 0x01, 0x80, 0x00, 0x05, 0x80, 0x00, 0x80, 0x07,
    0x98, 0x11, 0x80, 0x0E, 0x80, 0x04, 0x80, 0x00, 0x24, 0x81, 0x00, 0x80, 0x08, 0x80, 0x0E, 0x82,
    0x11, 0x80, 0x10, 0x80, 0x11, 0x80, 0x0A, 0x80, 0x01, 0x80, 0x00, 0x04, 0x81, 0x00, 0x80, 0x0A,
    0x99, 0x11, 0x80, 0x09, 0x81, 0x00, 0x22, 0x81, 0x00, 0x80, 0x08, 0x85, 0x11, 0x80, 0x09, 0x80,
    0x02, 0x80, 0x00, 0x03, 0x82, 0x00, 0x80, 0x07, 0x9B, 0x11, 0x80, 0x06, 0x82, 0x00, 0x20, 0x80,
    0x00, 0x80, 0x06, 0x80, 0x11, 0x80, 0x10, 0x83, 0x11, 0x80, 0x0B, 0x80, 0x02, 0x80, 0x00, 0x02,
    0x82, 0x00, 0x80, 0x07, 0x80, 0x0A, 0x9C, 0x11, 0x80, 0x0F, 0x80, 0x09, 0x80, 0x06, 0x81, 0x00,
    0x1E, 0x81, 0x00, 0x80, 0x0B, 0x84, 0x11, 0x80, 0x10, 0x80, 0x06, 0x80, 0x00, 0x02, 0x81, 0x00,
    0x80, 0x05, 0x80, 0x0A, 0xA0, 0x11, 0x80, 0x10, 0x80, 0x0B, 0x80, 0x03, 0x80, 0x00, 0x1D, 0x80,
    0x00, 0x80, 0x04, 0x80, 0x0E, 0x84, 0x11, 0x80, 0x0B, 0x80, 0x01, 0x80, 0x00, 0x01, 0x81, 0x00,
    0x80, 0x06, 0x80, 0x10, 0x80, 0x11, 0x80, 0x10, 0xA1, 0x11, 0x80, 0x0C, 0x80, 0x02, 0x80, 0x00,
    0x1C, 0x80, 0x00, 0x80, 0x08, 0x85, 0x11, 0x80, 0x08, 0x80, 0x00, 0x02, 0x80, 0x00, 0x80, 0x04,
    0x80, 0x0B, 0x80, 0x11, 0x80, 0x10, 0xA1, 0x11, 0x80, 0x10, 0x80, 0x11, 0x80, 0x08, 0x81, 0x00,
    0x1A, 0x80, 0x00, 0x80, 0x01, 0x80, 0x0B, 0x85, 0x11, 0x80, 0x06, 0x80, 0x00, 0x01, 0x81, 0x00,
    0x80, 0x0A, 0xA5, 0x11, 0x81, 0x10, 0x80, 0x05, 0x80, 0x00, 0x1A, 0x80, 0x00, 0x80, 0x04, 0x80,
    0x0E, 0x83, 0x11, 0x80, 0x10, 0x80, 0x11, 0x80, 0x08, 0x80, 0x00, 0x01, 0x80, 0x00, 0x80, 0x05,
    0x80, 0x0E, 0xA7, 0x11, 0x80, 0x08, 0x80, 0x00, 0x1A, 0x80, 0x00, 0x80, 0x04, 0x80, 0x0F, 0x83,
    0x11, 0x80, 0x10, 0x80, 0x11, 0x80, 0x0A, 0x81, 0x00, 0x00, 0x80, 0x00, 0x80, 0x07, 0xA8, 0x11,
    0x80, 0x0B, 0x81, 0x00, 0x19, 0x80, 0x00, 0x80, 0x01, 0x80, 0x0B, 0x85, 0x11, 0x80, 0x0E, 0x80,
    0x05, 0x82, 0x00, 0x80, 0x09, 0x88, 0x11, 0x80, 0x0C, 0x80, 0x0D, 0x85, 0x11, 0x81, 0x09, 0x80,
    0x11, 0x80, 0x10, 0x81, 0x11, 0x80, 0x0C, 0x80, 0x07, 0x80, 0x0F, 0x84, 0x11, 0x80, 0x0C, 0x80,
    0x09, 0x87, 0x11, 0x80, 0x0C, 0x81, 0x00, 0x1A, 0x80, 0x00, 0x80, 0x08, 0x80, 0x11, 0x80, 0x10,
    0x84, 0x11, 0x80, 0x0E, 0x80, 0x05, 0x81, 0x00, 0x80, 0x08, 0x87, 0x11, 0x80, 0x10, 0x80, 0x05,
    0x80, 0x06, 0x85, 0x11, 0x80, 0x05, 0x80, 0x07, 0x80, 0x11, 0x81, 0x10, 0x80, 0x11, 0x80, 0x0A,
    0x80, 0x00, 0x80, 0x0C, 0x84, 0x11, 0x80, 0x07, 0x80, 0x04, 0x80, 0x10, 0x86, 0x11, 0x80, 0x0C,
    0x81, 0x00, 0x1A, 0x80, 0x00, 0x80, 0x01, 0x80, 0x0B, 0x80, 0x11, 0x80, 0x10, 0x84, 0x11, 0x80,
    0x0F, 0x80, 0x09, 0x80, 0x00, 0x80, 0x08, 0x88, 0x11, 0x80, 0x07, 0x80, 0x04, 0x85, 0x11, 0x80,
    0x04, 0x80, 0x07, 0x80, 0x11, 0x81, 0x10, 0x80, 0x11, 0x80, 0x0B, 0x80, 0x00, 0x80, 0x0D, 0x84,
    0x11, 0x80, 0x05, 0x80, 0x08, 0x87, 0x11, 0x80, 0x0B, 0x81, 0x00, 0x1B, 0x80, 0x00, 0x80, 0x04,
    0x80, 0x0A, 0x80, 0x11, 0x80, 0x10, 0x84, 0x11, 0x80, 0x10, 0x80, 0x03, 0x80, 0x06, 0x80, 0x11,
    0x80, 0x10, 0x86, 0x11, 0x80, 0x09, 0x80, 0x01, 0x80, 0x0C, 0x83, 0x11, 0x80, 0x0D, 0x80, 0x02,
    0x80, 0x07, 0x80, 0x11, 0x80, 0x10, 0x81, 0x11, 0x80, 0x0C, 0x80, 0x00, 0x80, 0x0B, 0x83, 0x11,
    0x80, 0x0D, 0x80, 0x01, 0x80, 0x08, 0x85, 0x11, 0x80, 0x10, 0x80, 0x11, 0x80, 0x08, 0x81, 0x00,
    0x1C, 0x80, 0x00, 0x80, 0x01, 0x80, 0x0A, 0x84, 0x11, 0x80, 0x10, 0x80, 0x11, 0x80, 0x07, 0x80,
    0x00, 0x80, 0x0C, 0x80, 0x11, 0x80, 0x10, 0x85, 0x11, 0x80, 0x0C, 0x80, 0x00, 0x80, 0x0A, 0x83,
    0x11, 0x80, 0x0C, 0x80, 0x00, 0x80, 0x08, 0x80, 0x11, 0x80, 0x10, 0x81, 0x11, 0x80, 0x0B, 0x80,
    0x00, 0x80, 0x09, 0x80, 0x11, 0x81, 0x10, 0x80, 0x11, 0x80, 0x0A, 0x80, 0x00, 0x80, 0x0B, 0x85,
    0x11, 0x81, 0x10, 0x80, 0x05, 0x80, 0x00, 0x1E, 0x81, 0x00, 0x80, 0x07, 0x81, 0x0A, 0x80, 0x0B,
    0x80, 0x0F, 0x80, 0x10, 0x80, 0x0D, 0x80, 0x08, 0x80, 0x00, 0x80, 0x07, 0x81, 0x10, 0x85, 0x11,
    0x80, 0x0E, 0x80, 0x03, 0x80, 0x07, 0x83, 0x11, 0x80, 0x0C, 0x80, 0x00, 0x80, 0x0B, 0x83, 0x11,
    0x80, 0x0F, 0x80, 0x02, 0x80, 0x07, 0x80, 0x11, 0x81, 0x10, 0x80, 0x11, 0x80, 0x07, 0x80, 0x02,
    0x80, 0x0F, 0x84, 0x11, 0x80, 0x10, 0x80, 0x11, 0x80, 0x08, 0x81, 0x00, 0x1F, 0x83, 0x00, 0x80,
    0x01, 0x80, 0x04, 0x80, 0x05, 0x80, 0x02, 0x82, 0x00, 0x80, 0x07, 0x80, 0x0F, 0x84, 0x11, 0x80,
    0x10, 0x80, 0x11, 0x80, 0x06, 0x80, 0x04, 0x80, 0x0F, 0x80, 0x11, 0x80, 0x10, 0x80, 0x11, 0x80,
    0x09, 0x80, 0x00, 0x80, 0x0C, 0x80, 0x11, 0x80, 0x10, 0x80, 0x11, 0x80, 0x10, 0x80, 0x11, 0x80,
    0x04, 0x80, 0x08, 0x82, 0x11, 0x80, 0x10, 0x80, 0x04, 0x80, 0x06, 0x80, 0x11, 0x80, 0x10, 0x83,
    0x11, 0x80, 0x10, 0x80, 0x08, 0x81, 0x00, 0x23, 0x85, 0x00, 0x00, 0x81, 0x00, 0x80, 0x06, 0x80,
    0x0B, 0x80, 0x0F, 0x84, 0x11, 0x80, 0x0A, 0x80, 0x00, 0x80, 0x0B, 0x80, 0x11, 0x80, 0x0F, 0x80,
    0x11, 0x80, 0x08, 0x80, 0x01, 0x80, 0x0C, 0x80, 0x11, 0x82, 0x10, 0x80, 0x0F, 0x80, 0x07, 0x80,
    0x05, 0x82, 0x11, 0x80, 0x0B, 0x80, 0x00, 0x80, 0x09, 0x81, 0x11, 0x80, 0x10, 0x80, 0x0F, 0x80,
    0x0C, 0x80, 0x0A, 0x80, 0x07, 0x81, 0x00, 0x2C, 0x82, 0x00, 0x80, 0x04, 0x80, 0x06, 0x83, 0x08,
    0x80, 0x07, 0x80, 0x00, 0x80, 0x06, 0x80, 0x11, 0x80, 0x0F, 0x80, 0x11, 0x80, 0x06, 0x80, 0x00,
    0x80, 0x06, 0x80, 0x08, 0x80, 0x06, 0x80, 0x05, 0x80, 0x06, 0x80, 0x05, 0x80, 0x04, 0x80, 0x01,
    0x80, 0x0C, 0x81, 0x11, 0x80, 0x08, 0x80, 0x00, 0x80, 0x06, 0x81, 0x08, 0x80, 0x05, 0x80, 0x04,
    0x80, 0x02, 0x82, 0x00, 0x2F, 0x89, 0x00, 0x80, 0x0A, 0x80, 0x10, 0x80, 0x0B, 0x80, 0x01, 0x88,
    0x00, 0x80, 0x08, 0x80, 0x11, 0x80, 0x0A, 0x80, 0x02, 0x87, 0x00, 0x3A, 0x80, 0x00, 0x80, 0x01,
    0x80, 0x06, 0x80, 0x03, 0x80, 0x00, 0x07, 0x81, 0x00, 0x80, 0x05, 0x80, 0x02, 0x80, 0x00, 0x43,
    0x82, 0x00, 0x09, 0x82, 0x00, 0x1E,
];

#[rustfmt::skip]
const POSE_EXCITED_JUMP: &[u8] = &[
    0x47, 0x81, 0x00, 0x80, 0x01, 0x80, 0x07, 0x80, 0x09, 0x80, 0x0C, 0x80, 0x0E, 0x80, 0x0D, 0x80,
    0x0A, 0x80, 0x07, 0x81, 0x00, 0x48, 0x81, 0x00, 0x80, 0x07, 0x80, 0x0B, 0x86, 0x11, 0x80, 0x0A,
    0x81, 0x00, 0x46, 0x80, 0x00, 0x80, 0x04, 0x80, 0x0B, 0x86, 0x11, 0x81, 0x10, 0x80, 0x11, 0x80,
    0x08, 0x80, 0x00, 0x45, 0x80, 0x00, 0x80, 0x05, 0x80, 0x0D, 0x8A, 0x11, 0x80, 0x0B, 0x81, 0x00,
    0x43, 0x80, 0x00, 0x80, 0x04, 0x80, 0x0C, 0x89, 0x11, 0x80, 0x10, 0x80, 0x11, 0x80, 0x0B, 0x81,
    0x00, 0x42, 0x80, 0x00, 0x80, 0x01, 0x80, 0x0B, 0x80, 0x11, 0x80, 0x10, 0x8A, 0x11, 0x80, 0x07,
    0x80, 0x00, 0x43, 0x80, 0x00, 0x80, 0x09, 0x80, 0x11, 0x80, 0x10, 0x81, 0x11, 0x80, 0x10, 0x80,
    0x0B, 0x80, 0x08, 0x81, 0x09, 0x80, 0x0A, 0x80, 0x0C, 0x80, 0x0D, 0x80, 0x0B, 0x80, 0x07, 0x81,
    0x00, 0x42, 0x80, 0x00, 0x80, 0x04, 0x80, 0x0F, 0x81, 0x11, 0x80, 0x0B, 0x80, 0x07, 0x80, 0x06,
    0x84, 0x00, 0x80, 0x01, 0x80, 0x02, 0x82, 0x00, 0x34, 0x8A, 0x00, 0x03, 0x80, 0x00, 0x80, 0x0A,
    0x80, 0x11, 0x80, 0x0D, 0x80, 0x07, 0x83, 0x00, 0x03, 0x82, 0x00, 0x2F, 0x86, 0x00, 0x80, 0x02,
    0x80, 0x03, 0x80, 0x00, 0x80, 0x01, 0x80, 0x04, 0x80, 0x08, 0x81, 0x09, 0x80, 0x07, 0x80, 0x03,
    0x84, 0x00, 0x80, 0x06, 0x80, 0x10, 0x80, 0x0B, 0x80, 0x04, 0x81, 0x00, 0x37, 0x82, 0x00, 0x81,
    0x02, 0x80, 0x03, 0x80, 0x02, 0x80, 0x06, 0x80, 0x0A, 0x80, 0x0B, 0x80, 0x0E, 0x81, 0x0B, 0x80,
    0x0F, 0x83, 0x11, 0x80, 0x0C, 0x80, 0x0B, 0x80, 0x09, 0x80, 0x07, 0x80, 0x03, 0x80, 0x00, 0x80,
    0x04, 0x80, 0x07, 0x80, 0x03, 0x80, 0x00, 0x35, 0x84, 0x00, 0x80, 0x07, 0x80, 0x0B, 0x80, 0x0D,
    0x82, 0x0C, 0x80, 0x10, 0x85, 0x11, 0x83, 0x10, 0x80, 0x11, 0x80, 0x0D, 0x80, 0x08, 0x80, 0x06,
    0x80, 0x04, 0x80, 0x00, 0x80, 0x01, 0x80, 0x03, 0x82, 0x00, 0x32, 0x81, 0x00, 0x80, 0x03, 0x82,
    0x07, 0x80, 0x0A, 0x8D, 0x11, 0x80, 0x10, 0x80, 0x11, 0x80, 0x0F, 0x80, 0x06, 0x80, 0x00, 0x80,
    0x04, 0x81, 0x06, 0x80, 0x04, 0x80, 0x00, 0x80, 0x07, 0x80, 0x09, 0x80, 0x06, 0x80, 0x03, 0x81,
    0x00, 0x2D, 0x82, 0x00, 0x80, 0x05, 0x80, 0x09, 0x80, 0x0D, 0x90, 0x11, 0x81, 0x10, 0x80, 0x0E,
    0x80, 0x05, 0x80, 0x01, 0x80, 0x0A, 0x80, 0x10, 0x81, 0x11, 0x80, 0x0D, 0x80, 0x09, 0x80, 0x02,
    0x80, 0x06, 0x80, 0x11, 0x80, 0x0D, 0x80, 0x0B, 0x80, 0x06, 0x80, 0x00, 0x2A, 0x81, 0x00, 0x80,
    0x01, 0x80, 0x06, 0x80, 0x0A, 0x80, 0x10, 0x82, 0x11, 0x81, 0x10, 0x8D, 0x11, 0x80, 0x10, 0x80,
    0x11, 0x80, 0x07, 0x80, 0x01, 0x80, 0x0E, 0x81, 0x11, 0x81, 0x10, 0x81, 0x11, 0x80, 0x0C, 0x80,
    0x04, 0x80, 0x05, 0x80, 0x10, 0x80, 0x11, 0x80, 0x0F, 0x80, 0x05, 0x81, 0x00, 0x27, 0x81, 0x00,
    0x80, 0x07, 0x80, 0x0C, 0x96, 0x11, 0x80, 0x0C, 0x80, 0x01, 0x80, 0x0A, 0x80, 0x11, 0x80, 0x10,
    0x83, 0x11, 0x80, 0x10, 0x80, 0x11, 0x80, 0x0D, 0x80, 0x03, 0x80, 0x07, 0x81, 0x11, 0x80, 0x0D,
    0x80, 0x06, 0x81, 0x00, 0x25, 0x81, 0x00, 0x80, 0x09, 0x98, 0x11, 0x80, 0x07, 0x80, 0x05, 0x87,
    0x11, 0x80, 0x10, 0x80, 0x11, 0x80, 0x0A, 0x80, 0x01, 0x80, 0x0B, 0x81, 0x11, 0x80, 0x0F, 0x80,
    0x06, 0x80, 0x00, 0x24, 0x81, 0x00, 0x80, 0x09, 0x80, 0x11, 0x80, 0x10, 0x97, 0x11, 0x80, 0x05,
    0x80, 0x08, 0x80, 0x11, 0x80, 0x10, 0x86, 0x11, 0x80, 0x10, 0x80, 0x11, 0x80, 0x08, 0x80, 0x0A,
    0x80, 0x11, 0x80, 0x10, 0x80, 0x11, 0x80, 0x0E, 0x80, 0x04, 0x80, 0x00, 0x21, 0x81, 0x00, 0x80,
    0x05, 0x80, 0x0B, 0x80, 0x11, 0x80, 0x10, 0x97, 0x11, 0x80, 0x0E, 0x80, 0x03, 0x80, 0x0A, 0x90,
    0x11, 0x80, 0x0B, 0x80, 0x00, 0x21, 0x80, 0x00, 0x80, 0x06, 0x80, 0x0D, 0x80, 0x11, 0x80, 0x10,
    0x81, 0x11, 0x80, 0x10, 0x95, 0x11, 0x80, 0x10, 0x80, 0x06, 0x80, 0x0B, 0x91, 0x11, 0x80, 0x06,
    0x80, 0x00, 0x1F, 0x80, 0x00, 0x80, 0x08, 0x80, 0x0F, 0x82, 0x11, 0x80, 0x0F, 0xA1, 0x11, 0x80,
    0x0C, 0x89, 0x11, 0x80, 0x0A, 0x80, 0x01, 0x80, 0x00, 0x1D, 0x80, 0x00, 0x80, 0x06, 0x80, 0x11,
    0x80, 0x10, 0x80, 0x0A, 0x80, 0x06, 0x80, 0x04, 0x80, 0x03, 0x80, 0x04, 0x80, 0x05, 0x80, 0x09,
    0x80, 0x10, 0x9C, 0x11, 0x80, 0x08, 0x80, 0x01, 0x80, 0x06, 0x80, 0x0E, 0x87, 0x11, 0x80, 0x0D,
    0x80, 0x03, 0x80, 0x00, 0x1C, 0x80, 0x00, 0x80, 0x04, 0x80, 0x0C, 0x80, 0x0F, 0x80, 0x07, 0x80,
    0x00, 0x80, 0x06, 0x82, 0x08, 0x80, 0x06, 0x80, 0x02, 0x80, 0x05, 0x80, 0x0B, 0x80, 0x11, 0x80,
    0x10, 0x98, 0x11, 0x80, 0x0B, 0x80, 0x01, 0x81, 0x00, 0x80, 0x08, 0x80, 0x11, 0x80, 0x10, 0x85,
    0x11, 0x80, 0x0F, 0x80, 0x04, 0x80, 0x00, 0x1B, 0x80, 0x00, 0x80, 0x01, 0x80, 0x0C, 0x80, 0x11,
    0x80, 0x05, 0x80, 0x02, 0x80, 0x0B, 0x84, 0x11, 0x80, 0x0F, 0x80, 0x07, 0x80, 0x01, 0x80, 0x0B,
    0x99, 0x11, 0x80, 0x0C, 0x80, 0x02, 0x81, 0x00, 0x80, 0x08, 0x80, 0x11, 0x80, 0x10, 0x86, 0x11,
    0x80, 0x06, 0x80, 0x00, 0x0E, 0x8A, 0x00, 0x01, 0x80, 0x00, 0x80, 0x09, 0x80, 0x10, 0x80, 0x06,
    0x80, 0x02, 0x80, 0x0B, 0x81, 0x11, 0x80, 0x10, 0x84, 0x11, 0x80, 0x09, 0x80, 0x02, 0x80, 0x0C,
    0x99, 0x11, 0x80, 0x09, 0x80, 0x03, 0x80, 0x05, 0x80, 0x0C, 0x88, 0x11, 0x80, 0x08, 0x80, 0x00,
    0x0B, 0x83, 0x00, 0x80, 0x04, 0x80, 0x05, 0x80, 0x06, 0x80, 0x07, 0x81, 0x06, 0x81, 0x05, 0x80,
    0x02, 0x82, 0x00, 0x80, 0x05, 0x80, 0x10, 0x80, 0x0A, 0x80, 0x01, 0x80, 0x0B, 0x80, 0x11, 0x80,
    0x10, 0x85, 0x11, 0x80, 0x10, 0x80, 0x11, 0x80, 0x0B, 0x80, 0x0E, 0x9A, 0x11, 0x80, 0x0F, 0x80,
    0x10, 0x89, 0x11, 0x80, 0x09, 0x80, 0x00, 0x09, 0x82, 0x00, 0x80, 0x06, 0x80, 0x08, 0x80, 0x0B,
    0x80, 0x0D, 0x80, 0x10, 0x83, 0x11, 0x81, 0x10, 0x81, 0x0B, 0x80, 0x07, 0x80, 0x00, 0x80, 0x05,
    0x80, 0x11, 0x80, 0x04, 0x80, 0x07, 0x80, 0x11, 0x80, 0x10, 0x87, 0x11, 0x80, 0x10, 0xA8, 0x11,
    0x80, 0x07, 0x80, 0x00, 0x08, 0x81, 0x00, 0x80, 0x06, 0x80, 0x0B, 0x84, 0x11, 0x84, 0x10, 0x82,
    0x11, 0x80, 0x07, 0x80, 0x00, 0x80, 0x09, 0x80, 0x0B, 0x80, 0x00, 0x80, 0x0B, 0x9D, 0x11, 0x80,
    0x10, 0x93, 0x11, 0x80, 0x10, 0x80, 0x04, 0x80, 0x00, 0x07, 0x81, 0x00, 0x80, 0x07, 0x80, 0x0F,
    0x80, 0x11, 0x81, 0x10, 0x82, 0x11, 0x82, 0x10, 0x80, 0x11, 0x81, 0x0D, 0x80, 0x0A, 0x80, 0x07,
    0x80, 0x00, 0x80, 0x05, 0x80, 0x11, 0x80, 0x08, 0x80, 0x04, 0xB3, 0x11, 0x80, 0x0B, 0x80, 0x02,
    0x80, 0x00, 0x07, 0x80, 0x00, 0x80, 0x07, 0x80, 0x0F, 0x81, 0x10, 0x86, 0x11, 0x80, 0x10, 0x80,
    0x08, 0x80, 0x04, 0x80, 0x01, 0x81, 0x00, 0x80, 0x04, 0x80, 0x0E, 0x80, 0x11, 0x80, 0x06, 0x80,
    0x08, 0x99, 0x11, 0x80, 0x10, 0x82, 0x11, 0x80, 0x0B, 0x82, 0x07, 0x80, 0x0D, 0x90, 0x11, 0x80,
    0x08, 0x80, 0x00, 0x07, 0x80, 0x00, 0x80, 0x03, 0x80, 0x0D, 0x87, 0x11, 0x80, 0x0E, 0x80, 0x0A,
    0x80, 0x06, 0x82, 0x00, 0x00, 0x80, 0x00, 0x80, 0x07, 0x80, 0x11, 0x80, 0x0F, 0x80, 0x04, 0x80,
    0x09, 0x9A, 0x11, 0x80, 0x10, 0x80, 0x0B, 0x80, 0x07, 0x80, 0x01, 0x82, 0x00, 0x80, 0x06, 0x8F,
    0x11, 0x80, 0x0A, 0x81, 0x00, 0x07, 0x80, 0x00, 0x80, 0x07, 0x87, 0x11, 0x80, 0x0A, 0x80, 0x04,
    0x82, 0x00, 0x02, 0x80, 0x00, 0x80, 0x09, 0x81, 0x11, 0x80, 0x04, 0x80, 0x0A, 0x86, 0x11, 0x80,
    0x0D, 0x80, 0x0E, 0x8E, 0x11, 0x80, 0x0B, 0x80, 0x0A, 0x80, 0x07, 0x80, 0x05, 0x80, 0x01, 0x81,
    0x00, 0x81, 0x01, 0x80, 0x00, 0x80, 0x04, 0x80, 0x0F, 0x8C, 0x11, 0x81, 0x10, 0x80, 0x05, 0x80,
    0x00, 0x08, 0x80, 0x00, 0x80, 0x09, 0x86, 0x11, 0x80, 0x0B, 0x80, 0x01, 0x80, 0x00, 0x04, 0x80,
    0x00, 0x80, 0x02, 0x80, 0x0D, 0x81, 0x11, 0x80, 0x03, 0x80, 0x09, 0x85, 0x11, 0x80, 0x09, 0x80,
    0x03, 0x80, 0x04, 0x80, 0x0A, 0x8B, 0x11, 0x80, 0x09, 0x80, 0x05, 0x80, 0x03, 0x87, 0x00, 0x80,
    0x04, 0x80, 0x0C, 0x8C, 0x11, 0x80, 0x10, 0x80, 0x11, 0x80, 0x0A, 0x81, 0x00, 0x07, 0x81, 0x00,
    0x80, 0x09, 0x80, 0x11, 0x80, 0x10, 0x83, 0x11, 0x80, 0x0A, 0x80, 0x01, 0x80, 0x00, 0x05, 0x80,
    0x00, 0x80, 0x01, 0x80, 0x0B, 0x81, 0x11, 0x80, 0x0A, 0x80, 0x0D, 0x84, 0x11, 0x80, 0x0D, 0x80,
    0x02, 0x81, 0x00, 0x80, 0x05, 0x80, 0x0F, 0x89, 0x11, 0x80, 0x08, 0x82, 0x00, 0x81, 0x01, 0x80,
    0x00, 0x80, 0x01, 0x80, 0x00, 0x80, 0x05, 0x80, 0x08, 0x80, 0x0B, 0x80, 0x0D, 0x8D, 0x11, 0x80,
    0x0F, 0x80, 0x09, 0x81, 0x00, 0x09, 0x80, 0x00, 0x80, 0x0A, 0x80, 0x11, 0x82, 0x10, 0x80, 0x11,
    0x80, 0x0E, 0x80, 0x04, 0x80, 0x00, 0x07, 0x80, 0x00, 0x80, 0x0A, 0x88, 0x11, 0x80, 0x0C, 0x80,
    0x01, 0x81, 0x00, 0x80, 0x04, 0x80, 0x0E, 0x88, 0x11, 0x80, 0x0D, 0x80, 0x02, 0x80, 0x00, 0x80,
    0x01, 0x81, 0x00, 0x80, 0x01, 0x80, 0x02, 0x80, 0x00, 0x80, 0x04, 0x80, 0x0D, 0x8D, 0x11, 0x80,
    0x10, 0x80, 0x11, 0x80, 0x0B, 0x80, 0x06, 0x81, 0x00, 0x0A, 0x80, 0x00, 0x80, 0x05, 0x80, 0x10,
    0x82, 0x11, 0x80, 0x0E, 0x80, 0x06, 0x80, 0x00, 0x07, 0x81, 0x00, 0x80, 0x0B, 0x88, 0x11, 0x80,
    0x10, 0x80, 0x08, 0x80, 0x00, 0x80, 0x01, 0x80, 0x09, 0x89, 0x11, 0x80, 0x0F, 0x80, 0x05, 0x81,
    0x00, 0x80, 0x02, 0x80, 0x07, 0x81, 0x0B, 0x80, 0x08, 0x80, 0x0D, 0x80, 0x11, 0x80, 0x10, 0x8D,
    0x11, 0x80, 0x0C, 0x80, 0x02, 0x81, 0x00, 0x0B, 0x81, 0x00, 0x80, 0x06, 0x81, 0x0A, 0x80, 0x09,
    0x80, 0x04, 0x80, 0x00, 0x08, 0x80, 0x00, 0x80, 0x04, 0x80, 0x0F, 0x8A, 0x11, 0x80, 0x0A, 0x80,
    0x0B, 0x8B, 0x11, 0x80, 0x0D, 0x81, 0x09, 0x80, 0x0B, 0x8D, 0x11, 0x81, 0x10, 0x81, 0x11, 0x80,
    0x0B, 0x80, 0x0A, 0x80, 0x09, 0x80, 0x02, 0x80, 0x00, 0x0E, 0x82, 0x00, 0x80, 0x01, 0x82, 0x00,
    0x08, 0x80, 0x00, 0x80, 0x05, 0x80, 0x10, 0x9C, 0x11, 0x80, 0x10, 0x8A, 0x11, 0x80, 0x10, 0x82,
    0x11, 0x80, 0x0C, 0x80, 0x07, 0x80, 0x02, 0x82, 0x00, 0x01, 0x80, 0x00, 0x0E, 0x81, 0x00, 0x0B,
    0x80, 0x00, 0x80, 0x04, 0x80, 0x0D, 0xA6, 0x11, 0x81, 0x10, 0x80, 0x11, 0x80, 0x0D, 0x80, 0x0A,
    0x80, 0x09, 0x80, 0x04, 0x81, 0x00, 0x02, 0x83, 0x00, 0x1B, 0x81, 0x00, 0x80, 0x0A, 0x80, 0x11,
    0x80, 0x10, 0x9B, 0x11, 0x80, 0x10, 0x83, 0x11, 0x80, 0x10, 0x80, 0x0C, 0x80, 0x0F, 0x81, 0x11,
    0x80, 0x10, 0x80, 0x08, 0x80, 0x04, 0x80, 0x01, 0x81, 0x00, 0x03, 0x80, 0x00, 0x80, 0x02, 0x81,
    0x0A, 0x80, 0x03, 0x80, 0x00, 0x1B, 0x80, 0x00, 0x80, 0x06, 0x80, 0x10, 0x9D, 0x11, 0x80, 0x10,
    0x80, 0x0C, 0x80, 0x0A, 0x80, 0x08, 0x80, 0x05, 0x80, 0x03, 0x80, 0x05, 0x81, 0x07, 0x80, 0x06,
    0x82, 0x00, 0x04, 0x80, 0x00, 0x80, 0x04, 0x80, 0x0C, 0x81, 0x11, 0x80, 0x07, 0x80, 0x00, 0x1B,
    0x81, 0x00, 0x80, 0x0A, 0x80, 0x11, 0x80, 0x10, 0x99, 0x11, 0x80, 0x0A, 0x80, 0x06, 0x80, 0x05,
    0x80, 0x02, 0x81, 0x01, 0x80, 0x12, 0x80, 0x01, 0x80, 0x00, 0x80, 0x12, 0x80, 0x01, 0x81, 0x00,
    0x05, 0x80, 0x00, 0x80, 0x05, 0x80, 0x0E, 0x80, 0x11, 0x80, 0x10, 0x80, 0x11, 0x80, 0x07, 0x80,
    0x00, 0x1C, 0x80, 0x00, 0x80, 0x06, 0x80, 0x10, 0x98, 0x11, 0x80, 0x0C, 0x80, 0x06, 0x80, 0x00,
    0x81, 0x01, 0x80, 0x12, 0x80, 0x16, 0x81, 0x17, 0x80, 0x14, 0x80, 0x00, 0x80, 0x15, 0x80, 0x12,
    0x80, 0x02, 0x81, 0x00, 0x02, 0x81, 0x00, 0x80, 0x06, 0x80, 0x0C, 0x83, 0x11, 0x80, 0x06, 0x80,
    0x00, 0x1C, 0x81, 0x00, 0x80, 0x07, 0x80, 0x10, 0x96, 0x11, 0x80, 0x09, 0x81, 0x01, 0x80, 0x15,
    0x80, 0x17, 0x80, 0x14, 0x80, 0x12, 0x82, 0x17, 0x80, 0x16, 0x80, 0x01, 0x80, 0x02, 0x80, 0x00,
    0x80, 0x08, 0x80, 0x07, 0x84, 0x00, 0x80, 0x08, 0x84, 0x11, 0x80, 0x0B, 0x80, 0x01, 0x80, 0x00,
    0x1E, 0x80, 0x00, 0x80, 0x07, 0x80, 0x0E, 0x80, 0x11, 0x80, 0x10, 0x8D, 0x11, 0x80, 0x10, 0x82,
    0x11, 0x80, 0x0F, 0x80, 0x08, 0x80, 0x00, 0x80, 0x12, 0x82, 0x17, 0x80, 0x16, 0x80, 0x12, 0x80,
    0x15, 0x82, 0x17, 0x80, 0x12, 0x80, 0x00, 0x80, 0x05, 0x81, 0x10, 0x80, 0x09, 0x81, 0x05, 0x80,
    0x07, 0x80, 0x0A, 0x81, 0x11, 0x80, 0x10, 0x80, 0x11, 0x80, 0x10, 0x80, 0x11, 0x80, 0x07, 0x80,
    0x00, 0x1F, 0x81, 0x00, 0x80, 0x06, 0x80, 0x0B, 0x8F, 0x11, 0x80, 0x0F, 0x80, 0x0B, 0x80, 0x08,
    0x80, 0x04, 0x81, 0x00, 0x80, 0x12, 0x83, 0x17, 0x81, 0x14, 0x82, 0x17, 0x80, 0x12, 0x80, 0x03,
    0x80, 0x0D, 0x82, 0x11, 0x81, 0x0F, 0x84, 0x11, 0x80, 0x10, 0x80, 0x11, 0x80, 0x0B, 0x80, 0x02,
    0x80, 0x00, 0x21, 0x81, 0x00, 0x80, 0x07, 0x80, 0x0A, 0x80, 0x0E, 0x88, 0x11, 0x80, 0x0C, 0x81,
    0x08, 0x80, 0x07, 0x80, 0x04, 0x81, 0x00, 0x80, 0x12, 0x80, 0x15, 0x80, 0x12, 0x80, 0x02, 0x83,
    0x17, 0x81, 0x16, 0x82, 0x17, 0x80, 0x14, 0x80, 0x04, 0x80, 0x10, 0x84, 0x11, 0x80, 0x10, 0x83,
    0x11, 0x80, 0x10, 0x80, 0x11, 0x80, 0x06, 0x80, 0x00, 0x23, 0x82, 0x00, 0x80, 0x04, 0x80, 0x07,
    0x80, 0x08, 0x81, 0x09, 0x80, 0x0A, 0x80, 0x09, 0x81, 0x07, 0x80, 0x06, 0x80, 0x02, 0x82, 0x00,
    0x80, 0x04, 0x80, 0x06, 0x80, 0x00, 0x80, 0x13, 0x80, 0x15, 0x80, 0x14, 0x80, 0x01, 0x80, 0x15,
    0x87, 0x17, 0x80, 0x12, 0x80, 0x05, 0x80, 0x10, 0x8A, 0x11, 0x80, 0x09, 0x81, 0x00, 0x26, 0x83,
    0x00, 0x80, 0x01, 0x85, 0x00, 0x00, 0x81, 0x00, 0x80, 0x0A, 0x80, 0x10, 0x80, 0x08, 0x80, 0x03,
    0x80, 0x00, 0x80, 0x01, 0x80, 0x00, 0x80, 0x12, 0x86, 0x17, 0x80, 0x16, 0x80, 0x00, 0x80, 0x09,
    0x8A, 0x11, 0x80, 0x0B, 0x80, 0x02, 0x80, 0x00, 0x26, 0x81, 0x00, 0x81, 0x05, 0x80, 0x04, 0x80,
    0x01, 0x86, 0x00, 0x80, 0x03, 0x80, 0x0A, 0x82, 0x11, 0x80, 0x0D, 0x80, 0x09, 0x80, 0x08, 0x80,
    0x07, 0x80, 0x01, 0x80, 0x14, 0x84, 0x17, 0x80, 0x16, 0x80, 0x01, 0x80, 0x05, 0x80, 0x0F, 0x88,
    0x11, 0x81, 0x10, 0x80, 0x06, 0x80, 0x00, 0x26, 0x81, 0x00, 0x80, 0x09, 0x80, 0x10, 0x80, 0x0F,
    0x80, 0x0D, 0x81, 0x0A, 0x80, 0x08, 0x82, 0x06, 0x80, 0x07, 0x80, 0x0A, 0x80, 0x0D, 0x82, 0x11,
    0x80, 0x10, 0x83, 0x11, 0x80, 0x08, 0x80, 0x00, 0x80, 0x12, 0x82, 0x15, 0x80, 0x12, 0x80, 0x00,
    0x80, 0x05, 0x80, 0x0D, 0x88, 0x11, 0x80, 0x10, 0x80, 0x11, 0x80, 0x08, 0x81, 0x00, 0x26, 0x80,
    0x00, 0x80, 0x01, 0x80, 0x0C, 0x80, 0x11, 0x80, 0x10, 0x8E, 0x11, 0x83, 0x10, 0x80, 0x09, 0x80,
    0x05, 0x80, 0x02, 0x80, 0x01, 0x80, 0x02, 0x80, 0x04, 0x80, 0x08, 0x80, 0x0E, 0x8A, 0x11, 0x80,
    0x0A, 0x81, 0x00, 0x28, 0x80, 0x00, 0x80, 0x08, 0x80, 0x11, 0x80, 0x10, 0x83, 0x11, 0x81, 0x10,
    0x8D, 0x11, 0x80, 0x10, 0x80, 0x0D, 0x80, 0x0B, 0x80, 0x0D, 0x80, 0x0F, 0x8B, 0x11, 0x80, 0x0A,
    0x80, 0x01, 0x80, 0x00, 0x29, 0x80, 0x00, 0x80, 0x01, 0x80, 0x0A, 0xA4, 0x11, 0x80, 0x0F, 0x80,
    0x04, 0x80, 0x00, 0x2B, 0x81, 0x00, 0x80, 0x08, 0x80, 0x10, 0x81, 0x11, 0x80, 0x10, 0x9F, 0x11,
    0x80, 0x0D, 0x80, 0x02, 0x80, 0x00, 0x02, 0x83, 0x00, 0x25, 0x81, 0x00, 0x80, 0x06, 0x80, 0x0B,
    0xA1, 0x11, 0x80, 0x0D, 0x80, 0x04, 0x80, 0x00, 0x01, 0x81, 0x00, 0x81, 0x07, 0x80, 0x00, 0x27,
    0x81, 0x00, 0x80, 0x06, 0x80, 0x0A, 0x80, 0x0F, 0x9E, 0x11, 0x80, 0x0E, 0x80, 0x05, 0x80, 0x00,
    0x00, 0x80, 0x00, 0x80, 0x01, 0x80, 0x0A, 0x80, 0x11, 0x80, 0x0F, 0x80, 0x04, 0x80, 0x00, 0x27,
    0x82, 0x00, 0x80, 0x04, 0x80, 0x08, 0x80, 0x0A, 0x80, 0x0D, 0x9C, 0x11, 0x80, 0x07, 0x82, 0x00,
    0x80, 0x0A, 0x80, 0x11, 0x81, 0x10, 0x80, 0x05, 0x80, 0x00, 0x2A, 0x82, 0x00, 0x80, 0x03, 0x80,
    0x0C, 0x99, 0x11, 0x80, 0x10, 0x80, 0x11, 0x80, 0x07, 0x81, 0x00, 0x80, 0x09, 0x80, 0x11, 0x80,
    0x10, 0x80, 0x11, 0x80, 0x0C, 0x80, 0x02, 0x80, 0x00, 0x2C, 0x80, 0x00, 0x80, 0x01, 0x80, 0x0C,
    0x99, 0x11, 0x80, 0x10, 0x80, 0x11, 0x80, 0x0A, 0x80, 0x00, 0x80, 0x09, 0x83, 0x11, 0x80, 0x0A,
    0x81, 0x00, 0x2C, 0x80, 0x00, 0x80, 0x02, 0x80, 0x0C, 0x9B, 0x11, 0x80, 0x0C, 0x80, 0x08, 0x84,
    0x11, 0x80, 0x07, 0x80, 0x00, 0x1F, 0x82, 0x00, 0x0A, 0x80, 0x00, 0x80, 0x02, 0x80, 0x0C, 0xA1,
    0x11, 0x80, 0x0C, 0x80, 0x02, 0x80, 0x00, 0x1D, 0x81, 0x00, 0x81, 0x05, 0x80, 0x00, 0x0A, 0x80,
    0x00, 0x80, 0x04, 0x80, 0x0D, 0xA1, 0x11, 0x80, 0x07, 0x80, 0x00, 0x1D, 0x81, 0x00, 0x80, 0x08,
    0x80, 0x10, 0x80, 0x08, 0x80, 0x00, 0x0A, 0x80, 0x00, 0x80, 0x05, 0xA1, 0x11, 0x80, 0x0B, 0x80,
    0x02, 0x80, 0x00, 0x1D, 0x80, 0x00, 0x80, 0x09, 0x81, 0x11, 0x80, 0x06, 0x80, 0x00, 0x08, 0x81,
    0x00, 0x80, 0x02, 0x80, 0x08, 0x9F, 0x11, 0x80, 0x10, 0x80, 0x11, 0x80, 0x0A, 0x80, 0x00, 0x1D,
    0x80, 0x00, 0x80, 0x06, 0x80, 0x0F, 0x80, 0x10, 0x80, 0x11, 0x80, 0x06, 0x80, 0x00, 0x07, 0x81,
    0x00, 0x80, 0x09, 0x80, 0x0D, 0x80, 0x0F, 0x9F, 0x11, 0x80, 0x10, 0x80, 0x0F, 0x80, 0x06, 0x80,
    0x00, 0x1C, 0x80, 0x00, 0x80, 0x01, 0x80, 0x0B, 0x82, 0x11, 0x80, 0x06, 0x80, 0x00, 0x06, 0x81,
    0x00, 0x80, 0x08, 0xA1, 0x11, 0x80, 0x10, 0x80, 0x11, 0x80, 0x08, 0x81, 0x00, 0x1C, 0x80, 0x00,
    0x80, 0x07, 0x80, 0x10, 0x82, 0x11, 0x80, 0x09, 0x81, 0x00, 0x05, 0x80, 0x00, 0x80, 0x06, 0x81,
    0x10, 0xA1, 0x11, 0x80, 0x0B, 0x80, 0x02, 0x80, 0x00, 0x1D, 0x80, 0x00, 0x80, 0x09, 0x80, 0x11,
    0x80, 0x10, 0x82, 0x11, 0x80, 0x07, 0x80, 0x00, 0x04, 0x81, 0x00, 0x80, 0x09, 0x80, 0x11, 0x80,
    0x10, 0xA0, 0x11, 0x80, 0x0D, 0x80, 0x05, 0x80, 0x00, 0x1E, 0x80, 0x00, 0x80, 0x08, 0x80, 0x11,
    0x80, 0x10, 0x82, 0x11, 0x80, 0x0D, 0x80, 0x01, 0x04, 0x80, 0x00, 0x80, 0x01, 0x80, 0x0C, 0xA1,
    0x11, 0x80, 0x0E, 0x80, 0x05, 0x80, 0x00, 0x1E, 0x80, 0x00, 0x80, 0x01, 0x80, 0x0B, 0x84, 0x11,
    0x80, 0x0D, 0x80, 0x02, 0x80, 0x00, 0x03, 0x80, 0x00, 0x80, 0x05, 0x80, 0x10, 0xA0, 0x11, 0x80,
    0x0A, 0x80, 0x04, 0x80, 0x00, 0x1F, 0x80, 0x00, 0x80, 0x04, 0x80, 0x0E, 0x85, 0x11, 0x80, 0x07,
    0x83, 0x00, 0x00, 0x80, 0x00, 0x80, 0x05, 0x80, 0x10, 0x9E, 0x11, 0x80, 0x10, 0x80, 0x08, 0x80,
    0x01, 0x80, 0x00, 0x20, 0x80, 0x00, 0x80, 0x06, 0x86, 0x11, 0x80, 0x10, 0x81, 0x0A, 0x80, 0x05,
    0x82, 0x00, 0x80, 0x03, 0x80, 0x0D, 0x99, 0x11, 0x80, 0x10, 0x81, 0x11, 0x80, 0x0D, 0x80, 0x0A,
    0x80, 0x05, 0x81, 0x00, 0x21, 0x80, 0x00, 0x80, 0x04, 0x80, 0x0E, 0x88, 0x11, 0x80, 0x0F, 0x81,
    0x09, 0x80, 0x07, 0x80, 0x00, 0x80, 0x0B, 0x9A, 0x11, 0x80, 0x0C, 0x80, 0x08, 0x80, 0x03, 0x82,
    0x00, 0x22, 0x81, 0x00, 0x80, 0x0A, 0x8B, 0x11, 0x80, 0x0F, 0x80, 0x01, 0x80, 0x07, 0x80, 0x11,
    0x80, 0x10, 0x8F, 0x11, 0x81, 0x10, 0x82, 0x11, 0x80, 0x10, 0x80, 0x0B, 0x80, 0x0A, 0x80, 0x07,
    0x80, 0x03, 0x81, 0x00, 0x26, 0x80, 0x00, 0x80, 0x06, 0x80, 0x10, 0x89, 0x11, 0x80, 0x10, 0x80,
    0x11, 0x80, 0x08, 0x80, 0x00, 0x80, 0x0B, 0x80, 0x11, 0x80, 0x10, 0x90, 0x11, 0x80, 0x0F, 0x80,
    0x0D, 0x80, 0x0A, 0x80, 0x05, 0x80, 0x01, 0x82, 0x00, 0x28, 0x81, 0x00, 0x80, 0x0A, 0x80, 0x11,
    0x81, 0x10, 0x87, 0x11, 0x80, 0x10, 0x80, 0x0E, 0x80, 0x05, 0x80, 0x03, 0x80, 0x0F, 0x80, 0x11,
    0x80, 0x10, 0x8B, 0x11, 0x80, 0x10, 0x80, 0x0C, 0x80, 0x08, 0x80, 0x07, 0x80, 0x05, 0x80, 0x02,
    0x82, 0x00, 0x2C, 0x80, 0x00, 0x80, 0x01, 0x80, 0x0A, 0x8A, 0x11, 0x80, 0x0B, 0x80, 0x05, 0x80,
    0x00, 0x80, 0x05, 0x80, 0x0B, 0x80, 0x10, 0x88, 0x11, 0x80, 0x10, 0x80, 0x0D, 0x80, 0x0A, 0x80,
    0x06, 0x85, 0x00, 0x2F, 0x81, 0x00, 0x80, 0x07, 0x80, 0x0A, 0x80, 0x08, 0x80, 0x0A, 0x82, 0x11,
    0x80, 0x10, 0x80, 0x0B, 0x80, 0x0A, 0x80, 0x09, 0x80, 0x02, 0x83, 0x00, 0x80, 0x06, 0x80, 0x08,
    0x80, 0x0C, 0x83, 0x11, 0x80, 0x10, 0x80, 0x11, 0x80, 0x0C, 0x80, 0x06, 0x80, 0x02, 0x82, 0x00,
    0x35, 0x84, 0x00, 0x80, 0x07, 0x81, 0x09, 0x80, 0x07, 0x80, 0x01, 0x82, 0x00, 0x02, 0x82, 0x00,
    0x80, 0x06, 0x84, 0x11, 0x80, 0x0C, 0x80, 0x02, 0x81, 0x00, 0x14, 0x81, 0x00, 0x26, 0x84, 0x00,
    0x06, 0x80, 0x00, 0x80, 0x04, 0x80, 0x0D, 0x83, 0x11, 0x80, 0x0E, 0x80, 0x04, 0x80, 0x00, 0x16,
    0x81, 0x00, 0x32, 0x80, 0x00, 0x80, 0x08, 0x80, 0x11, 0x80, 0x10, 0x81, 0x11, 0x80, 0x0D, 0x80,
    0x05, 0x80, 0x00, 0x12, 0x81, 0x00, 0x03, 0x81, 0x00, 0x30, 0x80, 0x00, 0x80, 0x01, 0x80, 0x0C,
    0x80, 0x11, 0x80, 0x10, 0x80, 0x11, 0x80, 0x0D, 0x80, 0x05, 0x80, 0x00, 0x13, 0x81, 0x00, 0x03,
    0x81, 0x00, 0x30, 0x80, 0x00, 0x80, 0x03, 0x80, 0x0C, 0x81, 0x11, 0x80, 0x0B, 0x80, 0x04, 0x80,
    0x00, 0x14, 0x81, 0x00, 0x04, 0x81, 0x00, 0x2F, 0x80, 0x00, 0x80, 0x01, 0x80, 0x09, 0x80, 0x0C,
    0x80, 0x08, 0x80, 0x01, 0x80, 0x00, 0x16, 0x81, 0x00, 0x03, 0x81, 0x00, 0x30, 0x80, 0x00, 0x80,
    0x01, 0x80, 0x02, 0x81, 0x00, 0x08, 0x81, 0x00, 0x0C, 0x81, 0x00, 0x03, 0x81, 0x00, 0x2A, 0x81,
    0x00, 0x04, 0x82, 0x00, 0x05, 0x80, 0x00, 0x02, 0x81, 0x00, 0x0C, 0x81, 0x00, 0x04, 0x81, 0x00,
    0x29, 0x81, 0x00, 0x0D, 0x81, 0x00, 0x01, 0x81, 0x00, 0x0D, 0x80, 0x00, 0x30, 0x81, 0x00, 0x01,
    0x81, 0x00, 0x08, 0x81, 0x00, 0x02, 0x81, 0x00, 0x0D, 0x80, 0x00, 0x30, 0x81, 0x00, 0x01, 0x81,
    0x00, 0x08, 0x81, 0x00, 0x02, 0x81, 0x00, 0x3F, 0x81, 0x00, 0x01, 0x81, 0x00, 0x08, 0x81, 0x00,
    0x02, 0x81, 0x00, 0x3F, 0x80, 0x00, 0x02, 0x81, 0x00, 0x08, 0x81, 0x00, 0x02, 0x81, 0x00, 0x3E,
    0x81, 0x00, 0x02, 0x81, 0x00, 0x08, 0x81, 0x00, 0x02, 0x80, 0x00, 0x3F, 0x81, 0x00, 0x01, 0x81,
    0x00, 0x0D, 0x81, 0x00, 0x3F, 0x81, 0x00, 0x01, 0x81, 0x00, 0x0D, 0x81, 0x00, 0x54, 0x80, 0x00,
    0x20,
];

#[rustfmt::skip]
const POSE_LISTENING: &[u8] = &[
    0x51, 0x83, 0x00, 0x52, 0x84, 0x00, 0x81, 0x01, 0x83, 0x00, 0x4C, 0x82, 0x00, 0x80, 0x01, 0x80,
    0x06, 0x80, 0x07, 0x80, 0x0B, 0x81, 0x0A, 0x80, 0x09, 0x80, 0x0A, 0x80, 0x09, 0x80, 0x04, 0x81,
    0x00, 0x4A, 0x81, 0x00, 0x80, 0x03, 0x80, 0x08, 0x80, 0x0B, 0x80, 0x0F, 0x86, 0x11, 0x80, 0x0D,
    0x80, 0x06, 0x80, 0x00, 0x49, 0x81, 0x00, 0x80, 0x07, 0x80, 0x0E, 0x86, 0x11, 0x82, 0x10, 0x80,
    0x11, 0x80, 0x0D, 0x80, 0x03, 0x80, 0x00, 0x47, 0x80, 0x00, 0x80, 0x01, 0x80, 0x0A, 0x81, 0x11,
    0x80, 0x10, 0x88, 0x11, 0x81, 0x10, 0x80, 0x05, 0x80, 0x00, 0x46, 0x80, 0x00, 0x80, 0x01, 0x80,
    0x09, 0x82, 0x11, 0x82, 0x10, 0x84, 0x11, 0x83, 0x10, 0x80, 0x05, 0x80, 0x00, 0x45, 0x80, 0x00,
    0x80, 0x01, 0x80, 0x09, 0x80, 0x11, 0x80, 0x10, 0x8B, 0x11, 0x80, 0x10, 0x80, 0x09, 0x81, 0x00,
    0x44, 0x81, 0x00, 0x80, 0x09, 0x80, 0x11, 0x80, 0x10, 0x81, 0x11, 0x80, 0x0E, 0x80, 0x0A, 0x80,
    0x09, 0x81, 0x07, 0x80, 0x06, 0x80, 0x08, 0x80, 0x0A, 0x81, 0x0B, 0x80, 0x08, 0x80, 0x06, 0x81,
    0x00, 0x3A, 0x82, 0x00, 0x06, 0x81, 0x00, 0x80, 0x07, 0x81, 0x11, 0x80, 0x0E, 0x80, 0x0B, 0x80,
    0x07, 0x80, 0x04, 0x80, 0x01, 0x8A, 0x00, 0x34, 0x86, 0x00, 0x80, 0x02, 0x80, 0x03, 0x80, 0x01,
    0x84, 0x00, 0x01, 0x80, 0x00, 0x80, 0x05, 0x80, 0x10, 0x80, 0x11, 0x80, 0x08, 0x80, 0x04, 0x83,
    0x00, 0x04, 0x82, 0x00, 0x33, 0x83, 0x00, 0x80, 0x01, 0x80, 0x06, 0x80, 0x07, 0x80, 0x08, 0x80,
    0x06, 0x80, 0x07, 0x80, 0x0A, 0x80, 0x0C, 0x80, 0x0F, 0x80, 0x0B, 0x80, 0x09, 0x81, 0x07, 0x80,
    0x03, 0x82, 0x00, 0x80, 0x01, 0x80, 0x0A, 0x80, 0x0E, 0x80, 0x06, 0x82, 0x00, 0x3B, 0x82, 0x00,
    0x80, 0x04, 0x82, 0x09, 0x80, 0x0B, 0x8A, 0x11, 0x80, 0x0D, 0x80, 0x09, 0x80, 0x07, 0x80, 0x04,
    0x80, 0x02, 0x80, 0x00, 0x80, 0x03, 0x80, 0x05, 0x81, 0x00, 0x3A, 0x83, 0x00, 0x80, 0x03, 0x80,
    0x08, 0x80, 0x0D, 0x84, 0x11, 0x85, 0x10, 0x81, 0x11, 0x80, 0x0A, 0x80, 0x06, 0x80, 0x01, 0x80,
    0x00, 0x82, 0x01, 0x80, 0x04, 0x80, 0x06, 0x80, 0x01, 0x82, 0x00, 0x37, 0x82, 0x00, 0x80, 0x07,
    0x80, 0x09, 0x80, 0x0C, 0x80, 0x0D, 0x81, 0x11, 0x80, 0x10, 0x8A, 0x11, 0x80, 0x07, 0x80, 0x00,
    0x80, 0x05, 0x80, 0x08, 0x80, 0x0B, 0x80, 0x0A, 0x80, 0x08, 0x80, 0x05, 0x80, 0x00, 0x80, 0x06,
    0x80, 0x0A, 0x80, 0x08, 0x80, 0x06, 0x81, 0x00, 0x34, 0x81, 0x00, 0x80, 0x01, 0x80, 0x06, 0x80,
    0x09, 0x8F, 0x11, 0x80, 0x10, 0x80, 0x07, 0x80, 0x00, 0x80, 0x09, 0x80, 0x10, 0x83, 0x11, 0x80,
    0x10, 0x80, 0x0A, 0x80, 0x02, 0x80, 0x05, 0x80, 0x11, 0x80, 0x10, 0x80, 0x0A, 0x80, 0x04, 0x80,
    0x00, 0x13, 0x81, 0x00, 0x1C, 0x81, 0x00, 0x80, 0x07, 0x80, 0x0B, 0x82, 0x11, 0x80, 0x10, 0x8D,
    0x11, 0x80, 0x0A, 0x80, 0x00, 0x80, 0x0A, 0x80, 0x11, 0x81, 0x10, 0x84, 0x11, 0x80, 0x0E, 0x80,
    0x04, 0x80, 0x05, 0x80, 0x10, 0x80, 0x11, 0x80, 0x0C, 0x80, 0x05, 0x81, 0x00, 0x10, 0x81, 0x00,
    0x1C, 0x81, 0x00, 0x80, 0x08, 0x93, 0x11, 0x80, 0x03, 0x80, 0x07, 0x81, 0x10, 0x85, 0x11, 0x80,
    0x10, 0x80, 0x11, 0x80, 0x0F, 0x80, 0x03, 0x80, 0x08, 0x81, 0x11, 0x80, 0x0E, 0x80, 0x06, 0x81,
    0x00, 0x0E, 0x81, 0x00, 0x1C, 0x81, 0x00, 0x80, 0x08, 0x80, 0x11, 0x80, 0x10, 0x91, 0x11, 0x80,
    0x0A, 0x80, 0x02, 0x80, 0x0D, 0x88, 0x11, 0x80, 0x10, 0x80, 0x11, 0x80, 0x0A, 0x80, 0x01, 0x80,
    0x0C, 0x81, 0x11, 0x80, 0x0C, 0x80, 0x04, 0x80, 0x00, 0x0D, 0x81, 0x00, 0x04, 0x81, 0x00, 0x14,
    0x81, 0x00, 0x80, 0x04, 0x80, 0x09, 0x80, 0x11, 0x80, 0x10, 0x92, 0x11, 0x81, 0x06, 0x80, 0x11,
    0x80, 0x10, 0x8A, 0x11, 0x80, 0x07, 0x80, 0x0A, 0x80, 0x11, 0x80, 0x10, 0x80, 0x11, 0x80, 0x0B,
    0x81, 0x00, 0x0B, 0x82, 0x00, 0x03, 0x82, 0x00, 0x13, 0x80, 0x00, 0x80, 0x01, 0x80, 0x08, 0x80,
    0x0F, 0x80, 0x11, 0x80, 0x10, 0x93, 0x11, 0x80, 0x04, 0x80, 0x08, 0x90, 0x11, 0x80, 0x10, 0x80,
    0x11, 0x80, 0x08, 0x80, 0x00, 0x0B, 0x81, 0x00, 0x03, 0x81, 0x00, 0x14, 0x80, 0x00, 0x80, 0x01,
    0x80, 0x0A, 0x80, 0x11, 0x81, 0x10, 0x80, 0x11, 0x80, 0x10, 0x91, 0x11, 0x80, 0x10, 0x80, 0x04,
    0x80, 0x0B, 0x92, 0x11, 0x80, 0x0E, 0x80, 0x04, 0x80, 0x00, 0x0A, 0x81, 0x00, 0x02, 0x81, 0x00,
    0x14, 0x81, 0x00, 0x80, 0x08, 0x81, 0x11, 0x80, 0x0F, 0x80, 0x0E, 0x82, 0x11, 0x80, 0x10, 0x90,
    0x11, 0x80, 0x06, 0x80, 0x0B, 0x93, 0x11, 0x80, 0x08, 0x80, 0x00, 0x09, 0x81, 0x00, 0x03, 0x81,
    0x00, 0x0C, 0x82, 0x00, 0x03, 0x81, 0x00, 0x80, 0x07, 0x80, 0x10, 0x80, 0x09, 0x80, 0x07, 0x80,
    0x04, 0x80, 0x03, 0x80, 0x05, 0x80, 0x08, 0x80, 0x0D, 0x80, 0x11, 0x80, 0x10, 0x8F, 0x11, 0x80,
    0x0D, 0x80, 0x10, 0x87, 0x11, 0x80, 0x0F, 0x8A, 0x11, 0x80, 0x0C, 0x80, 0x03, 0x80, 0x00, 0x08,
    0x81, 0x00, 0x02, 0x81, 0x00, 0x09, 0x8B, 0x00, 0x80, 0x04, 0x80, 0x0A, 0x80, 0x06, 0x80, 0x00,
    0x80, 0x04, 0x80, 0x08, 0x80, 0x09, 0x80, 0x07, 0x80, 0x03, 0x80, 0x01, 0x80, 0x09, 0x98, 0x11,
    0x80, 0x10, 0x80, 0x07, 0x80, 0x03, 0x80, 0x07, 0x88, 0x11, 0x81, 0x10, 0x80, 0x06, 0x80, 0x00,
    0x08, 0x81, 0x00, 0x02, 0x81, 0x00, 0x07, 0x81, 0x00, 0x80, 0x02, 0x80, 0x06, 0x80, 0x08, 0x84,
    0x0B, 0x80, 0x08, 0x80, 0x07, 0x80, 0x02, 0x80, 0x00, 0x80, 0x0A, 0x80, 0x06, 0x80, 0x01, 0x80,
    0x0A, 0x80, 0x10, 0x82, 0x11, 0x80, 0x10, 0x80, 0x09, 0x80, 0x00, 0x80, 0x08, 0x97, 0x11, 0x80,
    0x09, 0x82, 0x00, 0x80, 0x0A, 0x88, 0x11, 0x80, 0x10, 0x80, 0x06, 0x80, 0x00, 0x0C, 0x81, 0x00,
    0x06, 0x81, 0x00, 0x80, 0x02, 0x80, 0x08, 0x80, 0x0B, 0x80, 0x10, 0x86, 0x11, 0x80, 0x0D, 0x80,
    0x01, 0x80, 0x07, 0x80, 0x06, 0x80, 0x00, 0x80, 0x0E, 0x81, 0x11, 0x80, 0x10, 0x83, 0x11, 0x80,
    0x0B, 0x80, 0x00, 0x80, 0x09, 0x96, 0x11, 0x80, 0x08, 0x80, 0x00, 0x80, 0x02, 0x80, 0x00, 0x80,
    0x08, 0x89, 0x11, 0x80, 0x09, 0x81, 0x00, 0x0B, 0x81, 0x00, 0x05, 0x81, 0x00, 0x80, 0x06, 0x80,
    0x0C, 0x81, 0x11, 0x80, 0x10, 0x83, 0x11, 0x80, 0x10, 0x81, 0x11, 0x80, 0x07, 0x80, 0x01, 0x80,
    0x08, 0x80, 0x00, 0x80, 0x09, 0x80, 0x11, 0x80, 0x10, 0x84, 0x11, 0x80, 0x10, 0x80, 0x11, 0x80,
    0x09, 0x80, 0x04, 0x80, 0x10, 0x95, 0x11, 0x80, 0x0E, 0x80, 0x04, 0x80, 0x00, 0x80, 0x04, 0x80,
    0x0D, 0x89, 0x11, 0x80, 0x0C, 0x80, 0x01, 0x80, 0x00, 0x0B, 0x81, 0x00, 0x04, 0x81, 0x00, 0x80,
    0x05, 0x80, 0x0E, 0x80, 0x11, 0x80, 0x10, 0x86, 0x11, 0x80, 0x0B, 0x80, 0x08, 0x80, 0x00, 0x80,
    0x08, 0x80, 0x05, 0x80, 0x06, 0x80, 0x11, 0x80, 0x10, 0x88, 0x11, 0x80, 0x0E, 0x97, 0x11, 0x80,
    0x0D, 0x80, 0x09, 0x80, 0x0D, 0x8A, 0x11, 0x80, 0x0E, 0x80, 0x02, 0x80, 0x00, 0x12, 0x80, 0x00,
    0x80, 0x06, 0x80, 0x0E, 0x85, 0x11, 0x80, 0x10, 0x80, 0x11, 0x80, 0x0D, 0x80, 0x07, 0x80, 0x02,
    0x80, 0x00, 0x80, 0x06, 0x80, 0x0A, 0x80, 0x00, 0x80, 0x0A, 0xB1, 0x11, 0x80, 0x0A, 0x80, 0x01,
    0x80, 0x00, 0x11, 0x80, 0x00, 0x80, 0x03, 0x80, 0x0D, 0x85, 0x11, 0x80, 0x10, 0x80, 0x11, 0x80,
    0x0B, 0x80, 0x04, 0x82, 0x00, 0x80, 0x0B, 0x80, 0x08, 0x80, 0x03, 0x80, 0x10, 0xB1, 0x11, 0x80,
    0x09, 0x81, 0x00, 0x10, 0x81, 0x00, 0x80, 0x0A, 0x80, 0x11, 0x80, 0x10, 0x83, 0x11, 0x80, 0x10,
    0x80, 0x11, 0x80, 0x0B, 0x80, 0x04, 0x80, 0x00, 0x00, 0x80, 0x00, 0x80, 0x04, 0x80, 0x0F, 0x80,
    0x05, 0x80, 0x07, 0xB2, 0x11, 0x80, 0x06, 0x80, 0x00, 0x11, 0x80, 0x00, 0x80, 0x03, 0x80, 0x0C,
    0x86, 0x11, 0x80, 0x0B, 0x80, 0x02, 0x80, 0x00, 0x01, 0x80, 0x00, 0x80, 0x08, 0x80, 0x10, 0x80,
    0x02, 0x80, 0x09, 0xB1, 0x11, 0x80, 0x0E, 0x80, 0x04, 0x80, 0x00, 0x11, 0x80, 0x00, 0x80, 0x07,
    0x80, 0x11, 0x80, 0x10, 0x84, 0x11, 0x80, 0x0C, 0x80, 0x02, 0x80, 0x00, 0x02, 0x80, 0x00, 0x80,
    0x0C, 0x80, 0x0F, 0x80, 0x02, 0x80, 0x09, 0xB1, 0x11, 0x80, 0x0A, 0x81, 0x00, 0x11, 0x80, 0x00,
    0x80, 0x09, 0x80, 0x11, 0x80, 0x10, 0x84, 0x11, 0x80, 0x08, 0x80, 0x00, 0x02, 0x80, 0x00, 0x80,
    0x01, 0x80, 0x0B, 0x80, 0x0E, 0x80, 0x02, 0x80, 0x09, 0xAF, 0x11, 0x80, 0x10, 0x80, 0x11, 0x80,
    0x08, 0x80, 0x00, 0x11, 0x81, 0x00, 0x80, 0x09, 0x80, 0x11, 0x80, 0x10, 0x83, 0x11, 0x80, 0x0C,
    0x80, 0x04, 0x80, 0x00, 0x02, 0x80, 0x00, 0x80, 0x04, 0x80, 0x0D, 0x80, 0x0E, 0x80, 0x01, 0x80,
    0x08, 0x85, 0x11, 0x81, 0x10, 0xA8, 0x11, 0x80, 0x0D, 0x80, 0x03, 0x80, 0x00, 0x11, 0x81, 0x00,
    0x80, 0x0B, 0x85, 0x11, 0x80, 0x09, 0x80, 0x00, 0x03, 0x80, 0x00, 0x80, 0x06, 0x80, 0x11, 0x80,
    0x10, 0x80, 0x08, 0x80, 0x0B, 0x84, 0x11, 0x80, 0x0C, 0x81, 0x05, 0x80, 0x0B, 0xA5, 0x11, 0x81,
    0x10, 0x80, 0x07, 0x80, 0x00, 0x12, 0x81, 0x00, 0x80, 0x09, 0x85, 0x11, 0x80, 0x06, 0x80, 0x00,
    0x03, 0x80, 0x00, 0x80, 0x06, 0x87, 0x11, 0x80, 0x10, 0x80, 0x05, 0x81, 0x00, 0x80, 0x05, 0x80,
    0x10, 0x92, 0x11, 0x80, 0x0F, 0x81, 0x0A, 0x80, 0x0D, 0x8C, 0x11, 0x80, 0x10, 0x80, 0x11, 0x80,
    0x08, 0x81, 0x00, 0x13, 0x80, 0x00, 0x80, 0x09, 0x80, 0x11, 0x80, 0x10, 0x80, 0x11, 0x80, 0x10,
    0x80, 0x11, 0x80, 0x0B, 0x80, 0x02, 0x80, 0x00, 0x03, 0x80, 0x00, 0x80, 0x06, 0x87, 0x11, 0x80,
    0x0E, 0x80, 0x04, 0x80, 0x00, 0x80, 0x01, 0x80, 0x03, 0x80, 0x0D, 0x8D, 0x11, 0x80, 0x10, 0x82,
    0x11, 0x80, 0x0A, 0x80, 0x05, 0x81, 0x00, 0x80, 0x05, 0x80, 0x0D, 0x8B, 0x11, 0x80, 0x0F, 0x80,
    0x08, 0x81, 0x00, 0x14, 0x80, 0x00, 0x80, 0x04, 0x80, 0x0F, 0x80, 0x11, 0x80, 0x10, 0x81, 0x11,
    0x80, 0x07, 0x80, 0x00, 0x04, 0x80, 0x00, 0x80, 0x06, 0x88, 0x11, 0x80, 0x08, 0x81, 0x00, 0x80,
    0x07, 0x90, 0x11, 0x80, 0x0B, 0x80, 0x06, 0x82, 0x00, 0x80, 0x02, 0x80, 0x00, 0x80, 0x0A, 0x8B,
    0x11, 0x80, 0x07, 0x81, 0x00, 0x15, 0x81, 0x00, 0x80, 0x06, 0x80, 0x0B, 0x80, 0x0D, 0x80, 0x0C,
    0x80, 0x07, 0x81, 0x00, 0x04, 0x80, 0x00, 0x80, 0x06, 0x88, 0x11, 0x80, 0x0F, 0x81, 0x0A, 0x80,
    0x0F, 0x8C, 0x11, 0x80, 0x0D, 0x80, 0x0A, 0x80, 0x08, 0x80, 0x05, 0x80, 0x01, 0x81, 0x00, 0x80,
    0x01, 0x81, 0x00, 0x80, 0x02, 0x80, 0x0B, 0x87, 0x11, 0x80, 0x10, 0x81, 0x11, 0x80, 0x08, 0x81,
    0x00, 0x17, 0x81, 0x00, 0x80, 0x01, 0x80, 0x04, 0x80, 0x02, 0x81, 0x00, 0x05, 0x80, 0x00, 0x80,
    0x05, 0x80, 0x10, 0x96, 0x11, 0x80, 0x0E, 0x80, 0x08, 0x80, 0x02, 0x86, 0x00, 0x80, 0x02, 0x80,
    0x06, 0x80, 0x0A, 0x89, 0x11, 0x80, 0x0D, 0x80, 0x07, 0x81, 0x00, 0x1A, 0x82, 0x00, 0x07, 0x80,
    0x00, 0x80, 0x03, 0x80, 0x0C, 0x96, 0x11, 0x80, 0x06, 0x81, 0x00, 0x81, 0x01, 0x82, 0x00, 0x80,
    0x02, 0x80, 0x09, 0x80, 0x0C, 0x89, 0x11, 0x80, 0x0D, 0x80, 0x08, 0x80, 0x04, 0x81, 0x00, 0x26,
    0x81, 0x00, 0x80, 0x0B, 0x95, 0x11, 0x80, 0x0D, 0x80, 0x02, 0x81, 0x01, 0x81, 0x00, 0x80, 0x04,
    0x80, 0x01, 0x80, 0x00, 0x80, 0x08, 0x80, 0x11, 0x81, 0x10, 0x85, 0x11, 0x80, 0x10, 0x80, 0x11,
    0x80, 0x0A, 0x80, 0x03, 0x82, 0x00, 0x28, 0x80, 0x00, 0x80, 0x07, 0x95, 0x11, 0x80, 0x0F, 0x80,
    0x05, 0x81, 0x00, 0x80, 0x04, 0x80, 0x08, 0x80, 0x0E, 0x81, 0x0A, 0x80, 0x11, 0x81, 0x10, 0x86,
    0x11, 0x80, 0x10, 0x80, 0x09, 0x80, 0x02, 0x80, 0x00, 0x2B, 0x80, 0x00, 0x80, 0x02, 0x80, 0x0B,
    0x95, 0x11, 0x80, 0x0D, 0x80, 0x07, 0x80, 0x08, 0x80, 0x0D, 0x87, 0x11, 0x81, 0x10, 0x80, 0x11,
    0x80, 0x10, 0x80, 0x09, 0x80, 0x08, 0x80, 0x06, 0x81, 0x00, 0x2C, 0x81, 0x00, 0x80, 0x08, 0x80,
    0x11, 0x80, 0x10, 0x9A, 0x11, 0x80, 0x10, 0x82, 0x11, 0x80, 0x10, 0x80, 0x11, 0x80, 0x10, 0x80,
    0x0A, 0x80, 0x05, 0x83, 0x00, 0x2E, 0x80, 0x00, 0x80, 0x04, 0x80, 0x0D, 0x95, 0x11, 0x81, 0x10,
    0x84, 0x11, 0x80, 0x10, 0x82, 0x11, 0x80, 0x0C, 0x80, 0x06, 0x83, 0x00, 0x31, 0x80, 0x00, 0x80,
    0x07, 0x9D, 0x11, 0x80, 0x0A, 0x80, 0x06, 0x80, 0x05, 0x81, 0x01, 0x80, 0x14, 0x80, 0x12, 0x81,
    0x00, 0x32, 0x80, 0x00, 0x80, 0x07, 0x80, 0x0F, 0x97, 0x11, 0x80, 0x0F, 0x81, 0x0D, 0x80, 0x07,
    0x80, 0x00, 0x80, 0x01, 0x80, 0x12, 0x80, 0x14, 0x80, 0x17, 0x80, 0x14, 0x80, 0x01, 0x80, 0x09,
    0x80, 0x02, 0x80, 0x00, 0x31, 0x81, 0x00, 0x80, 0x07, 0x80, 0x0F, 0x93, 0x11, 0x81, 0x0F, 0x80,
    0x09, 0x80, 0x05, 0x80, 0x03, 0x81, 0x01, 0x80, 0x14, 0x81, 0x16, 0x80, 0x17, 0x80, 0x15, 0x80,
    0x00, 0x80, 0x08, 0x80, 0x11, 0x80, 0x08, 0x80, 0x00, 0x32, 0x81, 0x00, 0x80, 0x05, 0x80, 0x0A,
    0x80, 0x0E, 0x8E, 0x11, 0x80, 0x0C, 0x80, 0x07, 0x80, 0x05, 0x81, 0x04, 0x80, 0x00, 0x80, 0x01,
    0x80, 0x13, 0x80, 0x14, 0x83, 0x16, 0x80, 0x14, 0x80, 0x00, 0x80, 0x05, 0x80, 0x0E, 0x80, 0x11,
    0x80, 0x0C, 0x80, 0x01, 0x80, 0x00, 0x32, 0x82, 0x00, 0x80, 0x04, 0x80, 0x0A, 0x81, 0x0C, 0x80,
    0x0D, 0x80, 0x0C, 0x80, 0x0D, 0x80, 0x10, 0x81, 0x11, 0x80, 0x0E, 0x80, 0x0A, 0x82, 0x08, 0x80,
    0x07, 0x80, 0x02, 0x82, 0x00, 0x80, 0x12, 0x80, 0x15, 0x83, 0x17, 0x80, 0x16, 0x80, 0x14, 0x80,
    0x12, 0x80, 0x00, 0x80, 0x07, 0x80, 0x0E, 0x80, 0x11, 0x81, 0x10, 0x80, 0x05, 0x80, 0x00, 0x34,
    0x82, 0x00, 0x80, 0x01, 0x80, 0x02, 0x81, 0x03, 0x80, 0x04, 0x80, 0x05, 0x81, 0x06, 0x80, 0x03,
    0x85, 0x00, 0x81, 0x0A, 0x80, 0x04, 0x80, 0x00, 0x80, 0x01, 0x83, 0x12, 0x81, 0x00, 0x80, 0x05,
    0x80, 0x0A, 0x84, 0x11, 0x80, 0x07, 0x80, 0x00, 0x37, 0x88, 0x00, 0x03, 0x80, 0x00, 0x80, 0x05,
    0x80, 0x0E, 0x80, 0x11, 0x80, 0x0E, 0x80, 0x09, 0x80, 0x07, 0x80, 0x05, 0x81, 0x03, 0x80, 0x05,
    0x80, 0x08, 0x80, 0x0B, 0x80, 0x0F, 0x85, 0x11, 0x80, 0x0B, 0x80, 0x01, 0x80, 0x00, 0x43, 0x80,
    0x00, 0x80, 0x08, 0x80, 0x11, 0x80, 0x10, 0x82, 0x11, 0x80, 0x0F, 0x81, 0x0E, 0x80, 0x10, 0x88,
    0x11, 0x80, 0x10, 0x80, 0x05, 0x80, 0x00, 0x42, 0x81, 0x00, 0x80, 0x09, 0x92, 0x11, 0x80, 0x07,
    0x80, 0x00, 0x42, 0x80, 0x00, 0x80, 0x02, 0x80, 0x0B, 0x92, 0x11, 0x80, 0x09, 0x80, 0x00, 0x42,
    0x80, 0x00, 0x80, 0x05, 0x80, 0x0F, 0x92, 0x11, 0x80, 0x0B, 0x81, 0x00, 0x41, 0x80, 0x00, 0x80,
    0x07, 0x80, 0x11, 0x80, 0x10, 0x91, 0x11, 0x80, 0x0F, 0x80, 0x04, 0x80, 0x00, 0x41, 0x80, 0x00,
    0x80, 0x09, 0x92, 0x11, 0x80, 0x10, 0x80, 0x11, 0x80, 0x07, 0x80, 0x00, 0x40, 0x81, 0x00, 0x80,
    0x0B, 0x92, 0x11, 0x80, 0x10, 0x80, 0x11, 0x80, 0x09, 0x80, 0x00, 0x40, 0x80, 0x00, 0x80, 0x03,
    0x80, 0x0C, 0x94, 0x11, 0x80, 0x0C, 0x80, 0x02, 0x80, 0x00, 0x3F, 0x80, 0x00, 0x80, 0x06, 0x95,
    0x11, 0x80, 0x10, 0x80, 0x06, 0x80, 0x00, 0x30, 0x86, 0x00, 0x07, 0x80, 0x00, 0x80, 0x09, 0x96,
    0x11, 0x80, 0x08, 0x80, 0x00, 0x2F, 0x81, 0x00, 0x80, 0x03, 0x80, 0x07, 0x80, 0x08, 0x80, 0x07,
    0x80, 0x06, 0x80, 0x01, 0x80, 0x00, 0x05, 0x81, 0x00, 0x80, 0x0A, 0x96, 0x11, 0x80, 0x0C, 0x80,
    0x01, 0x80, 0x00, 0x2D, 0x80, 0x00, 0x80, 0x01, 0x80, 0x08, 0x80, 0x0C, 0x82, 0x11, 0x80, 0x0E,
    0x80, 0x06, 0x80, 0x00, 0x05, 0x80, 0x00, 0x80, 0x06, 0x80, 0x11, 0x80, 0x10, 0x96, 0x11, 0x80,
    0x07, 0x80, 0x00, 0x2C, 0x80, 0x00, 0x80, 0x03, 0x80, 0x0C, 0x82, 0x11, 0x80, 0x10, 0x80, 0x11,
    0x80, 0x0A, 0x80, 0x01, 0x80, 0x00, 0x03, 0x81, 0x00, 0x80, 0x02, 0x80, 0x0C, 0x98, 0x11, 0x80,
    0x0D, 0x80, 0x05, 0x82, 0x00, 0x28, 0x80, 0x00, 0x80, 0x01, 0x80, 0x0B, 0x80, 0x11, 0x80, 0x10,
    0x82, 0x11, 0x80, 0x0B, 0x80, 0x02, 0x80, 0x00, 0x02, 0x82, 0x00, 0x80, 0x05, 0x80, 0x0B, 0x9A,
    0x11, 0x80, 0x0D, 0x80, 0x07, 0x80, 0x05, 0x81, 0x00, 0x27, 0x80, 0x00, 0x80, 0x07, 0x80, 0x11,
    0x80, 0x10, 0x82, 0x11, 0x80, 0x0F, 0x80, 0x05, 0x80, 0x00, 0x02, 0x81, 0x00, 0x80, 0x06, 0x80,
    0x0A, 0x80, 0x0F, 0x9D, 0x11, 0x80, 0x0E, 0x80, 0x09, 0x80, 0x03, 0x80, 0x00, 0x25, 0x80, 0x00,
    0x80, 0x01, 0x80, 0x0B, 0x84, 0x11, 0x80, 0x09, 0x81, 0x00, 0x01, 0x81, 0x00, 0x80, 0x07, 0x80,
    0x0F, 0xA1, 0x11, 0x80, 0x0C, 0x80, 0x04, 0x80, 0x00, 0x24, 0x80, 0x00, 0x80, 0x04, 0x80, 0x0F,
    0x84, 0x11, 0x80, 0x07, 0x80, 0x00, 0x02, 0x80, 0x00, 0x80, 0x06, 0x80, 0x0F, 0xA1, 0x11, 0x80,
    0x10, 0x80, 0x11, 0x80, 0x0B, 0x80, 0x01, 0x80, 0x00, 0x23, 0x80, 0x00, 0x80, 0x08, 0x84, 0x11,
    0x80, 0x10, 0x80, 0x04, 0x80, 0x00, 0x01, 0x80, 0x00, 0x80, 0x03, 0x80, 0x0D, 0xA3, 0x11, 0x80,
    0x10, 0x80, 0x11, 0x80, 0x07, 0x80, 0x00, 0x22, 0x81, 0x00, 0x80, 0x0A, 0x84, 0x11, 0x80, 0x0F,
    0x80, 0x04, 0x80, 0x00, 0x01, 0x80, 0x00, 0x80, 0x08, 0x80, 0x11, 0x80, 0x10, 0xA4, 0x11, 0x80,
    0x0B, 0x81, 0x00, 0x21, 0x81, 0x00, 0x80, 0x09, 0x83, 0x11, 0x80, 0x10, 0x80, 0x11, 0x80, 0x06,
    0x80, 0x00, 0x00, 0x80, 0x00, 0x80, 0x01, 0x80, 0x0B, 0xA6, 0x11, 0x80, 0x0C, 0x80, 0x03, 0x80,
    0x00, 0x22, 0x80, 0x00, 0x80, 0x0A, 0x85, 0x11, 0x80, 0x09, 0x82, 0x00, 0x80, 0x04, 0x80, 0x0D,
    0x8F, 0x11, 0x80, 0x0C, 0x80, 0x08, 0x80, 0x10, 0x80, 0x11, 0x80, 0x10, 0x80, 0x11, 0x80, 0x08,
    0x80, 0x0A, 0x84, 0x11, 0x80, 0x0E, 0x80, 0x0B, 0x87, 0x11, 0x80, 0x0F, 0x80, 0x05, 0x80, 0x00,
    0x22, 0x80, 0x00, 0x80, 0x07, 0x80, 0x11, 0x80, 0x10, 0x83, 0x11, 0x80, 0x10, 0x80, 0x06, 0x81,
    0x00, 0x80, 0x05, 0x80, 0x10, 0x87, 0x11, 0x80, 0x0D, 0x80, 0x05, 0x80, 0x0B, 0x84, 0x11, 0x80,
    0x09, 0x80, 0x00, 0x80, 0x0F, 0x80, 0x11, 0x80, 0x10, 0x80, 0x0D, 0x80, 0x01, 0x80, 0x06, 0x84,
    0x11, 0x80, 0x08, 0x80, 0x03, 0x80, 0x0E, 0x87, 0x11, 0x80, 0x06, 0x80, 0x00, 0x22, 0x80, 0x00,
    0x80, 0x01, 0x80, 0x0B, 0x80, 0x11, 0x80, 0x10, 0x83, 0x11, 0x80, 0x0D, 0x80, 0x07, 0x80, 0x02,
    0x80, 0x05, 0x80, 0x10, 0x87, 0x11, 0x80, 0x0B, 0x80, 0x00, 0x80, 0x08, 0x84, 0x11, 0x80, 0x09,
    0x80, 0x02, 0x80, 0x0F, 0x81, 0x11, 0x80, 0x0D, 0x80, 0x03, 0x80, 0x07, 0x84, 0x11, 0x80, 0x06,
    0x80, 0x05, 0x80, 0x10, 0x86, 0x11, 0x80, 0x0C, 0x80, 0x03, 0x80, 0x00, 0x23, 0x80, 0x00, 0x80,
    0x06, 0x81, 0x11, 0x80, 0x10, 0x84, 0x11, 0x80, 0x07, 0x80, 0x01, 0x80, 0x0D, 0x88, 0x11, 0x80,
    0x04, 0x80, 0x07, 0x84, 0x11, 0x80, 0x06, 0x80, 0x03, 0x80, 0x0F, 0x82, 0x11, 0x80, 0x05, 0x80,
    0x06, 0x80, 0x11, 0x80, 0x10, 0x81, 0x11, 0x80, 0x0F, 0x80, 0x04, 0x80, 0x07, 0x87, 0x11, 0x80,
    0x0C, 0x81, 0x00, 0x23, 0x81, 0x00, 0x80, 0x06, 0x80, 0x0C, 0x83, 0x11, 0x80, 0x10, 0x80, 0x11,
    0x80, 0x0A, 0x80, 0x00, 0x80, 0x0A, 0x88, 0x11, 0x80, 0x06, 0x80, 0x03, 0x80, 0x0E, 0x83, 0x11,
    0x80, 0x05, 0x80, 0x03, 0x80, 0x0E, 0x82, 0x11, 0x80, 0x06, 0x80, 0x05, 0x80, 0x11, 0x80, 0x10,
    0x81, 0x11, 0x80, 0x0D, 0x80, 0x00, 0x80, 0x07, 0x80, 0x11, 0x80, 0x10, 0x83, 0x11, 0x80, 0x10,
    0x80, 0x11, 0x80, 0x08, 0x81, 0x00, 0x24, 0x81, 0x00, 0x80, 0x01, 0x80, 0x08, 0x80, 0x0A, 0x80,
    0x0E, 0x80, 0x0F, 0x81, 0x11, 0x80, 0x0C, 0x80, 0x03, 0x80, 0x05, 0x81, 0x10, 0x86, 0x11, 0x80,
    0x09, 0x80, 0x00, 0x80, 0x0B, 0x83, 0x11, 0x81, 0x05, 0x80, 0x10, 0x82, 0x11, 0x80, 0x07, 0x80,
    0x02, 0x80, 0x0D, 0x80, 0x11, 0x80, 0x10, 0x80, 0x11, 0x80, 0x0A, 0x80, 0x00, 0x80, 0x0A, 0x86,
    0x11, 0x80, 0x0D, 0x80, 0x03, 0x80, 0x00, 0x27, 0x82, 0x00, 0x80, 0x03, 0x80, 0x05, 0x81, 0x08,
    0x80, 0x05, 0x80, 0x02, 0x80, 0x00, 0x80, 0x09, 0x80, 0x11, 0x80, 0x10, 0x83, 0x11, 0x80, 0x10,
    0x80, 0x11, 0x80, 0x0B, 0x80, 0x00, 0x80, 0x09, 0x80, 0x11, 0x80, 0x10, 0x80, 0x11, 0x80, 0x10,
    0x80, 0x03, 0x80, 0x07, 0x83, 0x11, 0x80, 0x07, 0x80, 0x01, 0x80, 0x0D, 0x80, 0x11, 0x80, 0x10,
    0x80, 0x11, 0x80, 0x08, 0x80, 0x00, 0x80, 0x0C, 0x80, 0x11, 0x80, 0x10, 0x84, 0x11, 0x80, 0x07,
    0x81, 0x00, 0x29, 0x88, 0x00, 0x80, 0x0A, 0x85, 0x11, 0x80, 0x10, 0x80, 0x11, 0x80, 0x04, 0x80,
    0x06, 0x80, 0x11, 0x80, 0x10, 0x80, 0x11, 0x80, 0x0B, 0x80, 0x01, 0x80, 0x08, 0x83, 0x11, 0x80,
    0x0B, 0x80, 0x00, 0x80, 0x0B, 0x80, 0x11, 0x80, 0x10, 0x80, 0x11, 0x80, 0x06, 0x80, 0x03, 0x80,
    0x0F, 0x83, 0x11, 0x80, 0x10, 0x80, 0x0B, 0x80, 0x06, 0x81, 0x00, 0x32, 0x81, 0x00, 0x80, 0x06,
    0x80, 0x09, 0x82, 0x0C, 0x80, 0x0B, 0x80, 0x0A, 0x80, 0x0C, 0x80, 0x07, 0x80, 0x02, 0x80, 0x0D,
    0x80, 0x10, 0x80, 0x11, 0x80, 0x0C, 0x80, 0x00, 0x80, 0x07, 0x80, 0x0D, 0x81, 0x0C, 0x80, 0x0B,
    0x80, 0x09, 0x80, 0x00, 0x80, 0x09, 0x80, 0x11, 0x80, 0x10, 0x80, 0x0E, 0x80, 0x02, 0x80, 0x04,
    0x80, 0x0A, 0x80, 0x0B, 0x80, 0x0A, 0x80, 0x08, 0x80, 0x07, 0x80, 0x05, 0x82, 0x00, 0x34, 0x82,
    0x00, 0x82, 0x01, 0x83, 0x02, 0x80, 0x00, 0x80, 0x09, 0x81, 0x11, 0x80, 0x09, 0x80, 0x00, 0x83,
    0x01, 0x80, 0x00, 0x80, 0x01, 0x80, 0x00, 0x80, 0x07, 0x81, 0x11, 0x80, 0x0A, 0x88, 0x00, 0x38,
    0x88, 0x00, 0x80, 0x02, 0x80, 0x0A, 0x80, 0x0D, 0x80, 0x05, 0x87, 0x00, 0x80, 0x01, 0x80, 0x0A,
    0x80, 0x0C, 0x80, 0x05, 0x85, 0x00, 0x44, 0x81, 0x00, 0x80, 0x01, 0x80, 0x00, 0x07, 0x83, 0x00,
    0x4B, 0x82, 0x00, 0x08, 0x81, 0x00, 0x18,
];

#[rustfmt::skip]
const POSE_LOOKING_LEFT: &[u8] = &[
    0x16, 0x81, 0x00, 0x3F, 0x8E, 0x00, 0x33, 0x83, 0x00, 0x80, 0x04, 0x80, 0x07, 0x80, 0x09, 0x80,
    0x0C, 0x80, 0x0B, 0x80, 0x0A, 0x81, 0x08, 0x80, 0x0A, 0x80, 0x0B, 0x80, 0x08, 0x80, 0x07, 0x80,
    0x06, 0x82, 0x00, 0x30, 0x81, 0x00, 0x80, 0x05, 0x80, 0x06, 0x80, 0x09, 0x80, 0x0E, 0x83, 0x10,
    0x86, 0x11, 0x80, 0x10, 0x80, 0x0A, 0x80, 0x03, 0x83, 0x00, 0x2B, 0x81, 0x00, 0x80, 0x01, 0x80,
    0x08, 0x80, 0x10, 0x80, 0x0F, 0x80, 0x0A, 0x80, 0x06, 0x80, 0x03, 0x81, 0x02, 0x80, 0x05, 0x80,
    0x0A, 0x81, 0x10, 0x82, 0x11, 0x81, 0x10, 0x80, 0x11, 0x80, 0x0C, 0x80, 0x09, 0x80, 0x07, 0x80,
    0x06, 0x82, 0x00, 0x27, 0x81, 0x00, 0x80, 0x06, 0x80, 0x09, 0x80, 0x0B, 0x80, 0x11, 0x80, 0x0B,
    0x80, 0x04, 0x80, 0x00, 0x80, 0x05, 0x80, 0x08, 0x81, 0x09, 0x80, 0x05, 0x80, 0x00, 0x80, 0x06,
    0x80, 0x10, 0x84, 0x11, 0x80, 0x10, 0x82, 0x11, 0x80, 0x10, 0x80, 0x09, 0x80, 0x05, 0x81, 0x00,
    0x25, 0x81, 0x00, 0x80, 0x07, 0x80, 0x0E, 0x81, 0x11, 0x80, 0x0A, 0x80, 0x00, 0x80, 0x06, 0x80,
    0x0B, 0x83, 0x11, 0x80, 0x10, 0x80, 0x0B, 0x80, 0x01, 0x80, 0x07, 0x87, 0x11, 0x81, 0x10, 0x80,
    0x11, 0x80, 0x0F, 0x80, 0x0B, 0x80, 0x05, 0x81, 0x00, 0x21, 0x81, 0x00, 0x80, 0x01, 0x80, 0x09,
    0x81, 0x10, 0x80, 0x11, 0x80, 0x09, 0x80, 0x00, 0x80, 0x08, 0x82, 0x11, 0x81, 0x10, 0x80, 0x11,
    0x80, 0x10, 0x80, 0x11, 0x80, 0x0C, 0x80, 0x01, 0x80, 0x0B, 0x8B, 0x11, 0x80, 0x0D, 0x80, 0x07,
    0x80, 0x01, 0x81, 0x00, 0x1F, 0x80, 0x00, 0x80, 0x05, 0x80, 0x0B, 0x80, 0x11, 0x80, 0x10, 0x80,
    0x11, 0x80, 0x0A, 0x80, 0x00, 0x80, 0x08, 0x80, 0x11, 0x80, 0x10, 0x85, 0x11, 0x80, 0x10, 0x80,
    0x11, 0x80, 0x07, 0x80, 0x05, 0x80, 0x11, 0x80, 0x10, 0x8B, 0x11, 0x80, 0x0C, 0x80, 0x08, 0x80,
    0x01, 0x80, 0x00, 0x1D, 0x80, 0x00, 0x80, 0x05, 0x80, 0x0C, 0x80, 0x11, 0x80, 0x10, 0x80, 0x11,
    0x80, 0x10, 0x80, 0x03, 0x80, 0x08, 0x8A, 0x11, 0x80, 0x0B, 0x80, 0x00, 0x80, 0x0C, 0x8E, 0x11,
    0x80, 0x0B, 0x80, 0x04, 0x80, 0x00, 0x1B, 0x80, 0x00, 0x80, 0x01, 0x80, 0x0D, 0x83, 0x11, 0x80,
    0x0D, 0x80, 0x07, 0x80, 0x10, 0x8A, 0x11, 0x80, 0x0D, 0x80, 0x01, 0x80, 0x0A, 0x8D, 0x11, 0x80,
    0x10, 0x80, 0x11, 0x80, 0x0D, 0x80, 0x04, 0x85, 0x00, 0x00, 0x80, 0x00, 0x12, 0x81, 0x00, 0x80,
    0x09, 0x92, 0x11, 0x80, 0x10, 0x80, 0x05, 0x80, 0x07, 0x80, 0x11, 0x80, 0x10, 0x8C, 0x11, 0x80,
    0x10, 0x80, 0x11, 0x80, 0x0A, 0x80, 0x00, 0x80, 0x03, 0x80, 0x04, 0x80, 0x05, 0x80, 0x06, 0x80,
    0x04, 0x80, 0x01, 0x83, 0x00, 0x0E, 0x81, 0x00, 0x80, 0x07, 0x94, 0x11, 0x80, 0x05, 0x80, 0x06,
    0x80, 0x11, 0x80, 0x10, 0x8D, 0x11, 0x80, 0x10, 0x80, 0x0E, 0x80, 0x03, 0x80, 0x05, 0x80, 0x0E,
    0x80, 0x10, 0x81, 0x0F, 0x80, 0x0B, 0x81, 0x09, 0x80, 0x06, 0x80, 0x02, 0x82, 0x00, 0x0B, 0x80,
    0x00, 0x80, 0x05, 0x80, 0x0F, 0x94, 0x11, 0x80, 0x06, 0x80, 0x08, 0x91, 0x11, 0x80, 0x0A, 0x80,
    0x00, 0x80, 0x05, 0x80, 0x0B, 0x80, 0x10, 0x84, 0x11, 0x80, 0x0C, 0x80, 0x09, 0x80, 0x05, 0x81,
    0x00, 0x09, 0x81, 0x00, 0x80, 0x0A, 0x95, 0x11, 0x80, 0x0E, 0x80, 0x10, 0x91, 0x11, 0x80, 0x10,
    0x80, 0x0A, 0x80, 0x04, 0x80, 0x00, 0x80, 0x06, 0x80, 0x0A, 0x80, 0x11, 0x80, 0x10, 0x83, 0x11,
    0x80, 0x0F, 0x80, 0x09, 0x80, 0x03, 0x81, 0x00, 0x07, 0x80, 0x00, 0x80, 0x06, 0x8B, 0x11, 0x80,
    0x10, 0x80, 0x0C, 0x9E, 0x11, 0x80, 0x0C, 0x80, 0x03, 0x81, 0x00, 0x80, 0x0A, 0x86, 0x11, 0x80,
    0x0D, 0x80, 0x06, 0x81, 0x00, 0x06, 0x80, 0x00, 0x80, 0x08, 0x8A, 0x11, 0x80, 0x0C, 0x80, 0x05,
    0x80, 0x02, 0x80, 0x0A, 0x9C, 0x11, 0x80, 0x10, 0x80, 0x11, 0x80, 0x06, 0x82, 0x00, 0x80, 0x08,
    0x80, 0x10, 0x83, 0x11, 0x80, 0x10, 0x81, 0x11, 0x80, 0x08, 0x81, 0x00, 0x04, 0x80, 0x00, 0x80,
    0x02, 0x80, 0x0B, 0x8A, 0x11, 0x80, 0x06, 0x81, 0x00, 0x80, 0x04, 0x80, 0x0E, 0x9D, 0x11, 0x80,
    0x0A, 0x83, 0x00, 0x80, 0x06, 0x80, 0x10, 0x85, 0x11, 0x80, 0x10, 0x80, 0x06, 0x80, 0x00, 0x04,
    0x80, 0x00, 0x80, 0x07, 0x8A, 0x11, 0x80, 0x0F, 0x80, 0x04, 0x81, 0x00, 0x80, 0x04, 0x80, 0x0D,
    0x9D, 0x11, 0x80, 0x10, 0x80, 0x06, 0x80, 0x00, 0x01, 0x80, 0x00, 0x80, 0x07, 0x80, 0x10, 0x85,
    0x11, 0x80, 0x0B, 0x80, 0x02, 0x80, 0x00, 0x02, 0x81, 0x00, 0x80, 0x0B, 0x8B, 0x11, 0x80, 0x07,
    0x81, 0x00, 0x80, 0x09, 0x9F, 0x11, 0x80, 0x0A, 0x81, 0x00, 0x01, 0x80, 0x00, 0x80, 0x08, 0x80,
    0x11, 0x80, 0x10, 0x82, 0x11, 0x80, 0x10, 0x80, 0x11, 0x80, 0x07, 0x80, 0x00, 0x02, 0x80, 0x00,
    0x80, 0x03, 0x80, 0x0C, 0x8B, 0x11, 0x80, 0x10, 0x80, 0x0A, 0x80, 0x0B, 0xA0, 0x11, 0x80, 0x0D,
    0x80, 0x04, 0x80, 0x00, 0x01, 0x80, 0x00, 0x80, 0x02, 0x80, 0x0C, 0x85, 0x11, 0x80, 0x0A, 0x81,
    0x00, 0x01, 0x80, 0x00, 0x80, 0x06, 0x80, 0x10, 0xAE, 0x11, 0x80, 0x10, 0x80, 0x11, 0x80, 0x06,
    0x80, 0x00, 0x02, 0x80, 0x00, 0x80, 0x07, 0x80, 0x11, 0x80, 0x10, 0x83, 0x11, 0x80, 0x09, 0x81,
    0x00, 0x01, 0x80, 0x00, 0x80, 0x07, 0xAF, 0x11, 0x81, 0x10, 0x80, 0x06, 0x80, 0x00, 0x02, 0x80,
    0x00, 0x80, 0x01, 0x80, 0x0B, 0x84, 0x11, 0x80, 0x0A, 0x81, 0x00, 0x01, 0x80, 0x00, 0x80, 0x05,
    0x80, 0x0D, 0x80, 0x10, 0xAD, 0x11, 0x80, 0x10, 0x80, 0x11, 0x80, 0x08, 0x80, 0x00, 0x03, 0x80,
    0x00, 0x80, 0x05, 0x80, 0x0E, 0x83, 0x11, 0x80, 0x07, 0x80, 0x00, 0x02, 0x80, 0x00, 0x80, 0x03,
    0x80, 0x0D, 0xAE, 0x11, 0x80, 0x10, 0x80, 0x11, 0x80, 0x09, 0x81, 0x00, 0x03, 0x80, 0x00, 0x80,
    0x05, 0x80, 0x0B, 0x80, 0x0D, 0x80, 0x0C, 0x80, 0x08, 0x81, 0x00, 0x02, 0x80, 0x00, 0x80, 0x01,
    0x80, 0x07, 0x80, 0x0A, 0x80, 0x09, 0x80, 0x0A, 0x80, 0x10, 0xAC, 0x11, 0x80, 0x0D, 0x80, 0x02,
    0x80, 0x00, 0x04, 0x81, 0x00, 0x80, 0x04, 0x80, 0x03, 0x81, 0x00, 0x02, 0x83, 0x00, 0x82, 0x01,
    0x80, 0x05, 0x80, 0x0B, 0xAB, 0x11, 0x80, 0x0A, 0x80, 0x01, 0x80, 0x00, 0x05, 0x83, 0x00, 0x03,
    0x83, 0x00, 0x80, 0x01, 0x82, 0x00, 0x80, 0x06, 0xAB, 0x11, 0x80, 0x09, 0x80, 0x00, 0x0F, 0x86,
    0x00, 0x80, 0x06, 0xAB, 0x11, 0x80, 0x07, 0x80, 0x00, 0x10, 0x80, 0x00, 0x80, 0x04, 0x80, 0x08,
    0x80, 0x06, 0x80, 0x04, 0x80, 0x05, 0x80, 0x0A, 0xAB, 0x11, 0x80, 0x06, 0x80, 0x00, 0x10, 0x80,
    0x00, 0x80, 0x03, 0x80, 0x0E, 0x80, 0x11, 0x80, 0x0E, 0x80, 0x10, 0xAB, 0x11, 0x80, 0x0C, 0x80,
    0x04, 0x80, 0x00, 0x11, 0x80, 0x00, 0x80, 0x07, 0x80, 0x11, 0x80, 0x10, 0xAC, 0x11, 0x80, 0x0A,
    0x81, 0x00, 0x11, 0x81, 0x00, 0x80, 0x0A, 0x80, 0x11, 0x80, 0x10, 0xAA, 0x11, 0x80, 0x10, 0x80,
    0x06, 0x80, 0x00, 0x13, 0x80, 0x00, 0x80, 0x03, 0x80, 0x0A, 0xAB, 0x11, 0x80, 0x0A, 0x81, 0x00,
    0x14, 0x81, 0x00, 0x80, 0x06, 0x80, 0x0E, 0x80, 0x11, 0x80, 0x10, 0xA6, 0x11, 0x80, 0x0D, 0x80,
    0x04, 0x80, 0x00, 0x16, 0x81, 0x00, 0x80, 0x06, 0x80, 0x0E, 0xA7, 0x11, 0x80, 0x07, 0x81, 0x00,
    0x18, 0x80, 0x00, 0x80, 0x03, 0x80, 0x0A, 0x80, 0x0F, 0x80, 0x10, 0xA2, 0x11, 0x80, 0x0E, 0x80,
    0x07, 0x80, 0x00, 0x1B, 0x81, 0x00, 0x80, 0x04, 0x80, 0x05, 0x80, 0x09, 0x80, 0x10, 0x9F, 0x11,
    0x80, 0x0A, 0x80, 0x04, 0x81, 0x00, 0x1D, 0x82, 0x00, 0x80, 0x05, 0x80, 0x08, 0x80, 0x0A, 0x80,
    0x09, 0x80, 0x0B, 0x80, 0x10, 0x92, 0x11, 0x80, 0x10, 0x84, 0x11, 0x80, 0x0C, 0x80, 0x09, 0x82,
    0x00, 0x20, 0x85, 0x00, 0x80, 0x06, 0x80, 0x0B, 0x80, 0x0E, 0x80, 0x11, 0x80, 0x0E, 0x80, 0x10,
    0x90, 0x11, 0x80, 0x10, 0x80, 0x0A, 0x80, 0x06, 0x80, 0x02, 0x81, 0x00, 0x27, 0x82, 0x00, 0x80,
    0x04, 0x80, 0x06, 0x80, 0x04, 0x80, 0x05, 0x80, 0x08, 0x80, 0x0A, 0x80, 0x09, 0x80, 0x0C, 0x81,
    0x11, 0x80, 0x0C, 0x81, 0x0B, 0x80, 0x0F, 0x80, 0x11, 0x80, 0x10, 0x80, 0x0C, 0x80, 0x09, 0x81,
    0x08, 0x80, 0x07, 0x80, 0x06, 0x82, 0x00, 0x2C, 0x81, 0x00, 0x81, 0x01, 0x82, 0x00, 0x80, 0x02,
    0x81, 0x06, 0x80, 0x03, 0x80, 0x00, 0x80, 0x01, 0x80, 0x05, 0x80, 0x06, 0x80, 0x05, 0x81, 0x00,
    0x80, 0x01, 0x83, 0x00, 0x2E, 0x81, 0x00, 0x80, 0x12, 0x81, 0x16, 0x81, 0x15, 0x80, 0x14, 0x81,
    0x12, 0x80, 0x13, 0x80, 0x14, 0x80, 0x12, 0x81, 0x00, 0x80, 0x06, 0x80, 0x08, 0x80, 0x09, 0x81,
    0x0B, 0x80, 0x08, 0x81, 0x00, 0x2E, 0x80, 0x00, 0x80, 0x06, 0x80, 0x04, 0x80, 0x00, 0x80, 0x13,
    0x80, 0x15, 0x83, 0x17, 0x80, 0x15, 0x80, 0x13, 0x80, 0x01, 0x80, 0x02, 0x80, 0x09, 0x80, 0x0F,
    0x84, 0x11, 0x80, 0x08, 0x81, 0x00, 0x2C, 0x80, 0x00, 0x80, 0x01, 0x80, 0x0C, 0x80, 0x0B, 0x80,
    0x07, 0x80, 0x02, 0x80, 0x00, 0x83, 0x01, 0x80, 0x00, 0x80, 0x03, 0x80, 0x07, 0x80, 0x0C, 0x81,
    0x11, 0x80, 0x10, 0x83, 0x11, 0x80, 0x10, 0x80, 0x05, 0x80, 0x00, 0x2C, 0x80, 0x00, 0x80, 0x05,
    0x80, 0x0F, 0x81, 0x11, 0x80, 0x0C, 0x80, 0x09, 0x80, 0x08, 0x80, 0x06, 0x80, 0x07, 0x80, 0x09,
    0x80, 0x0A, 0x80, 0x0E, 0x89, 0x11, 0x80, 0x0C, 0x80, 0x02, 0x80, 0x00, 0x2B, 0x80, 0x00, 0x80,
    0x08, 0x80, 0x11, 0x80, 0x10, 0x93, 0x11, 0x80, 0x09, 0x80, 0x01, 0x80, 0x00, 0x29, 0x81, 0x00,
    0x80, 0x09, 0x85, 0x11, 0x81, 0x10, 0x8C, 0x11, 0x80, 0x10, 0x80, 0x11, 0x80, 0x09, 0x81, 0x00,
    0x28, 0x81, 0x00, 0x80, 0x0B, 0x96, 0x11, 0x80, 0x10, 0x80, 0x05, 0x80, 0x00, 0x06, 0x86, 0x00,
    0x1A, 0x80, 0x00, 0x80, 0x02, 0x80, 0x0E, 0x97, 0x11, 0x80, 0x0B, 0x80, 0x01, 0x80, 0x00, 0x05,
    0x80, 0x00, 0x80, 0x04, 0x82, 0x08, 0x80, 0x06, 0x80, 0x02, 0x81, 0x00, 0x18, 0x80, 0x00, 0x80,
    0x03, 0x80, 0x0D, 0x96, 0x11, 0x80, 0x10, 0x80, 0x11, 0x80, 0x08, 0x81, 0x00, 0x03, 0x81, 0x00,
    0x80, 0x0A, 0x82, 0x11, 0x80, 0x10, 0x80, 0x0B, 0x80, 0x06, 0x81, 0x00, 0x17, 0x80, 0x00, 0x80,
    0x07, 0x81, 0x10, 0x98, 0x11, 0x80, 0x07, 0x80, 0x00, 0x04, 0x80, 0x00, 0x80, 0x06, 0x80, 0x0E,
    0x80, 0x11, 0x80, 0x10, 0x81, 0x11, 0x80, 0x0F, 0x80, 0x09, 0x80, 0x03, 0x80, 0x00, 0x16, 0x80,
    0x00, 0x80, 0x08, 0x80, 0x11, 0x80, 0x10, 0x98, 0x11, 0x80, 0x0C, 0x80, 0x02, 0x80, 0x00, 0x03,
    0x81, 0x00, 0x80, 0x06, 0x80, 0x10, 0x84, 0x11, 0x80, 0x0C, 0x80, 0x04, 0x80, 0x00, 0x15, 0x80,
    0x00, 0x80, 0x0A, 0x9B, 0x11, 0x80, 0x0A, 0x81, 0x00, 0x03, 0x81, 0x00, 0x80, 0x06, 0x80, 0x0F,
    0x82, 0x11, 0x80, 0x10, 0x80, 0x11, 0x80, 0x0B, 0x80, 0x01, 0x80, 0x00, 0x13, 0x81, 0x00, 0x80,
    0x0B, 0x9C, 0x11, 0x80, 0x07, 0x81, 0x00, 0x03, 0x81, 0x00, 0x80, 0x09, 0x83, 0x11, 0x80, 0x10,
    0x80, 0x11, 0x80, 0x07, 0x80, 0x00, 0x13, 0x80, 0x00, 0x80, 0x04, 0x80, 0x0D, 0x9C, 0x11, 0x80,
    0x0F, 0x80, 0x07, 0x80, 0x01, 0x81, 0x00, 0x02, 0x80, 0x00, 0x80, 0x06, 0x80, 0x11, 0x80, 0x10,
    0x81, 0x11, 0x80, 0x10, 0x80, 0x11, 0x80, 0x0A, 0x80, 0x00, 0x13, 0x80, 0x00, 0x80, 0x06, 0x9F,
    0x11, 0x80, 0x0C, 0x80, 0x07, 0x81, 0x00, 0x02, 0x80, 0x01, 0x80, 0x0B, 0x84, 0x11, 0x80, 0x0A,
    0x81, 0x00, 0x11, 0x81, 0x00, 0x80, 0x08, 0x9E, 0x11, 0x80, 0x10, 0x81, 0x11, 0x80, 0x08, 0x80,
    0x01, 0x80, 0x00, 0x01, 0x80, 0x00, 0x80, 0x05, 0x80, 0x0F, 0x84, 0x11, 0x80, 0x08, 0x80, 0x00,
    0x10, 0x81, 0x00, 0x80, 0x05, 0x80, 0x0F, 0xA2, 0x11, 0x80, 0x0A, 0x80, 0x01, 0x80, 0x00, 0x00,
    0x80, 0x00, 0x80, 0x02, 0x80, 0x0C, 0x84, 0x11, 0x80, 0x0F, 0x80, 0x04, 0x80, 0x00, 0x0E, 0x80,
    0x00, 0x80, 0x02, 0x80, 0x09, 0x80, 0x0F, 0xA2, 0x11, 0x80, 0x10, 0x80, 0x11, 0x80, 0x08, 0x82,
    0x00, 0x80, 0x03, 0x80, 0x0C, 0x85, 0x11, 0x80, 0x07, 0x80, 0x00, 0x0D, 0x80, 0x00, 0x80, 0x02,
    0x80, 0x0C, 0xA6, 0x11, 0x80, 0x0E, 0x80, 0x04, 0x81, 0x00, 0x80, 0x05, 0x80, 0x0F, 0x85, 0x11,
    0x80, 0x08, 0x80, 0x00, 0x0C, 0x81, 0x00, 0x80, 0x09, 0x80, 0x11, 0x80, 0x10, 0xA4, 0x11, 0x80,
    0x10, 0x80, 0x11, 0x80, 0x08, 0x81, 0x00, 0x80, 0x07, 0x86, 0x11, 0x80, 0x08, 0x80, 0x00, 0x0C,
    0x80, 0x00, 0x80, 0x08, 0x80, 0x11, 0x80, 0x10, 0x87, 0x11, 0x80, 0x10, 0x80, 0x0D, 0x83, 0x11,
    0x80, 0x0F, 0x80, 0x10, 0x84, 0x11, 0x80, 0x10, 0x91, 0x11, 0x80, 0x0B, 0x80, 0x01, 0x80, 0x02,
    0x80, 0x0C, 0x84, 0x11, 0x80, 0x10, 0x80, 0x11, 0x80, 0x06, 0x80, 0x00, 0x0B, 0x81, 0x00, 0x80,
    0x0B, 0x83, 0x11, 0x80, 0x08, 0x80, 0x0A, 0x83, 0x11, 0x80, 0x0B, 0x80, 0x02, 0x80, 0x0C, 0x82,
    0x11, 0x80, 0x08, 0x80, 0x06, 0x85, 0x11, 0x80, 0x0A, 0x80, 0x09, 0x8F, 0x11, 0x80, 0x0F, 0x80,
    0x03, 0x80, 0x06, 0x80, 0x11, 0x80, 0x10, 0x82, 0x11, 0x80, 0x10, 0x80, 0x11, 0x80, 0x0C, 0x80,
    0x03, 0x80, 0x00, 0x0B, 0x80, 0x00, 0x80, 0x05, 0x80, 0x0E, 0x83, 0x11, 0x80, 0x04, 0x80, 0x07,
    0x80, 0x11, 0x80, 0x10, 0x81, 0x11, 0x80, 0x08, 0x80, 0x00, 0x80, 0x0B, 0x80, 0x11, 0x80, 0x10,
    0x80, 0x11, 0x80, 0x07, 0x80, 0x04, 0x85, 0x11, 0x81, 0x06, 0x80, 0x11, 0x80, 0x10, 0x8C, 0x11,
    0x81, 0x10, 0x80, 0x05, 0x80, 0x04, 0x84, 0x11, 0x80, 0x10, 0x80, 0x11, 0x80, 0x08, 0x81, 0x00,
    0x0B, 0x80, 0x00, 0x80, 0x07, 0x84, 0x11, 0x80, 0x05, 0x80, 0x07, 0x83, 0x11, 0x80, 0x08, 0x80,
    0x03, 0x80, 0x0F, 0x82, 0x11, 0x80, 0x07, 0x80, 0x05, 0x84, 0x11, 0x80, 0x0D, 0x80, 0x02, 0x80,
    0x07, 0x80, 0x11, 0x80, 0x10, 0x8E, 0x11, 0x80, 0x07, 0x80, 0x04, 0x83, 0x11, 0x81, 0x10, 0x80,
    0x07, 0x81, 0x00, 0x0C, 0x80, 0x00, 0x80, 0x07, 0x80, 0x11, 0x80, 0x10, 0x80, 0x11, 0x80, 0x10,
    0x80, 0x11, 0x80, 0x05, 0x80, 0x06, 0x83, 0x11, 0x80, 0x07, 0x80, 0x05, 0x83, 0x11, 0x80, 0x08,
    0x80, 0x04, 0x84, 0x11, 0x80, 0x0D, 0x80, 0x00, 0x80, 0x0A, 0x8F, 0x11, 0x80, 0x10, 0x81, 0x05,
    0x81, 0x10, 0x80, 0x11, 0x80, 0x10, 0x80, 0x11, 0x80, 0x09, 0x81, 0x00, 0x0D, 0x80, 0x00, 0x80,
    0x05, 0x80, 0x0F, 0x80, 0x10, 0x80, 0x11, 0x80, 0x10, 0x80, 0x11, 0x80, 0x07, 0x80, 0x04, 0x80,
    0x0F, 0x81, 0x11, 0x80, 0x10, 0x80, 0x05, 0x80, 0x06, 0x80, 0x11, 0x80, 0x10, 0x81, 0x11, 0x80,
    0x09, 0x80, 0x01, 0x80, 0x10, 0x83, 0x11, 0x80, 0x09, 0x80, 0x00, 0x80, 0x0C, 0x8F, 0x11, 0x80,
    0x0D, 0x80, 0x01, 0x80, 0x08, 0x83, 0x11, 0x80, 0x0C, 0x80, 0x04, 0x80, 0x00, 0x0E, 0x81, 0x00,
    0x80, 0x0C, 0x81, 0x11, 0x80, 0x10, 0x80, 0x11, 0x80, 0x08, 0x80, 0x02, 0x80, 0x0E, 0x81, 0x11,
    0x80, 0x0F, 0x80, 0x02, 0x80, 0x07, 0x83, 0x11, 0x80, 0x09, 0x80, 0x00, 0x80, 0x0C, 0x83, 0x11,
    0x80, 0x08, 0x80, 0x03, 0x80, 0x10, 0x8F, 0x11, 0x80, 0x09, 0x80, 0x00, 0x80, 0x08, 0x80, 0x0D,
    0x80, 0x08, 0x81, 0x06, 0x80, 0x01, 0x80, 0x00, 0x10, 0x80, 0x00, 0x80, 0x08, 0x80, 0x11, 0x80,
    0x10, 0x81, 0x11, 0x80, 0x0A, 0x80, 0x00, 0x80, 0x0D, 0x81, 0x11, 0x80, 0x0F, 0x80, 0x01, 0x80,
    0x08, 0x83, 0x11, 0x80, 0x0A, 0x80, 0x00, 0x80, 0x0A, 0x80, 0x11, 0x81, 0x10, 0x80, 0x11, 0x81,
    0x05, 0x8E, 0x11, 0x80, 0x10, 0x80, 0x11, 0x80, 0x06, 0x80, 0x00, 0x80, 0x02, 0x80, 0x01, 0x83,
    0x00, 0x11, 0x81, 0x00, 0x80, 0x0A, 0x82, 0x11, 0x80, 0x0B, 0x80, 0x00, 0x80, 0x0A, 0x81, 0x11,
    0x80, 0x0C, 0x80, 0x00, 0x80, 0x09, 0x80, 0x11, 0x80, 0x10, 0x81, 0x11, 0x80, 0x0D, 0x80, 0x01,
    0x80, 0x0A, 0x80, 0x11, 0x80, 0x10, 0x80, 0x11, 0x80, 0x0C, 0x80, 0x00, 0x80, 0x08, 0x80, 0x11,
    0x80, 0x10, 0x88, 0x11, 0x80, 0x10, 0x82, 0x11, 0x80, 0x10, 0x80, 0x08, 0x83, 0x00, 0x16, 0x80,
    0x00, 0x80, 0x01, 0x80, 0x08, 0x80, 0x0B, 0x80, 0x0D, 0x80, 0x11, 0x80, 0x04, 0x80, 0x08, 0x81,
    0x11, 0x80, 0x09, 0x80, 0x00, 0x80, 0x09, 0x80, 0x0B, 0x80, 0x0E, 0x81, 0x11, 0x80, 0x0E, 0x80,
    0x04, 0x80, 0x07, 0x80, 0x11, 0x80, 0x0F, 0x80, 0x11, 0x80, 0x09, 0x80, 0x00, 0x80, 0x0B, 0x8C,
    0x11, 0x80, 0x10, 0x80, 0x0C, 0x80, 0x08, 0x81, 0x00, 0x1A, 0x81, 0x00, 0x80, 0x01, 0x80, 0x05,
    0x80, 0x07, 0x80, 0x02, 0x80, 0x04, 0x80, 0x0F, 0x80, 0x11, 0x80, 0x08, 0x80, 0x00, 0x81, 0x03,
    0x80, 0x05, 0x80, 0x07, 0x81, 0x06, 0x80, 0x02, 0x80, 0x05, 0x81, 0x11, 0x80, 0x0F, 0x80, 0x05,
    0x80, 0x00, 0x80, 0x06, 0x81, 0x07, 0x82, 0x09, 0x80, 0x0A, 0x81, 0x0B, 0x80, 0x0A, 0x81, 0x07,
    0x80, 0x09, 0x80, 0x07, 0x80, 0x06, 0x80, 0x02, 0x81, 0x00, 0x1C, 0x85, 0x00, 0x80, 0x08, 0x80,
    0x0B, 0x80, 0x03, 0x88, 0x00, 0x80, 0x08, 0x80, 0x0D, 0x80, 0x07, 0x91, 0x00, 0x23, 0x83, 0x00,
    0x07, 0x81, 0x00, 0x80, 0x01, 0x81, 0x00, 0x35, 0x81, 0x00, 0x09, 0x82, 0x00, 0x20,
];

#[rustfmt::skip]
const POSE_LOOKING_RIGHT: &[u8] = &[
    0x24, 0x81, 0x00, 0x3A, 0x8E, 0x00, 0x2F, 0x80, 0x00, 0x00, 0x82, 0x00, 0x81, 0x03, 0x80, 0x02,
    0x80, 0x06, 0x80, 0x07, 0x80, 0x09, 0x80, 0x0A, 0x80, 0x07, 0x80, 0x06, 0x80, 0x05, 0x80, 0x04,
    0x81, 0x06, 0x80, 0x01, 0x82, 0x00, 0x29, 0x85, 0x00, 0x80, 0x05, 0x80, 0x09, 0x81, 0x0C, 0x80,
    0x0B, 0x80, 0x10, 0x84, 0x11, 0x80, 0x0F, 0x80, 0x0D, 0x80, 0x10, 0x80, 0x0F, 0x80, 0x0B, 0x80,
    0x08, 0x80, 0x06, 0x80, 0x03, 0x82, 0x00, 0x15, 0x89, 0x00, 0x04, 0x81, 0x00, 0x80, 0x01, 0x80,
    0x06, 0x82, 0x09, 0x80, 0x0A, 0x80, 0x0F, 0x84, 0x11, 0x81, 0x10, 0x88, 0x11, 0x80, 0x0F, 0x80,
    0x0D, 0x80, 0x0A, 0x80, 0x06, 0x81, 0x00, 0x11, 0x82, 0x00, 0x80, 0x01, 0x80, 0x04, 0x80, 0x06,
    0x83, 0x07, 0x82, 0x04, 0x80, 0x01, 0x81, 0x00, 0x00, 0x80, 0x00, 0x80, 0x01, 0x80, 0x06, 0x80,
    0x0B, 0x80, 0x10, 0x97, 0x11, 0x80, 0x10, 0x80, 0x08, 0x80, 0x03, 0x81, 0x00, 0x0E, 0x81, 0x00,
    0x80, 0x03, 0x80, 0x07, 0x80, 0x0B, 0x80, 0x0D, 0x80, 0x0F, 0x82, 0x11, 0x80, 0x10, 0x80, 0x0D,
    0x81, 0x0E, 0x80, 0x0B, 0x80, 0x07, 0x80, 0x04, 0x81, 0x00, 0x80, 0x07, 0x81, 0x11, 0x80, 0x10,
    0x99, 0x11, 0x80, 0x0F, 0x80, 0x09, 0x80, 0x04, 0x81, 0x00, 0x0B, 0x81, 0x00, 0x80, 0x06, 0x80,
    0x0C, 0x86, 0x11, 0x81, 0x10, 0x83, 0x11, 0x80, 0x0C, 0x80, 0x0A, 0x80, 0x06, 0x80, 0x01, 0x80,
    0x08, 0x97, 0x11, 0x80, 0x10, 0x80, 0x0A, 0x81, 0x08, 0x80, 0x09, 0x80, 0x11, 0x80, 0x0F, 0x80,
    0x08, 0x81, 0x00, 0x09, 0x81, 0x00, 0x80, 0x09, 0x81, 0x11, 0x80, 0x10, 0x85, 0x11, 0x82, 0x10,
    0x84, 0x11, 0x80, 0x0E, 0x80, 0x05, 0x80, 0x00, 0x80, 0x0D, 0x95, 0x11, 0x80, 0x0A, 0x80, 0x03,
    0x80, 0x00, 0x81, 0x04, 0x80, 0x01, 0x80, 0x02, 0x80, 0x08, 0x80, 0x10, 0x80, 0x08, 0x81, 0x00,
    0x07, 0x81, 0x00, 0x80, 0x08, 0x80, 0x11, 0x80, 0x10, 0x89, 0x11, 0x80, 0x10, 0x80, 0x0B, 0x81,
    0x08, 0x80, 0x07, 0x80, 0x04, 0x80, 0x03, 0x80, 0x00, 0x80, 0x07, 0x80, 0x10, 0x93, 0x11, 0x80,
    0x10, 0x80, 0x08, 0x80, 0x00, 0x80, 0x07, 0x80, 0x0B, 0x80, 0x10, 0x80, 0x11, 0x80, 0x0C, 0x80,
    0x08, 0x80, 0x02, 0x80, 0x04, 0x80, 0x0E, 0x80, 0x09, 0x81, 0x00, 0x06, 0x80, 0x00, 0x80, 0x03,
    0x80, 0x0C, 0x85, 0x11, 0x80, 0x10, 0x81, 0x11, 0x80, 0x0F, 0x80, 0x0B, 0x80, 0x08, 0x80, 0x05,
    0x80, 0x00, 0x80, 0x01, 0x81, 0x04, 0x80, 0x05, 0x80, 0x08, 0x80, 0x0A, 0x95, 0x11, 0x80, 0x0A,
    0x80, 0x00, 0x80, 0x08, 0x85, 0x11, 0x80, 0x0E, 0x80, 0x05, 0x80, 0x03, 0x80, 0x0F, 0x80, 0x08,
    0x81, 0x00, 0x05, 0x80, 0x00, 0x80, 0x07, 0x87, 0x11, 0x80, 0x0D, 0x80, 0x08, 0x80, 0x05, 0x82,
    0x00, 0x80, 0x06, 0x80, 0x0D, 0x82, 0x10, 0x96, 0x11, 0x80, 0x0F, 0x80, 0x02, 0x80, 0x08, 0x80,
    0x11, 0x80, 0x10, 0x85, 0x11, 0x80, 0x10, 0x80, 0x03, 0x80, 0x06, 0x80, 0x11, 0x80, 0x09, 0x81,
    0x00, 0x04, 0x80, 0x00, 0x80, 0x08, 0x80, 0x11, 0x80, 0x10, 0x81, 0x11, 0x80, 0x10, 0x81, 0x11,
    0x80, 0x09, 0x80, 0x04, 0x83, 0x00, 0x80, 0x04, 0x80, 0x0D, 0x80, 0x11, 0x81, 0x10, 0x95, 0x11,
    0x80, 0x10, 0x80, 0x11, 0x80, 0x08, 0x80, 0x04, 0x80, 0x10, 0x88, 0x11, 0x80, 0x0B, 0x80, 0x00,
    0x80, 0x0B, 0x80, 0x11, 0x80, 0x08, 0x81, 0x00, 0x03, 0x80, 0x00, 0x80, 0x05, 0x80, 0x10, 0x83,
    0x11, 0x80, 0x0C, 0x80, 0x06, 0x81, 0x00, 0x01, 0x81, 0x00, 0x80, 0x0B, 0x80, 0x11, 0x80, 0x10,
    0x98, 0x11, 0x80, 0x10, 0x80, 0x03, 0x80, 0x09, 0x88, 0x11, 0x80, 0x10, 0x80, 0x11, 0x80, 0x07,
    0x80, 0x05, 0x81, 0x11, 0x80, 0x07, 0x80, 0x00, 0x03, 0x81, 0x00, 0x80, 0x07, 0x80, 0x0C, 0x81,
    0x0B, 0x80, 0x07, 0x80, 0x02, 0x81, 0x00, 0x01, 0x81, 0x00, 0x80, 0x08, 0x80, 0x11, 0x80, 0x10,
    0x99, 0x11, 0x80, 0x0A, 0x80, 0x02, 0x80, 0x0D, 0x8A, 0x11, 0x80, 0x0C, 0x80, 0x06, 0x80, 0x0F,
    0x80, 0x11, 0x80, 0x0B, 0x80, 0x01, 0x80, 0x00, 0x03, 0x81, 0x00, 0x80, 0x01, 0x80, 0x02, 0x82,
    0x00, 0x03, 0x80, 0x00, 0x80, 0x06, 0x9C, 0x11, 0x80, 0x08, 0x80, 0x04, 0x80, 0x10, 0x8B, 0x11,
    0x80, 0x0F, 0x82, 0x11, 0x80, 0x06, 0x80, 0x00, 0x05, 0x82, 0x00, 0x04, 0x81, 0x00, 0x80, 0x0A,
    0x9C, 0x11, 0x80, 0x09, 0x80, 0x07, 0x80, 0x11, 0x80, 0x10, 0x8E, 0x11, 0x80, 0x0C, 0x80, 0x02,
    0x80, 0x00, 0x0C, 0x80, 0x00, 0x80, 0x05, 0x80, 0x10, 0x9C, 0x11, 0x81, 0x0F, 0x91, 0x11, 0x80,
    0x07, 0x80, 0x00, 0x0B, 0x81, 0x00, 0x80, 0x08, 0xB1, 0x11, 0x80, 0x0A, 0x81, 0x00, 0x0A, 0x80,
    0x00, 0x80, 0x04, 0x80, 0x0D, 0xA7, 0x11, 0x81, 0x10, 0x87, 0x11, 0x80, 0x0E, 0x80, 0x04, 0x80,
    0x00, 0x0A, 0x80, 0x00, 0x80, 0x08, 0xA7, 0x11, 0x80, 0x0D, 0x80, 0x05, 0x80, 0x04, 0x80, 0x0B,
    0x87, 0x11, 0x80, 0x07, 0x80, 0x00, 0x09, 0x81, 0x00, 0x80, 0x09, 0xA7, 0x11, 0x80, 0x06, 0x81,
    0x00, 0x80, 0x05, 0x80, 0x10, 0x84, 0x11, 0x80, 0x10, 0x80, 0x11, 0x80, 0x0A, 0x80, 0x00, 0x09,
    0x81, 0x00, 0x80, 0x0C, 0xA7, 0x11, 0x80, 0x05, 0x80, 0x00, 0x80, 0x01, 0x80, 0x03, 0x80, 0x10,
    0x86, 0x11, 0x80, 0x0C, 0x81, 0x00, 0x08, 0x80, 0x00, 0x80, 0x03, 0x80, 0x0D, 0xA7, 0x11, 0x80,
    0x08, 0x81, 0x00, 0x80, 0x07, 0x87, 0x11, 0x80, 0x0D, 0x80, 0x03, 0x80, 0x00, 0x08, 0x80, 0x00,
    0x80, 0x06, 0x80, 0x10, 0xA7, 0x11, 0x80, 0x0F, 0x80, 0x0A, 0x80, 0x09, 0x80, 0x10, 0x88, 0x11,
    0x80, 0x06, 0x80, 0x00, 0x08, 0x80, 0x00, 0x80, 0x07, 0xB5, 0x11, 0x80, 0x06, 0x80, 0x00, 0x08,
    0x80, 0x00, 0x80, 0x07, 0xB5, 0x11, 0x80, 0x06, 0x80, 0x00, 0x08, 0x80, 0x00, 0x80, 0x06, 0xB4,
    0x11, 0x80, 0x10, 0x80, 0x06, 0x80, 0x00, 0x08, 0x80, 0x00, 0x80, 0x04, 0x80, 0x0E, 0xB3, 0x11,
    0x80, 0x0C, 0x80, 0x02, 0x80, 0x00, 0x08, 0x80, 0x00, 0x80, 0x01, 0x80, 0x0C, 0xB0, 0x11, 0x80,
    0x10, 0x80, 0x0E, 0x80, 0x0F, 0x80, 0x09, 0x81, 0x00, 0x09, 0x80, 0x00, 0x80, 0x09, 0xAF, 0x11,
    0x80, 0x0B, 0x80, 0x05, 0x80, 0x03, 0x80, 0x04, 0x82, 0x00, 0x09, 0x80, 0x00, 0x80, 0x09, 0xAE,
    0x11, 0x80, 0x0E, 0x80, 0x03, 0x85, 0x00, 0x09, 0x80, 0x00, 0x80, 0x07, 0xAE, 0x11, 0x80, 0x0C,
    0x86, 0x00, 0x09, 0x80, 0x00, 0x80, 0x01, 0x80, 0x0B, 0xAE, 0x11, 0x80, 0x07, 0x80, 0x01, 0x80,
    0x03, 0x80, 0x05, 0x82, 0x00, 0x0A, 0x80, 0x00, 0x80, 0x07, 0x80, 0x11, 0x80, 0x10, 0xAC, 0x11,
    0x80, 0x10, 0x80, 0x0A, 0x80, 0x0C, 0x80, 0x08, 0x80, 0x00, 0x0C, 0x81, 0x00, 0x80, 0x0A, 0x80,
    0x11, 0x80, 0x10, 0xAB, 0x11, 0x80, 0x10, 0x80, 0x11, 0x80, 0x0D, 0x80, 0x02, 0x80, 0x00, 0x0D,
    0x80, 0x00, 0x80, 0x04, 0x80, 0x0B, 0xAB, 0x11, 0x80, 0x10, 0x80, 0x11, 0x80, 0x0F, 0x80, 0x06,
    0x80, 0x00, 0x0F, 0x80, 0x00, 0x80, 0x06, 0x80, 0x10, 0xA9, 0x11, 0x80, 0x10, 0x80, 0x11, 0x80,
    0x0A, 0x80, 0x05, 0x81, 0x00, 0x0F, 0x81, 0x00, 0x80, 0x05, 0x80, 0x0C, 0x80, 0x11, 0x80, 0x10,
    0xA5, 0x11, 0x80, 0x10, 0x80, 0x11, 0x80, 0x0E, 0x80, 0x04, 0x81, 0x00, 0x12, 0x80, 0x00, 0x80,
    0x04, 0x80, 0x0B, 0xA7, 0x11, 0x80, 0x0B, 0x80, 0x05, 0x81, 0x00, 0x14, 0x80, 0x00, 0x80, 0x01,
    0x80, 0x08, 0x80, 0x0D, 0x81, 0x11, 0x80, 0x10, 0x9B, 0x11, 0x81, 0x10, 0x81, 0x11, 0x80, 0x0F,
    0x80, 0x0C, 0x80, 0x08, 0x80, 0x01, 0x81, 0x00, 0x16, 0x81, 0x00, 0x80, 0x03, 0x80, 0x08, 0x80,
    0x0F, 0x9E, 0x11, 0x80, 0x10, 0x80, 0x0A, 0x80, 0x05, 0x80, 0x02, 0x81, 0x00, 0x19, 0x82, 0x00,
    0x80, 0x05, 0x80, 0x09, 0x81, 0x0A, 0x80, 0x0F, 0x8E, 0x11, 0x80, 0x10, 0x86, 0x11, 0x80, 0x0E,
    0x82, 0x0A, 0x80, 0x07, 0x82, 0x00, 0x1D, 0x84, 0x00, 0x80, 0x05, 0x80, 0x09, 0x81, 0x0C, 0x81,
    0x0D, 0x80, 0x0C, 0x80, 0x10, 0x83, 0x11, 0x80, 0x10, 0x83, 0x11, 0x80, 0x0E, 0x82, 0x0C, 0x80,
    0x0B, 0x80, 0x0C, 0x80, 0x09, 0x80, 0x05, 0x84, 0x00, 0x23, 0x82, 0x00, 0x80, 0x01, 0x80, 0x02,
    0x81, 0x01, 0x80, 0x02, 0x80, 0x05, 0x80, 0x07, 0x80, 0x0A, 0x80, 0x09, 0x80, 0x06, 0x80, 0x05,
    0x80, 0x06, 0x80, 0x07, 0x80, 0x09, 0x80, 0x07, 0x80, 0x04, 0x81, 0x00, 0x81, 0x02, 0x80, 0x01,
    0x82, 0x00, 0x2B, 0x80, 0x00, 0x80, 0x03, 0x80, 0x00, 0x81, 0x12, 0x82, 0x01, 0x82, 0x12, 0x82,
    0x01, 0x80, 0x12, 0x81, 0x14, 0x80, 0x01, 0x81, 0x00, 0x2D, 0x80, 0x00, 0x80, 0x05, 0x80, 0x0C,
    0x80, 0x06, 0x80, 0x01, 0x80, 0x15, 0x80, 0x17, 0x81, 0x16, 0x82, 0x17, 0x81, 0x16, 0x82, 0x17,
    0x80, 0x12, 0x80, 0x03, 0x80, 0x08, 0x81, 0x00, 0x2B, 0x81, 0x00, 0x80, 0x0A, 0x80, 0x11, 0x80,
    0x0F, 0x80, 0x07, 0x80, 0x00, 0x80, 0x12, 0x80, 0x15, 0x80, 0x16, 0x81, 0x17, 0x80, 0x16, 0x81,
    0x17, 0x80, 0x16, 0x80, 0x14, 0x80, 0x01, 0x80, 0x02, 0x80, 0x0B, 0x80, 0x11, 0x80, 0x05, 0x80,
    0x00, 0x2B, 0x80, 0x00, 0x80, 0x05, 0x80, 0x0F, 0x82, 0x11, 0x80, 0x0A, 0x80, 0x05, 0x80, 0x00,
    0x80, 0x01, 0x83, 0x12, 0x80, 0x01, 0x80, 0x00, 0x80, 0x02, 0x80, 0x07, 0x80, 0x0C, 0x81, 0x11,
    0x80, 0x09, 0x80, 0x00, 0x2B, 0x80, 0x00, 0x80, 0x09, 0x85, 0x11, 0x80, 0x0B, 0x80, 0x08, 0x80,
    0x06, 0x80, 0x05, 0x80, 0x04, 0x80, 0x05, 0x80, 0x07, 0x80, 0x09, 0x80, 0x0C, 0x83, 0x11, 0x80,
    0x0D, 0x80, 0x03, 0x80, 0x00, 0x29, 0x80, 0x00, 0x80, 0x04, 0x80, 0x0E, 0x88, 0x11, 0x80, 0x10,
    0x80, 0x0D, 0x87, 0x11, 0x80, 0x10, 0x80, 0x06, 0x80, 0x00, 0x29, 0x80, 0x00, 0x80, 0x07, 0x8C,
    0x11, 0x80, 0x10, 0x86, 0x11, 0x80, 0x09, 0x80, 0x00, 0x28, 0x81, 0x00, 0x80, 0x0B, 0x94, 0x11,
    0x80, 0x0D, 0x80, 0x02, 0x80, 0x00, 0x27, 0x80, 0x00, 0x80, 0x05, 0x80, 0x10, 0x95, 0x11, 0x80,
    0x05, 0x80, 0x00, 0x27, 0x80, 0x00, 0x80, 0x08, 0x96, 0x11, 0x80, 0x07, 0x80, 0x00, 0x26, 0x81,
    0x00, 0x80, 0x0B, 0x96, 0x11, 0x80, 0x0A, 0x81, 0x00, 0x25, 0x80, 0x00, 0x80, 0x05, 0x80, 0x0F,
    0x96, 0x11, 0x80, 0x0F, 0x80, 0x04, 0x80, 0x00, 0x25, 0x80, 0x00, 0x80, 0x07, 0x97, 0x11, 0x80,
    0x10, 0x80, 0x06, 0x80, 0x00, 0x24, 0x81, 0x00, 0x80, 0x0A, 0x98, 0x11, 0x80, 0x08, 0x80, 0x00,
    0x17, 0x82, 0x00, 0x09, 0x80, 0x00, 0x80, 0x05, 0x80, 0x0F, 0x98, 0x11, 0x80, 0x0A, 0x80, 0x00,
    0x14, 0x82, 0x00, 0x80, 0x02, 0x80, 0x05, 0x80, 0x03, 0x81, 0x00, 0x07, 0x80, 0x00, 0x80, 0x07,
    0x99, 0x11, 0x80, 0x0D, 0x80, 0x03, 0x80, 0x00, 0x12, 0x81, 0x00, 0x80, 0x07, 0x80, 0x0A, 0x80,
    0x0C, 0x80, 0x0F, 0x80, 0x0C, 0x80, 0x08, 0x80, 0x00, 0x06, 0x81, 0x00, 0x80, 0x0A, 0x99, 0x11,
    0x80, 0x10, 0x80, 0x07, 0x80, 0x00, 0x11, 0x80, 0x00, 0x80, 0x02, 0x80, 0x0A, 0x80, 0x10, 0x81,
    0x11, 0x80, 0x10, 0x80, 0x11, 0x80, 0x09, 0x80, 0x00, 0x06, 0x80, 0x00, 0x80, 0x07, 0x9B, 0x11,
    0x80, 0x09, 0x81, 0x00, 0x0F, 0x80, 0x00, 0x80, 0x01, 0x80, 0x0B, 0x80, 0x11, 0x82, 0x10, 0x80,
    0x11, 0x80, 0x0B, 0x80, 0x02, 0x80, 0x00, 0x04, 0x81, 0x00, 0x80, 0x02, 0x80, 0x0C, 0x9B, 0x11,
    0x80, 0x10, 0x80, 0x06, 0x81, 0x00, 0x0D, 0x81, 0x00, 0x80, 0x08, 0x80, 0x11, 0x80, 0x10, 0x82,
    0x11, 0x80, 0x0D, 0x80, 0x04, 0x80, 0x00, 0x03, 0x81, 0x00, 0x80, 0x02, 0x80, 0x07, 0x80, 0x0B,
    0x9D, 0x11, 0x80, 0x0E, 0x80, 0x07, 0x80, 0x03, 0x81, 0x00, 0x0B, 0x80, 0x00, 0x80, 0x03, 0x80,
    0x0D, 0x84, 0x11, 0x80, 0x08, 0x81, 0x00, 0x02, 0x81, 0x00, 0x80, 0x06, 0x80, 0x0B, 0xA1, 0x11,
    0x80, 0x0D, 0x80, 0x08, 0x81, 0x00, 0x0A, 0x80, 0x00, 0x80, 0x06, 0x84, 0x11, 0x80, 0x10, 0x80,
    0x05, 0x80, 0x00, 0x02, 0x81, 0x00, 0x80, 0x07, 0x80, 0x0F, 0x80, 0x11, 0x80, 0x10, 0x9F, 0x11,
    0x80, 0x10, 0x81, 0x11, 0x80, 0x09, 0x81, 0x00, 0x09, 0x80, 0x00, 0x80, 0x08, 0x84, 0x11, 0x80,
    0x0B, 0x80, 0x01, 0x80, 0x00, 0x02, 0x80, 0x00, 0x80, 0x07, 0x81, 0x10, 0xA3, 0x11, 0x80, 0x10,
    0x80, 0x11, 0x80, 0x07, 0x80, 0x00, 0x08, 0x80, 0x00, 0x80, 0x01, 0x80, 0x0C, 0x84, 0x11, 0x80,
    0x09, 0x81, 0x00, 0x01, 0x80, 0x00, 0x80, 0x03, 0x80, 0x0E, 0xA7, 0x11, 0x80, 0x0C, 0x80, 0x02,
    0x80, 0x00, 0x07, 0x80, 0x00, 0x80, 0x05, 0x80, 0x10, 0x84, 0x11, 0x80, 0x0B, 0x80, 0x02, 0x80,
    0x00, 0x00, 0x81, 0x00, 0x80, 0x08, 0xA9, 0x11, 0x80, 0x07, 0x80, 0x00, 0x07, 0x80, 0x00, 0x80,
    0x05, 0x86, 0x11, 0x80, 0x06, 0x80, 0x00, 0x00, 0x81, 0x00, 0x80, 0x0B, 0xA9, 0x11, 0x80, 0x09,
    0x80, 0x00, 0x07, 0x80, 0x00, 0x80, 0x02, 0x80, 0x0D, 0x85, 0x11, 0x80, 0x09, 0x82, 0x00, 0x80,
    0x03, 0x80, 0x0C, 0x8A, 0x11, 0x80, 0x0F, 0x86, 0x11, 0x80, 0x09, 0x80, 0x0C, 0x82, 0x11, 0x80,
    0x10, 0x80, 0x08, 0x80, 0x0D, 0x84, 0x11, 0x80, 0x0D, 0x80, 0x0A, 0x87, 0x11, 0x80, 0x0B, 0x80,
    0x00, 0x08, 0x80, 0x00, 0x80, 0x0A, 0x85, 0x11, 0x80, 0x0E, 0x80, 0x06, 0x81, 0x00, 0x80, 0x05,
    0x8B, 0x11, 0x80, 0x06, 0x80, 0x09, 0x80, 0x11, 0x80, 0x10, 0x82, 0x11, 0x80, 0x0F, 0x80, 0x03,
    0x80, 0x09, 0x82, 0x11, 0x80, 0x0C, 0x80, 0x00, 0x80, 0x09, 0x80, 0x11, 0x80, 0x10, 0x80, 0x11,
    0x80, 0x10, 0x80, 0x11, 0x80, 0x08, 0x80, 0x03, 0x87, 0x11, 0x80, 0x0B, 0x81, 0x00, 0x07, 0x80,
    0x00, 0x80, 0x05, 0x86, 0x11, 0x80, 0x0F, 0x80, 0x09, 0x80, 0x02, 0x80, 0x05, 0x80, 0x10, 0x8A,
    0x11, 0x80, 0x03, 0x80, 0x07, 0x80, 0x11, 0x80, 0x10, 0x82, 0x11, 0x80, 0x0F, 0x80, 0x02, 0x80,
    0x09, 0x80, 0x11, 0x80, 0x10, 0x80, 0x11, 0x80, 0x0D, 0x80, 0x01, 0x80, 0x09, 0x80, 0x11, 0x80,
    0x10, 0x82, 0x11, 0x80, 0x07, 0x80, 0x05, 0x85, 0x11, 0x80, 0x10, 0x80, 0x11, 0x80, 0x0B, 0x80,
    0x00, 0x08, 0x81, 0x00, 0x80, 0x07, 0x80, 0x0F, 0x80, 0x11, 0x80, 0x10, 0x84, 0x11, 0x80, 0x06,
    0x80, 0x01, 0x80, 0x0D, 0x8A, 0x11, 0x80, 0x06, 0x80, 0x05, 0x84, 0x11, 0x80, 0x0E, 0x80, 0x01,
    0x80, 0x0A, 0x80, 0x11, 0x80, 0x10, 0x80, 0x11, 0x80, 0x0F, 0x80, 0x01, 0x80, 0x09, 0x83, 0x11,
    0x80, 0x10, 0x80, 0x04, 0x80, 0x06, 0x85, 0x11, 0x80, 0x10, 0x80, 0x11, 0x80, 0x08, 0x81, 0x00,
    0x08, 0x81, 0x00, 0x80, 0x07, 0x80, 0x0C, 0x83, 0x11, 0x80, 0x10, 0x80, 0x11, 0x80, 0x09, 0x80,
    0x00, 0x80, 0x0A, 0x80, 0x11, 0x80, 0x10, 0x86, 0x11, 0x80, 0x10, 0x80, 0x11, 0x80, 0x09, 0x80,
    0x01, 0x80, 0x0E, 0x83, 0x11, 0x80, 0x0C, 0x80, 0x00, 0x80, 0x0A, 0x80, 0x11, 0x80, 0x10, 0x81,
    0x11, 0x80, 0x03, 0x80, 0x08, 0x83, 0x11, 0x80, 0x0F, 0x80, 0x02, 0x80, 0x09, 0x85, 0x11, 0x80,
    0x10, 0x80, 0x11, 0x80, 0x06, 0x80, 0x00, 0x0A, 0x81, 0x00, 0x80, 0x02, 0x80, 0x08, 0x80, 0x0B,
    0x80, 0x0C, 0x80, 0x0D, 0x81, 0x11, 0x80, 0x0C, 0x80, 0x01, 0x80, 0x06, 0x80, 0x11, 0x80, 0x10,
    0x86, 0x11, 0x80, 0x10, 0x80, 0x11, 0x80, 0x0B, 0x80, 0x00, 0x80, 0x0A, 0x83, 0x11, 0x80, 0x09,
    0x80, 0x00, 0x80, 0x0A, 0x80, 0x11, 0x80, 0x10, 0x80, 0x11, 0x80, 0x10, 0x80, 0x04, 0x80, 0x06,
    0x80, 0x10, 0x82, 0x11, 0x80, 0x0B, 0x80, 0x00, 0x80, 0x0A, 0x84, 0x11, 0x80, 0x10, 0x80, 0x11,
    0x80, 0x0B, 0x80, 0x01, 0x80, 0x00, 0x0C, 0x82, 0x00, 0x80, 0x02, 0x80, 0x05, 0x81, 0x07, 0x80,
    0x06, 0x80, 0x02, 0x80, 0x00, 0x80, 0x0A, 0x80, 0x11, 0x80, 0x10, 0x85, 0x11, 0x80, 0x10, 0x80,
    0x11, 0x80, 0x10, 0x80, 0x02, 0x80, 0x07, 0x83, 0x11, 0x80, 0x09, 0x80, 0x00, 0x80, 0x0D, 0x80,
    0x11, 0x81, 0x10, 0x80, 0x11, 0x80, 0x06, 0x80, 0x04, 0x83, 0x11, 0x80, 0x09, 0x80, 0x01, 0x80,
    0x0D, 0x82, 0x11, 0x81, 0x10, 0x80, 0x11, 0x80, 0x0D, 0x80, 0x05, 0x80, 0x00, 0x0F, 0x87, 0x00,
    0x80, 0x02, 0x80, 0x0A, 0x85, 0x11, 0x82, 0x10, 0x80, 0x11, 0x80, 0x07, 0x80, 0x02, 0x80, 0x0E,
    0x82, 0x11, 0x80, 0x08, 0x80, 0x01, 0x80, 0x0F, 0x83, 0x11, 0x80, 0x09, 0x80, 0x02, 0x80, 0x0E,
    0x82, 0x11, 0x80, 0x06, 0x80, 0x04, 0x84, 0x11, 0x80, 0x0F, 0x80, 0x0A, 0x80, 0x04, 0x80, 0x00,
    0x18, 0x80, 0x00, 0x80, 0x01, 0x80, 0x07, 0x80, 0x0A, 0x80, 0x0C, 0x83, 0x0F, 0x80, 0x10, 0x80,
    0x0F, 0x80, 0x10, 0x80, 0x0A, 0x80, 0x00, 0x80, 0x09, 0x80, 0x11, 0x80, 0x10, 0x80, 0x11, 0x80,
    0x05, 0x80, 0x03, 0x82, 0x0A, 0x81, 0x0B, 0x80, 0x09, 0x80, 0x00, 0x80, 0x0B, 0x80, 0x11, 0x80,
    0x10, 0x80, 0x0D, 0x80, 0x01, 0x80, 0x06, 0x81, 0x0A, 0x80, 0x0B, 0x80, 0x0A, 0x80, 0x08, 0x80,
    0x05, 0x81, 0x00, 0x1A, 0x82, 0x00, 0x80, 0x03, 0x82, 0x04, 0x83, 0x05, 0x80, 0x04, 0x80, 0x00,
    0x80, 0x05, 0x80, 0x0F, 0x80, 0x11, 0x80, 0x0D, 0x80, 0x02, 0x80, 0x00, 0x82, 0x01, 0x83, 0x00,
    0x80, 0x08, 0x81, 0x11, 0x80, 0x08, 0x80, 0x00, 0x82, 0x01, 0x84, 0x00, 0x1D, 0x8B, 0x00, 0x80,
    0x07, 0x80, 0x0C, 0x80, 0x08, 0x88, 0x00, 0x80, 0x02, 0x81, 0x0A, 0x80, 0x03, 0x84, 0x00, 0x2C,
    0x84, 0x00, 0x07, 0x83, 0x00, 0x33, 0x80, 0x00, 0x21,
];

#[rustfmt::skip]
const POSE_PAW_LIFT: &[u8] = &[
    0x23, 0x89, 0x00, 0x4D, 0x85, 0x00, 0x80, 0x02, 0x80, 0x04, 0x82, 0x07, 0x80, 0x04, 0x80, 0x01,
    0x85, 0x00, 0x2E, 0x88, 0x00, 0x0A, 0x84, 0x00, 0x80, 0x01, 0x80, 0x06, 0x80, 0x09, 0x81, 0x0A,
    0x80, 0x09, 0x80, 0x0C, 0x80, 0x0D, 0x82, 0x11, 0x80, 0x0D, 0x80, 0x0B, 0x83, 0x09, 0x80, 0x07,
    0x80, 0x03, 0x83, 0x00, 0x13, 0x89, 0x00, 0x09, 0x83, 0x00, 0x80, 0x03, 0x80, 0x04, 0x81, 0x06,
    0x80, 0x05, 0x80, 0x04, 0x80, 0x01, 0x83, 0x00, 0x05, 0x81, 0x00, 0x80, 0x01, 0x80, 0x05, 0x80,
    0x07, 0x80, 0x08, 0x80, 0x09, 0x80, 0x0B, 0x80, 0x10, 0x8F, 0x11, 0x80, 0x0C, 0x80, 0x09, 0x80,
    0x05, 0x80, 0x03, 0x80, 0x02, 0x81, 0x00, 0x0E, 0x83, 0x00, 0x80, 0x04, 0x85, 0x07, 0x80, 0x06,
    0x80, 0x02, 0x81, 0x00, 0x06, 0x81, 0x00, 0x80, 0x04, 0x80, 0x08, 0x80, 0x09, 0x80, 0x0C, 0x80,
    0x0D, 0x81, 0x10, 0x80, 0x0E, 0x80, 0x0D, 0x80, 0x0C, 0x81, 0x09, 0x80, 0x06, 0x80, 0x03, 0x81,
    0x00, 0x02, 0x81, 0x00, 0x80, 0x07, 0x80, 0x0A, 0x80, 0x0E, 0x83, 0x11, 0x83, 0x10, 0x8A, 0x11,
    0x81, 0x10, 0x81, 0x11, 0x80, 0x0E, 0x80, 0x0D, 0x80, 0x0C, 0x80, 0x08, 0x80, 0x01, 0x82, 0x00,
    0x0A, 0x81, 0x00, 0x80, 0x05, 0x80, 0x08, 0x80, 0x0B, 0x80, 0x0D, 0x80, 0x10, 0x84, 0x11, 0x80,
    0x10, 0x80, 0x0B, 0x80, 0x07, 0x81, 0x00, 0x04, 0x81, 0x00, 0x80, 0x07, 0x80, 0x0D, 0x8A, 0x11,
    0x80, 0x10, 0x80, 0x0D, 0x80, 0x09, 0x80, 0x06, 0x82, 0x00, 0x80, 0x04, 0x80, 0x0A, 0x99, 0x11,
    0x80, 0x10, 0x82, 0x11, 0x80, 0x0B, 0x80, 0x07, 0x80, 0x03, 0x82, 0x00, 0x06, 0x81, 0x00, 0x80,
    0x03, 0x80, 0x09, 0x80, 0x0E, 0x86, 0x11, 0x81, 0x10, 0x82, 0x11, 0x80, 0x08, 0x81, 0x00, 0x02,
    0x80, 0x00, 0x80, 0x01, 0x80, 0x0A, 0x81, 0x11, 0x80, 0x10, 0x85, 0x11, 0x84, 0x10, 0x80, 0x11,
    0x80, 0x10, 0x80, 0x08, 0x80, 0x00, 0x80, 0x04, 0x80, 0x07, 0x80, 0x0A, 0x80, 0x0D, 0x80, 0x10,
    0x9E, 0x11, 0x80, 0x0D, 0x80, 0x09, 0x80, 0x05, 0x81, 0x00, 0x04, 0x81, 0x00, 0x80, 0x06, 0x80,
    0x0D, 0x8C, 0x11, 0x80, 0x10, 0x80, 0x0F, 0x80, 0x05, 0x80, 0x00, 0x01, 0x81, 0x00, 0x80, 0x09,
    0x80, 0x11, 0x80, 0x10, 0x89, 0x11, 0x80, 0x10, 0x81, 0x0E, 0x80, 0x0B, 0x80, 0x05, 0x80, 0x00,
    0x80, 0x03, 0x80, 0x07, 0x80, 0x05, 0x80, 0x02, 0x80, 0x01, 0x80, 0x04, 0x80, 0x08, 0x80, 0x0F,
    0x9E, 0x11, 0x80, 0x10, 0x80, 0x07, 0x81, 0x00, 0x02, 0x81, 0x00, 0x80, 0x08, 0x84, 0x11, 0x81,
    0x10, 0x89, 0x11, 0x80, 0x08, 0x80, 0x00, 0x01, 0x80, 0x00, 0x80, 0x07, 0x81, 0x10, 0x88, 0x11,
    0x80, 0x0D, 0x80, 0x09, 0x80, 0x06, 0x81, 0x04, 0x80, 0x00, 0x80, 0x01, 0x80, 0x03, 0x80, 0x00,
    0x80, 0x02, 0x80, 0x06, 0x82, 0x08, 0x80, 0x04, 0x80, 0x03, 0x80, 0x0A, 0x9C, 0x11, 0x80, 0x10,
    0x80, 0x11, 0x80, 0x10, 0x80, 0x07, 0x81, 0x00, 0x00, 0x80, 0x00, 0x80, 0x01, 0x80, 0x0A, 0x81,
    0x10, 0x8D, 0x11, 0x80, 0x10, 0x80, 0x11, 0x80, 0x08, 0x80, 0x00, 0x00, 0x81, 0x00, 0x80, 0x0A,
    0x85, 0x11, 0x80, 0x10, 0x80, 0x11, 0x80, 0x10, 0x80, 0x0A, 0x80, 0x07, 0x80, 0x02, 0x83, 0x00,
    0x80, 0x05, 0x80, 0x07, 0x80, 0x00, 0x80, 0x06, 0x80, 0x0C, 0x83, 0x11, 0x80, 0x0F, 0x80, 0x08,
    0x80, 0x00, 0x80, 0x0B, 0x97, 0x11, 0x80, 0x10, 0x81, 0x11, 0x84, 0x10, 0x80, 0x08, 0x81, 0x00,
    0x80, 0x03, 0x80, 0x0B, 0x81, 0x11, 0x80, 0x10, 0x81, 0x0F, 0x80, 0x0B, 0x80, 0x0A, 0x80, 0x09,
    0x81, 0x0A, 0x80, 0x0C, 0x80, 0x10, 0x85, 0x11, 0x80, 0x10, 0x80, 0x06, 0x80, 0x00, 0x00, 0x80,
    0x00, 0x80, 0x04, 0x80, 0x0E, 0x84, 0x11, 0x80, 0x10, 0x80, 0x11, 0x80, 0x0C, 0x80, 0x06, 0x82,
    0x00, 0x01, 0x80, 0x00, 0x80, 0x06, 0x80, 0x0A, 0x80, 0x00, 0x80, 0x06, 0x80, 0x0E, 0x80, 0x11,
    0x80, 0x10, 0x81, 0x11, 0x81, 0x10, 0x80, 0x11, 0x80, 0x07, 0x80, 0x03, 0x80, 0x0F, 0x97, 0x11,
    0x80, 0x0E, 0x80, 0x09, 0x80, 0x06, 0x81, 0x03, 0x80, 0x04, 0x80, 0x08, 0x80, 0x0F, 0x80, 0x09,
    0x80, 0x00, 0x80, 0x08, 0x80, 0x11, 0x80, 0x0C, 0x80, 0x08, 0x80, 0x06, 0x81, 0x04, 0x80, 0x01,
    0x83, 0x00, 0x80, 0x02, 0x80, 0x05, 0x80, 0x08, 0x80, 0x0B, 0x80, 0x0C, 0x81, 0x10, 0x80, 0x0C,
    0x80, 0x07, 0x81, 0x00, 0x00, 0x80, 0x00, 0x80, 0x04, 0x80, 0x0E, 0x83, 0x11, 0x80, 0x10, 0x80,
    0x11, 0x80, 0x09, 0x80, 0x02, 0x81, 0x00, 0x02, 0x80, 0x00, 0x80, 0x05, 0x80, 0x0C, 0x80, 0x04,
    0x80, 0x05, 0x80, 0x0F, 0x80, 0x10, 0x86, 0x11, 0x80, 0x0F, 0x80, 0x02, 0x80, 0x09, 0x96, 0x11,
    0x80, 0x0B, 0x80, 0x04, 0x80, 0x00, 0x80, 0x06, 0x81, 0x09, 0x80, 0x08, 0x80, 0x03, 0x80, 0x01,
    0x80, 0x0A, 0x80, 0x05, 0x80, 0x00, 0x80, 0x06, 0x80, 0x04, 0x84, 0x00, 0x03, 0x83, 0x00, 0x80,
    0x02, 0x81, 0x05, 0x80, 0x02, 0x81, 0x00, 0x01, 0x81, 0x00, 0x80, 0x0A, 0x80, 0x11, 0x80, 0x10,
    0x81, 0x11, 0x80, 0x0E, 0x80, 0x08, 0x81, 0x00, 0x03, 0x80, 0x00, 0x80, 0x05, 0x80, 0x0D, 0x80,
    0x09, 0x80, 0x02, 0x80, 0x0F, 0x87, 0x11, 0x80, 0x10, 0x80, 0x11, 0x80, 0x08, 0x80, 0x05, 0x95,
    0x11, 0x80, 0x09, 0x80, 0x00, 0x80, 0x06, 0x80, 0x0C, 0x83, 0x11, 0x80, 0x0E, 0x80, 0x07, 0x80,
    0x00, 0x80, 0x08, 0x80, 0x06, 0x82, 0x00, 0x0A, 0x85, 0x00, 0x03, 0x80, 0x00, 0x80, 0x05, 0x80,
    0x0D, 0x80, 0x11, 0x80, 0x0F, 0x80, 0x0A, 0x80, 0x05, 0x81, 0x00, 0x03, 0x80, 0x00, 0x80, 0x01,
    0x80, 0x0B, 0x80, 0x11, 0x80, 0x02, 0x80, 0x08, 0x80, 0x11, 0x80, 0x10, 0x88, 0x11, 0x80, 0x0B,
    0x80, 0x02, 0x80, 0x0E, 0x93, 0x11, 0x80, 0x0C, 0x80, 0x00, 0x80, 0x07, 0x80, 0x0F, 0x80, 0x11,
    0x80, 0x10, 0x84, 0x11, 0x80, 0x07, 0x80, 0x01, 0x80, 0x0C, 0x80, 0x0A, 0x80, 0x02, 0x80, 0x00,
    0x14, 0x81, 0x00, 0x80, 0x02, 0x80, 0x06, 0x80, 0x05, 0x82, 0x00, 0x03, 0x81, 0x00, 0x80, 0x07,
    0x80, 0x11, 0x80, 0x08, 0x80, 0x03, 0x80, 0x0E, 0x8A, 0x11, 0x80, 0x10, 0x80, 0x08, 0x80, 0x0E,
    0x92, 0x11, 0x80, 0x10, 0x80, 0x04, 0x80, 0x06, 0x80, 0x10, 0x87, 0x11, 0x80, 0x10, 0x80, 0x03,
    0x80, 0x07, 0x80, 0x11, 0x80, 0x0A, 0x80, 0x01, 0x80, 0x00, 0x15, 0x83, 0x00, 0x05, 0x80, 0x00,
    0x80, 0x04, 0x80, 0x0D, 0x80, 0x11, 0x81, 0x08, 0xA1, 0x11, 0x80, 0x08, 0x80, 0x03, 0x80, 0x0F,
    0x87, 0x11, 0x80, 0x10, 0x80, 0x11, 0x80, 0x09, 0x80, 0x01, 0x80, 0x0C, 0x80, 0x11, 0x80, 0x0A,
    0x81, 0x00, 0x1D, 0x81, 0x00, 0x80, 0x08, 0x80, 0x11, 0x80, 0x10, 0xA3, 0x11, 0x80, 0x07, 0x80,
    0x09, 0x8A, 0x11, 0x80, 0x0D, 0x80, 0x02, 0x80, 0x09, 0x80, 0x11, 0x80, 0x10, 0x80, 0x06, 0x80,
    0x00, 0x1D, 0x80, 0x00, 0x80, 0x02, 0x80, 0x0C, 0xA5, 0x11, 0x81, 0x10, 0x8B, 0x11, 0x80, 0x05,
    0x80, 0x07, 0x81, 0x11, 0x80, 0x09, 0x81, 0x00, 0x1C, 0x80, 0x00, 0x80, 0x06, 0xB4, 0x11, 0x80,
    0x08, 0x80, 0x06, 0x80, 0x11, 0x80, 0x10, 0x80, 0x11, 0x80, 0x07, 0x80, 0x00, 0x1B, 0x81, 0x00,
    0x80, 0x09, 0xB4, 0x11, 0x80, 0x08, 0x80, 0x04, 0x82, 0x11, 0x80, 0x0C, 0x80, 0x02, 0x80, 0x00,
    0x1A, 0x80, 0x00, 0x80, 0x02, 0x80, 0x0D, 0x88, 0x11, 0x80, 0x08, 0x80, 0x05, 0x80, 0x08, 0xA8,
    0x11, 0x80, 0x0F, 0x80, 0x0C, 0x82, 0x11, 0x80, 0x0F, 0x80, 0x05, 0x80, 0x00, 0x1A, 0x80, 0x00,
    0x80, 0x04, 0x80, 0x0E, 0x87, 0x11, 0x80, 0x0A, 0x82, 0x00, 0x80, 0x0B, 0xAD, 0x11, 0x80, 0x06,
    0x80, 0x00, 0x1A, 0x80, 0x00, 0x80, 0x06, 0x80, 0x10, 0x87, 0x11, 0x80, 0x06, 0x80, 0x00, 0x80,
    0x02, 0x80, 0x00, 0x80, 0x09, 0xAB, 0x11, 0x80, 0x10, 0x80, 0x11, 0x80, 0x08, 0x80, 0x00, 0x1A,
    0x80, 0x00, 0x80, 0x08, 0x88, 0x11, 0x80, 0x0A, 0x81, 0x00, 0x80, 0x04, 0x80, 0x0F, 0x9F, 0x11,
    0x80, 0x09, 0x80, 0x04, 0x80, 0x07, 0x80, 0x10, 0x87, 0x11, 0x80, 0x10, 0x80, 0x11, 0x80, 0x0A,
    0x81, 0x00, 0x19, 0x80, 0x00, 0x80, 0x08, 0x80, 0x11, 0x80, 0x10, 0x86, 0x11, 0x80, 0x10, 0x80,
    0x0A, 0x80, 0x09, 0x80, 0x0C, 0x9F, 0x11, 0x80, 0x0A, 0x82, 0x00, 0x80, 0x0A, 0x89, 0x11, 0x80,
    0x0C, 0x80, 0x02, 0x80, 0x00, 0x0A, 0x81, 0x00, 0x0C, 0x80, 0x00, 0x80, 0x05, 0x80, 0x0F, 0x80,
    0x10, 0xAA, 0x11, 0x80, 0x09, 0x80, 0x00, 0x80, 0x02, 0x80, 0x00, 0x80, 0x09, 0x80, 0x11, 0x80,
    0x10, 0x87, 0x11, 0x80, 0x0F, 0x80, 0x04, 0x80, 0x00, 0x06, 0x80, 0x00, 0x02, 0x82, 0x00, 0x0B,
    0x80, 0x00, 0x80, 0x03, 0x80, 0x0D, 0xAB, 0x11, 0x80, 0x0B, 0x80, 0x01, 0x80, 0x00, 0x80, 0x01,
    0x80, 0x0B, 0x89, 0x11, 0x80, 0x0F, 0x80, 0x05, 0x80, 0x00, 0x06, 0x81, 0x00, 0x02, 0x81, 0x00,
    0x0B, 0x81, 0x00, 0x80, 0x09, 0x80, 0x11, 0x80, 0x10, 0xAA, 0x11, 0x80, 0x0B, 0x80, 0x08, 0x80,
    0x0C, 0x8A, 0x11, 0x80, 0x0C, 0x80, 0x02, 0x80, 0x00, 0x07, 0x81, 0x00, 0x02, 0x81, 0x00, 0x0B,
    0x80, 0x00, 0x80, 0x09, 0xBA, 0x11, 0x80, 0x0A, 0x81, 0x00, 0x08, 0x81, 0x00, 0x01, 0x81, 0x00,
    0x0B, 0x80, 0x00, 0x80, 0x05, 0x80, 0x10, 0x98, 0x11, 0x81, 0x10, 0x9E, 0x11, 0x80, 0x0A, 0x81,
    0x00, 0x08, 0x81, 0x00, 0x01, 0x81, 0x00, 0x0B, 0x81, 0x00, 0x80, 0x0A, 0x93, 0x11, 0x80, 0x10,
    0x80, 0x0C, 0x80, 0x0B, 0x80, 0x0C, 0x80, 0x0E, 0x9E, 0x11, 0x80, 0x10, 0x80, 0x11, 0x80, 0x08,
    0x80, 0x00, 0x09, 0x81, 0x00, 0x10, 0x80, 0x00, 0x80, 0x06, 0x80, 0x10, 0x92, 0x11, 0x80, 0x07,
    0x81, 0x00, 0x80, 0x01, 0x80, 0x05, 0x80, 0x07, 0x80, 0x09, 0x81, 0x0B, 0x80, 0x08, 0x80, 0x06,
    0x80, 0x07, 0x80, 0x0A, 0x80, 0x10, 0x96, 0x11, 0x80, 0x0F, 0x80, 0x05, 0x80, 0x00, 0x0A, 0x80,
    0x00, 0x10, 0x81, 0x00, 0x80, 0x09, 0x80, 0x11, 0x80, 0x10, 0x8F, 0x11, 0x80, 0x09, 0x8C, 0x00,
    0x80, 0x06, 0x80, 0x10, 0x94, 0x11, 0x80, 0x09, 0x80, 0x04, 0x84, 0x00, 0x1A, 0x80, 0x00, 0x80,
    0x01, 0x80, 0x0B, 0x80, 0x11, 0x80, 0x10, 0x8E, 0x11, 0x80, 0x0A, 0x87, 0x00, 0x84, 0x01, 0x80,
    0x00, 0x80, 0x0A, 0x93, 0x11, 0x80, 0x09, 0x80, 0x00, 0x80, 0x05, 0x80, 0x0A, 0x80, 0x09, 0x80,
    0x06, 0x80, 0x04, 0x81, 0x00, 0x1A, 0x80, 0x00, 0x80, 0x01, 0x80, 0x0A, 0x80, 0x10, 0x80, 0x11,
    0x80, 0x10, 0x8D, 0x11, 0x80, 0x09, 0x80, 0x05, 0x80, 0x03, 0x80, 0x04, 0x80, 0x03, 0x87, 0x00,
    0x80, 0x02, 0x80, 0x0C, 0x92, 0x11, 0x80, 0x0A, 0x80, 0x00, 0x80, 0x08, 0x80, 0x0A, 0x80, 0x0B,
    0x80, 0x11, 0x80, 0x10, 0x80, 0x0F, 0x80, 0x08, 0x81, 0x00, 0x1A, 0x81, 0x00, 0x80, 0x08, 0x80,
    0x0C, 0x8F, 0x11, 0x80, 0x10, 0x81, 0x0C, 0x80, 0x0D, 0x80, 0x08, 0x80, 0x02, 0x80, 0x04, 0x80,
    0x09, 0x80, 0x0B, 0x81, 0x08, 0x80, 0x07, 0x80, 0x0B, 0x92, 0x11, 0x80, 0x10, 0x80, 0x04, 0x80,
    0x06, 0x80, 0x0F, 0x80, 0x02, 0x80, 0x05, 0x80, 0x10, 0x80, 0x05, 0x80, 0x07, 0x80, 0x11, 0x80,
    0x05, 0x80, 0x00, 0x1B, 0x81, 0x00, 0x80, 0x02, 0x80, 0x08, 0x80, 0x0E, 0x90, 0x11, 0x80, 0x10,
    0x80, 0x11, 0x80, 0x0E, 0x80, 0x0F, 0x96, 0x11, 0x80, 0x10, 0x80, 0x11, 0x80, 0x0B, 0x80, 0x00,
    0x80, 0x0A, 0x80, 0x11, 0x80, 0x0B, 0x80, 0x0D, 0x80, 0x10, 0x80, 0x06, 0x80, 0x0A, 0x80, 0x11,
    0x80, 0x08, 0x80, 0x00, 0x1D, 0x81, 0x00, 0x80, 0x05, 0x80, 0x0A, 0x80, 0x10, 0x92, 0x11, 0x80,
    0x10, 0x96, 0x11, 0x80, 0x10, 0x81, 0x04, 0x80, 0x0E, 0x80, 0x11, 0x80, 0x0A, 0x80, 0x06, 0x80,
    0x09, 0x80, 0x11, 0x80, 0x0A, 0x80, 0x09, 0x80, 0x0A, 0x80, 0x00, 0x1F, 0x81, 0x00, 0x80, 0x05,
    0x80, 0x07, 0x80, 0x08, 0x80, 0x0A, 0x80, 0x0D, 0x82, 0x11, 0x81, 0x10, 0x9E, 0x11, 0x80, 0x10,
    0x80, 0x11, 0x80, 0x0B, 0x80, 0x04, 0x80, 0x00, 0x80, 0x0A, 0x80, 0x11, 0x80, 0x0D, 0x80, 0x01,
    0x81, 0x00, 0x80, 0x0C, 0x81, 0x06, 0x80, 0x07, 0x80, 0x00, 0x20, 0x84, 0x00, 0x80, 0x04, 0x80,
    0x09, 0x80, 0x0E, 0x85, 0x11, 0x80, 0x10, 0x97, 0x11, 0x81, 0x10, 0x80, 0x11, 0x80, 0x10, 0x80,
    0x0A, 0x80, 0x00, 0x80, 0x03, 0x80, 0x0A, 0x80, 0x11, 0x81, 0x10, 0x80, 0x06, 0x80, 0x00, 0x80,
    0x04, 0x80, 0x0D, 0x80, 0x11, 0x80, 0x0A, 0x81, 0x00, 0x24, 0x82, 0x00, 0x80, 0x04, 0x80, 0x06,
    0x81, 0x07, 0x80, 0x06, 0x80, 0x09, 0x80, 0x0D, 0x86, 0x11, 0x81, 0x10, 0x84, 0x11, 0x81, 0x10,
    0x8A, 0x11, 0x80, 0x0C, 0x80, 0x06, 0x80, 0x00, 0x80, 0x07, 0x80, 0x0E, 0x81, 0x11, 0x80, 0x10,
    0x80, 0x11, 0x80, 0x10, 0x80, 0x09, 0x80, 0x0B, 0x80, 0x11, 0x80, 0x0C, 0x80, 0x04, 0x80, 0x00,
    0x27, 0x86, 0x00, 0x80, 0x03, 0x80, 0x07, 0x81, 0x09, 0x81, 0x08, 0x80, 0x09, 0x80, 0x0D, 0x82,
    0x11, 0x81, 0x0D, 0x8A, 0x11, 0x80, 0x0E, 0x80, 0x09, 0x80, 0x08, 0x80, 0x07, 0x80, 0x00, 0x80,
    0x01, 0x80, 0x09, 0x85, 0x11, 0x80, 0x10, 0x81, 0x11, 0x80, 0x0C, 0x80, 0x05, 0x80, 0x00, 0x2B,
    0x80, 0x00, 0x80, 0x02, 0x80, 0x00, 0x81, 0x13, 0x80, 0x01, 0x84, 0x00, 0x80, 0x04, 0x80, 0x07,
    0x81, 0x06, 0x81, 0x04, 0x80, 0x07, 0x80, 0x08, 0x80, 0x0A, 0x80, 0x09, 0x81, 0x0A, 0x82, 0x07,
    0x80, 0x06, 0x80, 0x07, 0x80, 0x02, 0x81, 0x00, 0x80, 0x03, 0x80, 0x08, 0x80, 0x0E, 0x80, 0x11,
    0x80, 0x10, 0x84, 0x11, 0x80, 0x10, 0x80, 0x11, 0x80, 0x0C, 0x80, 0x05, 0x80, 0x00, 0x2C, 0x80,
    0x00, 0x80, 0x09, 0x80, 0x06, 0x80, 0x00, 0x80, 0x15, 0x80, 0x16, 0x80, 0x14, 0x82, 0x15, 0x80,
    0x14, 0x80, 0x12, 0x80, 0x01, 0x80, 0x00, 0x80, 0x01, 0x81, 0x12, 0x85, 0x00, 0x80, 0x03, 0x80,
    0x05, 0x80, 0x03, 0x80, 0x00, 0x80, 0x01, 0x80, 0x07, 0x80, 0x0B, 0x80, 0x0A, 0x80, 0x0F, 0x81,
    0x11, 0x80, 0x10, 0x86, 0x11, 0x80, 0x0B, 0x80, 0x04, 0x80, 0x00, 0x2C, 0x80, 0x00, 0x80, 0x04,
    0x80, 0x10, 0x80, 0x0C, 0x80, 0x05, 0x80, 0x00, 0x80, 0x13, 0x80, 0x16, 0x84, 0x17, 0x82, 0x16,
    0x80, 0x15, 0x80, 0x12, 0x80, 0x01, 0x80, 0x08, 0x80, 0x0D, 0x82, 0x0C, 0x80, 0x0F, 0x80, 0x11,
    0x82, 0x0E, 0x8C, 0x11, 0x80, 0x0C, 0x80, 0x04, 0x80, 0x00, 0x2D, 0x80, 0x00, 0x80, 0x07, 0x82,
    0x11, 0x80, 0x08, 0x81, 0x01, 0x80, 0x12, 0x80, 0x14, 0x82, 0x15, 0x80, 0x14, 0x80, 0x13, 0x80,
    0x12, 0x80, 0x00, 0x80, 0x05, 0x80, 0x0A, 0x95, 0x11, 0x80, 0x0D, 0x80, 0x06, 0x81, 0x00, 0x2D,
    0x80, 0x00, 0x80, 0x09, 0x80, 0x11, 0x80, 0x10, 0x81, 0x11, 0x80, 0x0C, 0x80, 0x08, 0x80, 0x04,
    0x80, 0x01, 0x82, 0x00, 0x80, 0x01, 0x80, 0x03, 0x80, 0x06, 0x80, 0x0A, 0x80, 0x10, 0x80, 0x11,
    0x80, 0x10, 0x91, 0x11, 0x80, 0x10, 0x80, 0x11, 0x80, 0x0C, 0x80, 0x05, 0x81, 0x00, 0x2D, 0x81,
    0x00, 0x80, 0x0B, 0x85, 0x11, 0x80, 0x10, 0x80, 0x0B, 0x83, 0x0A, 0x80, 0x0F, 0x95, 0x11, 0x80,
    0x10, 0x80, 0x11, 0x80, 0x0C, 0x80, 0x04, 0x80, 0x00, 0x2F, 0x80, 0x00, 0x80, 0x03, 0x80, 0x0F,
    0xA3, 0x11, 0x80, 0x0C, 0x80, 0x05, 0x81, 0x00, 0x2F, 0x80, 0x00, 0x80, 0x04, 0x80, 0x0F, 0x87,
    0x11, 0x82, 0x10, 0x97, 0x11, 0x80, 0x0C, 0x80, 0x05, 0x81, 0x00, 0x30, 0x80, 0x00, 0x80, 0x06,
    0x80, 0x10, 0xA1, 0x11, 0x80, 0x0D, 0x80, 0x05, 0x81, 0x00, 0x31, 0x80, 0x00, 0x80, 0x09, 0x80,
    0x11, 0x80, 0x10, 0xA0, 0x11, 0x80, 0x07, 0x81, 0x00, 0x32, 0x80, 0x00, 0x80, 0x09, 0x80, 0x11,
    0x80, 0x10, 0x9D, 0x11, 0x81, 0x10, 0x80, 0x07, 0x81, 0x00, 0x32, 0x81, 0x00, 0x80, 0x0C, 0xA0,
    0x11, 0x80, 0x09, 0x81, 0x00, 0x33, 0x80, 0x00, 0x80, 0x02, 0x80, 0x0C, 0x9F, 0x11, 0x80, 0x10,
    0x80, 0x05, 0x80, 0x00, 0x34, 0x80, 0x00, 0x80, 0x05, 0x80, 0x0D, 0x9F, 0x11, 0x80, 0x0D, 0x80,
    0x04, 0x80, 0x00, 0x34, 0x80, 0x00, 0x80, 0x07, 0xA1, 0x11, 0x80, 0x06, 0x80, 0x00, 0x06, 0x86,
    0x00, 0x26, 0x80, 0x00, 0x80, 0x08, 0xA1, 0x11, 0x80, 0x09, 0x81, 0x00, 0x05, 0x80, 0x00, 0x80,
    0x04, 0x81, 0x08, 0x80, 0x07, 0x80, 0x04, 0x81, 0x00, 0x24, 0x81, 0x00, 0x80, 0x0B, 0xA2, 0x11,
    0x80, 0x08, 0x80, 0x01, 0x81, 0x00, 0x02, 0x81, 0x00, 0x80, 0x0A, 0x82, 0x11, 0x80, 0x0E, 0x80,
    0x0A, 0x80, 0x05, 0x81, 0x00, 0x21, 0x81, 0x00, 0x80, 0x05, 0x80, 0x10, 0xA3, 0x11, 0x80, 0x0B,
    0x80, 0x04, 0x81, 0x00, 0x02, 0x80, 0x00, 0x80, 0x08, 0x80, 0x11, 0x80, 0x10, 0x82, 0x11, 0x80,
    0x0E, 0x80, 0x05, 0x80, 0x00, 0x1F, 0x81, 0x00, 0x80, 0x02, 0x80, 0x06, 0x80, 0x0A, 0xA3, 0x11,
    0x80, 0x10, 0x80, 0x11, 0x80, 0x0C, 0x80, 0x05, 0x80, 0x00, 0x02, 0x81, 0x00, 0x80, 0x09, 0x82,
    0x11, 0x80, 0x10, 0x80, 0x11, 0x80, 0x0C, 0x80, 0x04, 0x80, 0x00, 0x1D, 0x81, 0x00, 0x80, 0x07,
    0x80, 0x0C, 0xA6, 0x11, 0x80, 0x10, 0x80, 0x11, 0x80, 0x0B, 0x80, 0x04, 0x80, 0x00, 0x02, 0x80,
    0x00, 0x80, 0x04, 0x80, 0x0D, 0x82, 0x11, 0x80, 0x10, 0x80, 0x11, 0x80, 0x09, 0x81, 0x00, 0x1B,
    0x80, 0x00, 0x80, 0x02, 0x80, 0x0B, 0xAB, 0x11, 0x80, 0x0A, 0x81, 0x00, 0x02, 0x80, 0x00, 0x80,
    0x09, 0x84, 0x11, 0x80, 0x0E, 0x80, 0x03, 0x80, 0x00, 0x1A, 0x81, 0x00, 0x80, 0x0B, 0x80, 0x11,
    0x80, 0x10, 0xAA, 0x11, 0x80, 0x10, 0x80, 0x05, 0x80, 0x00, 0x02, 0x80, 0x00, 0x80, 0x06, 0x84,
    0x11, 0x80, 0x10, 0x80, 0x06, 0x80, 0x00, 0x19, 0x81, 0x00, 0x80, 0x08, 0x80, 0x11, 0x80, 0x10,
    0xAC, 0x11, 0x80, 0x08, 0x80, 0x00, 0x02, 0x80, 0x00, 0x80, 0x06, 0x80, 0x10, 0x82, 0x11, 0x80,
    0x10, 0x80, 0x11, 0x80, 0x08, 0x80, 0x00, 0x19, 0x80, 0x00, 0x80, 0x03, 0x80, 0x0C, 0xAE, 0x11,
    0x80, 0x0B, 0x81, 0x00, 0x01, 0x80, 0x00, 0x80, 0x07, 0x85, 0x11, 0x80, 0x0A, 0x80, 0x00, 0x19,
    0x80, 0x00, 0x80, 0x07, 0x8F, 0x11, 0x81, 0x0D, 0x84, 0x11, 0x80, 0x0C, 0x80, 0x10, 0x86, 0x11,
    0x80, 0x10, 0x8E, 0x11, 0x80, 0x0B, 0x80, 0x02, 0x80, 0x00, 0x00, 0x81, 0x00, 0x80, 0x0A, 0x85,
    0x11, 0x80, 0x09, 0x80, 0x00, 0x18, 0x81, 0x00, 0x80, 0x08, 0x87, 0x11, 0x80, 0x0D, 0x80, 0x05,
    0x80, 0x0C, 0x84, 0x11, 0x80, 0x07, 0x80, 0x05, 0x80, 0x10, 0x82, 0x11, 0x80, 0x10, 0x80, 0x04,
    0x80, 0x09, 0x80, 0x11, 0x80, 0x10, 0x83, 0x11, 0x81, 0x08, 0x8E, 0x11, 0x80, 0x0C, 0x80, 0x03,
    0x80, 0x00, 0x00, 0x80, 0x00, 0x80, 0x05, 0x80, 0x0D, 0x85, 0x11, 0x80, 0x07, 0x80, 0x00, 0x18,
    0x81, 0x00, 0x80, 0x0C, 0x87, 0x11, 0x80, 0x0C, 0x80, 0x00, 0x80, 0x09, 0x84, 0x11, 0x81, 0x05,
    0x80, 0x10, 0x82, 0x11, 0x80, 0x0F, 0x80, 0x01, 0x80, 0x09, 0x80, 0x11, 0x80, 0x10, 0x83, 0x11,
    0x80, 0x05, 0x80, 0x06, 0x80, 0x11, 0x80, 0x10, 0x8C, 0x11, 0x80, 0x0C, 0x80, 0x03, 0x82, 0x00,
    0x80, 0x0A, 0x80, 0x11, 0x80, 0x10, 0x83, 0x11, 0x80, 0x0B, 0x80, 0x02, 0x80, 0x00, 0x18, 0x81,
    0x00, 0x80, 0x0B, 0x87, 0x11, 0x80, 0x0C, 0x80, 0x01, 0x80, 0x08, 0x80, 0x11, 0x80, 0x10, 0x82,
    0x11, 0x80, 0x05, 0x80, 0x07, 0x83, 0x11, 0x80, 0x10, 0x80, 0x03, 0x80, 0x08, 0x80, 0x11, 0x80,
    0x10, 0x82, 0x11, 0x80, 0x0C, 0x80, 0x01, 0x80, 0x07, 0x80, 0x11, 0x80, 0x10, 0x8C, 0x11, 0x80,
    0x0B, 0x81, 0x00, 0x80, 0x02, 0x80, 0x0A, 0x80, 0x11, 0x80, 0x10, 0x82, 0x11, 0x80, 0x10, 0x80,
    0x11, 0x80, 0x07, 0x80, 0x00, 0x19, 0x81, 0x00, 0x80, 0x08, 0x80, 0x11, 0x80, 0x10, 0x86, 0x11,
    0x80, 0x05, 0x80, 0x06, 0x84, 0x11, 0x80, 0x05, 0x80, 0x07, 0x84, 0x11, 0x80, 0x04, 0x80, 0x07,
    0x84, 0x11, 0x80, 0x0C, 0x80, 0x00, 0x80, 0x0A, 0x8E, 0x11, 0x80, 0x08, 0x80, 0x00, 0x80, 0x07,
    0x80, 0x0C, 0x80, 0x11, 0x80, 0x10, 0x80, 0x11, 0x81, 0x10, 0x81, 0x11, 0x80, 0x09, 0x81, 0x00,
    0x1A, 0x80, 0x00, 0x80, 0x07, 0x80, 0x11, 0x80, 0x10, 0x84, 0x11, 0x80, 0x10, 0x80, 0x11, 0x80,
    0x07, 0x80, 0x03, 0x80, 0x0F, 0x82, 0x11, 0x80, 0x0F, 0x80, 0x03, 0x80, 0x08, 0x80, 0x11, 0x80,
    0x10, 0x80, 0x11, 0x81, 0x10, 0x80, 0x04, 0x80, 0x05, 0x80, 0x10, 0x83, 0x11, 0x80, 0x08, 0x80,
    0x00, 0x80, 0x0C, 0x8D, 0x11, 0x80, 0x10, 0x80, 0x05, 0x80, 0x04, 0x81, 0x11, 0x82, 0x10, 0x81,
    0x11, 0x80, 0x0E, 0x80, 0x09, 0x81, 0x00, 0x1B, 0x80, 0x00, 0x80, 0x04, 0x80, 0x0E, 0x87, 0x11,
    0x80, 0x09, 0x80, 0x01, 0x80, 0x0E, 0x82, 0x11, 0x80, 0x0B, 0x80, 0x00, 0x80, 0x08, 0x80, 0x11,
    0x80, 0x10, 0x82, 0x11, 0x80, 0x07, 0x80, 0x04, 0x84, 0x11, 0x80, 0x07, 0x80, 0x03, 0x80, 0x10,
    0x8B, 0x11, 0x80, 0x10, 0x80, 0x11, 0x80, 0x08, 0x80, 0x00, 0x80, 0x09, 0x80, 0x11, 0x80, 0x10,
    0x82, 0x11, 0x80, 0x0D, 0x80, 0x08, 0x80, 0x04, 0x81, 0x00, 0x1C, 0x81, 0x00, 0x80, 0x07, 0x80,
    0x10, 0x80, 0x11, 0x80, 0x10, 0x80, 0x11, 0x80, 0x10, 0x80, 0x11, 0x80, 0x10, 0x80, 0x11, 0x80,
    0x0A, 0x80, 0x00, 0x80, 0x0B, 0x82, 0x11, 0x80, 0x0C, 0x80, 0x00, 0x80, 0x0A, 0x80, 0x11, 0x80,
    0x10, 0x80, 0x11, 0x80, 0x10, 0x80, 0x11, 0x80, 0x09, 0x80, 0x01, 0x80, 0x0D, 0x82, 0x11, 0x80,
    0x10, 0x80, 0x04, 0x80, 0x05, 0x80, 0x11, 0x80, 0x10, 0x88, 0x11, 0x80, 0x10, 0x81, 0x11, 0x80,
    0x0B, 0x80, 0x01, 0x80, 0x05, 0x80, 0x0D, 0x80, 0x0F, 0x80, 0x0D, 0x80, 0x0A, 0x80, 0x08, 0x80,
    0x07, 0x80, 0x04, 0x82, 0x00, 0x1E, 0x81, 0x00, 0x80, 0x07, 0x80, 0x0B, 0x80, 0x10, 0x85, 0x11,
    0x80, 0x03, 0x80, 0x08, 0x80, 0x11, 0x80, 0x10, 0x80, 0x11, 0x80, 0x09, 0x80, 0x00, 0x80, 0x0D,
    0x84, 0x11, 0x80, 0x09, 0x80, 0x00, 0x80, 0x0B, 0x82, 0x11, 0x80, 0x0C, 0x80, 0x00, 0x80, 0x09,
    0x8B, 0x11, 0x80, 0x0E, 0x80, 0x09, 0x80, 0x02, 0x80, 0x00, 0x80, 0x02, 0x80, 0x03, 0x80, 0x04,
    0x80, 0x03, 0x83, 0x00, 0x22, 0x81, 0x00, 0x80, 0x02, 0x80, 0x07, 0x80, 0x08, 0x81, 0x0B, 0x81,
    0x0A, 0x80, 0x0B, 0x80, 0x06, 0x80, 0x04, 0x81, 0x10, 0x80, 0x11, 0x80, 0x07, 0x80, 0x00, 0x80,
    0x09, 0x81, 0x0B, 0x81, 0x09, 0x81, 0x0A, 0x80, 0x00, 0x80, 0x09, 0x80, 0x11, 0x80, 0x0F, 0x80,
    0x11, 0x80, 0x08, 0x80, 0x00, 0x80, 0x08, 0x82, 0x0B, 0x80, 0x0C, 0x81, 0x0B, 0x80, 0x0A, 0x80,
    0x0B, 0x82, 0x0A, 0x80, 0x07, 0x80, 0x05, 0x81, 0x00, 0x00, 0x84, 0x00, 0x27, 0x84, 0x00, 0x80,
    0x01, 0x80, 0x00, 0x81, 0x01, 0x80, 0x00, 0x80, 0x0A, 0x80, 0x11, 0x80, 0x0E, 0x80, 0x04, 0x88,
    0x00, 0x80, 0x05, 0x80, 0x10, 0x80, 0x11, 0x80, 0x0E, 0x80, 0x04, 0x83, 0x00, 0x80, 0x02, 0x80,
    0x03, 0x80, 0x02, 0x82, 0x00, 0x80, 0x02, 0x80, 0x01, 0x83, 0x00, 0x31, 0x86, 0x00, 0x80, 0x02,
    0x80, 0x09, 0x80, 0x07, 0x8A, 0x00, 0x80, 0x07, 0x80, 0x0B, 0x80, 0x06, 0x8D, 0x00, 0x3B, 0x83,
    0x00, 0x08, 0x84, 0x00, 0x26,
];

#[rustfmt::skip]
const POSE_SURPRISED: &[u8] = &[
    0x27, 0x85, 0x00, 0x00, 0x84, 0x00, 0x48, 0x87, 0x00, 0x80, 0x03, 0x80, 0x05, 0x80, 0x04, 0x80,
    0x01, 0x82, 0x00, 0x80, 0x01, 0x80, 0x03, 0x80, 0x01, 0x84, 0x00, 0x40, 0x83, 0x00, 0x80, 0x02,
    0x80, 0x04, 0x80, 0x05, 0x82, 0x07, 0x80, 0x0A, 0x80, 0x0B, 0x80, 0x0F, 0x80, 0x0D, 0x80, 0x0A,
    0x80, 0x07, 0x80, 0x08, 0x83, 0x0B, 0x80, 0x08, 0x80, 0x04, 0x80, 0x03, 0x80, 0x04, 0x80, 0x02,
    0x81, 0x00, 0x3D, 0x81, 0x00, 0x80, 0x04, 0x80, 0x07, 0x80, 0x09, 0x80, 0x0C, 0x80, 0x0D, 0x80,
    0x0E, 0x8E, 0x11, 0x80, 0x0E, 0x81, 0x0D, 0x80, 0x0C, 0x80, 0x08, 0x80, 0x03, 0x83, 0x00, 0x37,
    0x81, 0x00, 0x80, 0x03, 0x80, 0x09, 0x80, 0x0D, 0x84, 0x11, 0x82, 0x10, 0x84, 0x11, 0x80, 0x10,
    0x8A, 0x11, 0x80, 0x0C, 0x80, 0x08, 0x80, 0x06, 0x80, 0x04, 0x81, 0x00, 0x22, 0x89, 0x00, 0x07,
    0x82, 0x00, 0x80, 0x05, 0x80, 0x0B, 0x80, 0x11, 0x82, 0x10, 0x98, 0x11, 0x80, 0x10, 0x80, 0x0D,
    0x80, 0x09, 0x80, 0x02, 0x80, 0x00, 0x1E, 0x84, 0x00, 0x80, 0x02, 0x80, 0x03, 0x81, 0x04, 0x80,
    0x03, 0x80, 0x01, 0x85, 0x00, 0x01, 0x82, 0x00, 0x80, 0x04, 0x80, 0x08, 0x80, 0x0C, 0x80, 0x0E,
    0x80, 0x0D, 0x80, 0x10, 0x9A, 0x11, 0x81, 0x10, 0x80, 0x11, 0x80, 0x0A, 0x80, 0x05, 0x81, 0x00,
    0x1B, 0x81, 0x00, 0x80, 0x02, 0x80, 0x07, 0x80, 0x08, 0x80, 0x0A, 0x80, 0x0D, 0x84, 0x0C, 0x80,
    0x0B, 0x80, 0x08, 0x80, 0x09, 0x80, 0x07, 0x80, 0x04, 0x83, 0x00, 0x80, 0x03, 0x80, 0x08, 0x80,
    0x09, 0x80, 0x05, 0x82, 0x02, 0x80, 0x05, 0x80, 0x0A, 0x9D, 0x11, 0x80, 0x10, 0x80, 0x08, 0x81,
    0x00, 0x19, 0x81, 0x00, 0x80, 0x07, 0x80, 0x0B, 0x83, 0x11, 0x80, 0x10, 0x86, 0x11, 0x80, 0x10,
    0x80, 0x0D, 0x80, 0x0A, 0x80, 0x05, 0x80, 0x00, 0x80, 0x05, 0x80, 0x0A, 0x80, 0x07, 0x80, 0x00,
    0x80, 0x05, 0x81, 0x09, 0x80, 0x0A, 0x80, 0x07, 0x80, 0x00, 0x80, 0x05, 0x80, 0x0E, 0x94, 0x11,
    0x80, 0x10, 0x81, 0x11, 0x80, 0x0D, 0x80, 0x09, 0x80, 0x08, 0x80, 0x07, 0x80, 0x09, 0x80, 0x0C,
    0x80, 0x0B, 0x80, 0x04, 0x80, 0x00, 0x01, 0x8A, 0x00, 0x0A, 0x80, 0x00, 0x80, 0x03, 0x80, 0x09,
    0x83, 0x11, 0x81, 0x10, 0x82, 0x11, 0x81, 0x10, 0x84, 0x11, 0x80, 0x08, 0x80, 0x00, 0x80, 0x04,
    0x80, 0x0B, 0x80, 0x05, 0x80, 0x01, 0x80, 0x0A, 0x80, 0x10, 0x83, 0x11, 0x80, 0x0C, 0x80, 0x02,
    0x80, 0x05, 0x80, 0x10, 0x92, 0x11, 0x80, 0x10, 0x80, 0x11, 0x80, 0x0E, 0x80, 0x08, 0x80, 0x01,
    0x80, 0x02, 0x81, 0x04, 0x80, 0x03, 0x80, 0x00, 0x80, 0x07, 0x80, 0x0B, 0x80, 0x04, 0x80, 0x00,
    0x81, 0x01, 0x80, 0x04, 0x81, 0x05, 0x83, 0x08, 0x81, 0x05, 0x80, 0x02, 0x83, 0x00, 0x05, 0x80,
    0x00, 0x80, 0x01, 0x80, 0x0B, 0x80, 0x11, 0x80, 0x10, 0x84, 0x11, 0x81, 0x10, 0x82, 0x11, 0x80,
    0x0C, 0x80, 0x0A, 0x80, 0x09, 0x81, 0x06, 0x80, 0x00, 0x80, 0x05, 0x80, 0x0E, 0x80, 0x06, 0x80,
    0x01, 0x80, 0x0D, 0x80, 0x11, 0x81, 0x10, 0x81, 0x11, 0x80, 0x10, 0x80, 0x11, 0x80, 0x0D, 0x80,
    0x01, 0x80, 0x09, 0x93, 0x11, 0x80, 0x0C, 0x80, 0x03, 0x80, 0x01, 0x80, 0x09, 0x80, 0x0D, 0x82,
    0x0F, 0x80, 0x0A, 0x80, 0x02, 0x80, 0x05, 0x80, 0x0A, 0x80, 0x01, 0x80, 0x04, 0x80, 0x0A, 0x82,
    0x0F, 0x83, 0x11, 0x80, 0x0F, 0x80, 0x0E, 0x80, 0x0B, 0x80, 0x09, 0x80, 0x07, 0x80, 0x04, 0x82,
    0x00, 0x02, 0x81, 0x00, 0x80, 0x09, 0x80, 0x11, 0x80, 0x10, 0x87, 0x11, 0x80, 0x0E, 0x80, 0x09,
    0x80, 0x08, 0x80, 0x03, 0x83, 0x00, 0x80, 0x07, 0x80, 0x11, 0x80, 0x09, 0x80, 0x00, 0x80, 0x0A,
    0x80, 0x11, 0x80, 0x10, 0x84, 0x11, 0x80, 0x10, 0x80, 0x11, 0x80, 0x08, 0x80, 0x03, 0x80, 0x0E,
    0x91, 0x11, 0x80, 0x0E, 0x80, 0x03, 0x80, 0x05, 0x80, 0x0D, 0x85, 0x11, 0x80, 0x10, 0x80, 0x04,
    0x80, 0x06, 0x80, 0x09, 0x80, 0x00, 0x80, 0x06, 0x81, 0x0C, 0x81, 0x11, 0x81, 0x10, 0x85, 0x11,
    0x80, 0x0E, 0x80, 0x09, 0x80, 0x04, 0x81, 0x00, 0x01, 0x80, 0x00, 0x80, 0x03, 0x80, 0x0D, 0x87,
    0x11, 0x80, 0x0F, 0x80, 0x09, 0x80, 0x04, 0x83, 0x00, 0x00, 0x80, 0x00, 0x80, 0x06, 0x80, 0x11,
    0x80, 0x0D, 0x80, 0x01, 0x80, 0x08, 0x80, 0x11, 0x80, 0x10, 0x87, 0x11, 0x80, 0x0E, 0x80, 0x03,
    0x80, 0x0A, 0x8F, 0x11, 0x80, 0x10, 0x80, 0x11, 0x80, 0x07, 0x80, 0x04, 0x81, 0x11, 0x80, 0x10,
    0x83, 0x11, 0x80, 0x10, 0x80, 0x11, 0x80, 0x0C, 0x80, 0x00, 0x80, 0x09, 0x80, 0x0A, 0x81, 0x00,
    0x80, 0x03, 0x80, 0x07, 0x80, 0x0A, 0x80, 0x0F, 0x80, 0x11, 0x80, 0x10, 0x83, 0x11, 0x80, 0x10,
    0x81, 0x11, 0x80, 0x0F, 0x80, 0x07, 0x81, 0x00, 0x00, 0x80, 0x00, 0x80, 0x06, 0x87, 0x11, 0x80,
    0x0A, 0x80, 0x04, 0x82, 0x00, 0x02, 0x80, 0x00, 0x80, 0x02, 0x80, 0x0B, 0x80, 0x11, 0x80, 0x08,
    0x80, 0x03, 0x80, 0x10, 0x8A, 0x11, 0x80, 0x06, 0x80, 0x07, 0x90, 0x11, 0x80, 0x0B, 0x80, 0x00,
    0x80, 0x0B, 0x87, 0x11, 0x80, 0x10, 0x80, 0x11, 0x80, 0x08, 0x80, 0x01, 0x80, 0x10, 0x80, 0x0B,
    0x80, 0x02, 0x82, 0x00, 0x80, 0x05, 0x80, 0x0C, 0x86, 0x11, 0x80, 0x10, 0x81, 0x11, 0x80, 0x06,
    0x80, 0x00, 0x00, 0x80, 0x00, 0x80, 0x06, 0x80, 0x11, 0x80, 0x10, 0x81, 0x11, 0x80, 0x10, 0x81,
    0x11, 0x80, 0x08, 0x81, 0x00, 0x04, 0x81, 0x00, 0x80, 0x08, 0x80, 0x11, 0x80, 0x10, 0x80, 0x05,
    0x80, 0x09, 0x80, 0x11, 0x80, 0x10, 0x89, 0x11, 0x80, 0x0C, 0x80, 0x0B, 0x90, 0x11, 0x81, 0x06,
    0x80, 0x11, 0x80, 0x10, 0x88, 0x11, 0x80, 0x0C, 0x80, 0x00, 0x80, 0x0A, 0x80, 0x11, 0x80, 0x09,
    0x80, 0x00, 0x00, 0x81, 0x00, 0x80, 0x01, 0x80, 0x07, 0x80, 0x0B, 0x80, 0x11, 0x80, 0x10, 0x85,
    0x11, 0x80, 0x0B, 0x80, 0x01, 0x81, 0x00, 0x80, 0x01, 0x80, 0x0C, 0x83, 0x11, 0x80, 0x0D, 0x80,
    0x06, 0x81, 0x00, 0x05, 0x80, 0x00, 0x80, 0x04, 0x80, 0x0D, 0x80, 0x11, 0x80, 0x0D, 0x80, 0x05,
    0x80, 0x0E, 0x9E, 0x11, 0x80, 0x08, 0x80, 0x0B, 0x89, 0x11, 0x80, 0x10, 0x80, 0x11, 0x81, 0x06,
    0x80, 0x11, 0x80, 0x10, 0x80, 0x06, 0x80, 0x00, 0x01, 0x81, 0x00, 0x80, 0x01, 0x80, 0x09, 0x80,
    0x10, 0x84, 0x11, 0x80, 0x10, 0x80, 0x11, 0x80, 0x07, 0x80, 0x00, 0x00, 0x80, 0x00, 0x80, 0x05,
    0x81, 0x0A, 0x80, 0x0B, 0x80, 0x08, 0x80, 0x03, 0x81, 0x00, 0x05, 0x81, 0x00, 0x80, 0x09, 0x82,
    0x11, 0x80, 0x0D, 0xAB, 0x11, 0x80, 0x10, 0x80, 0x11, 0x80, 0x07, 0x80, 0x05, 0x81, 0x11, 0x80,
    0x0A, 0x81, 0x00, 0x02, 0x81, 0x00, 0x80, 0x08, 0x80, 0x11, 0x80, 0x10, 0x84, 0x11, 0x80, 0x08,
    0x80, 0x00, 0x01, 0x81, 0x00, 0x80, 0x02, 0x80, 0x01, 0x81, 0x00, 0x07, 0x80, 0x00, 0x80, 0x04,
    0x80, 0x0D, 0xB1, 0x11, 0x80, 0x09, 0x80, 0x04, 0x80, 0x10, 0x80, 0x11, 0x80, 0x0C, 0x80, 0x02,
    0x80, 0x00, 0x03, 0x81, 0x00, 0x80, 0x0A, 0x80, 0x11, 0x80, 0x10, 0x83, 0x11, 0x80, 0x08, 0x80,
    0x00, 0x02, 0x83, 0x00, 0x08, 0x80, 0x00, 0x80, 0x07, 0x80, 0x11, 0x80, 0x10, 0xB0, 0x11, 0x80,
    0x0D, 0x80, 0x0A, 0x80, 0x11, 0x81, 0x10, 0x80, 0x06, 0x80, 0x00, 0x04, 0x80, 0x00, 0x80, 0x02,
    0x80, 0x0B, 0x82, 0x11, 0x80, 0x10, 0x80, 0x11, 0x80, 0x07, 0x80, 0x00, 0x0E, 0x81, 0x00, 0x80,
    0x0A, 0x89, 0x11, 0x80, 0x10, 0x80, 0x0F, 0xAB, 0x11, 0x80, 0x0A, 0x81, 0x00, 0x04, 0x80, 0x00,
    0x80, 0x01, 0x80, 0x09, 0x80, 0x0F, 0x80, 0x11, 0x80, 0x10, 0x80, 0x09, 0x81, 0x00, 0x0E, 0x80,
    0x00, 0x80, 0x03, 0x80, 0x0C, 0x88, 0x11, 0x80, 0x0B, 0x80, 0x05, 0x80, 0x03, 0x80, 0x08, 0xAA,
    0x11, 0x80, 0x10, 0x80, 0x04, 0x80, 0x00, 0x05, 0x81, 0x00, 0x80, 0x04, 0x80, 0x07, 0x80, 0x06,
    0x81, 0x00, 0x0F, 0x80, 0x00, 0x80, 0x05, 0x80, 0x10, 0x88, 0x11, 0x80, 0x07, 0x81, 0x00, 0x80,
    0x03, 0x80, 0x0C, 0x9C, 0x11, 0x80, 0x09, 0x80, 0x06, 0x80, 0x0A, 0x88, 0x11, 0x81, 0x10, 0x80,
    0x05, 0x80, 0x00, 0x06, 0x84, 0x00, 0x10, 0x80, 0x00, 0x80, 0x06, 0x80, 0x10, 0x88, 0x11, 0x80,
    0x06, 0x80, 0x00, 0x80, 0x01, 0x80, 0x02, 0x80, 0x0B, 0x9B, 0x11, 0x80, 0x0A, 0x81, 0x00, 0x80,
    0x02, 0x80, 0x0D, 0x87, 0x11, 0x80, 0x10, 0x80, 0x11, 0x80, 0x08, 0x80, 0x00, 0x1C, 0x80, 0x00,
    0x80, 0x09, 0x89, 0x11, 0x80, 0x0A, 0x81, 0x00, 0x80, 0x07, 0x9C, 0x11, 0x80, 0x07, 0x80, 0x00,
    0x80, 0x03, 0x80, 0x00, 0x80, 0x0B, 0x89, 0x11, 0x80, 0x09, 0x80, 0x00, 0x1C, 0x80, 0x00, 0x80,
    0x09, 0x8A, 0x11, 0x80, 0x0B, 0x80, 0x0A, 0x80, 0x0F, 0x9C, 0x11, 0x80, 0x09, 0x81, 0x00, 0x80,
    0x02, 0x80, 0x0D, 0x89, 0x11, 0x80, 0x08, 0x81, 0x00, 0x1B, 0x80, 0x00, 0x80, 0x08, 0xAB, 0x11,
    0x80, 0x0A, 0x80, 0x08, 0x80, 0x0C, 0x8A, 0x11, 0x80, 0x0A, 0x80, 0x00, 0x1C, 0x80, 0x00, 0x80,
    0x06, 0x80, 0x10, 0xB8, 0x11, 0x80, 0x09, 0x80, 0x00, 0x1C, 0x80, 0x00, 0x80, 0x05, 0x80, 0x0F,
    0xB7, 0x11, 0x80, 0x10, 0x80, 0x06, 0x80, 0x00, 0x1C, 0x81, 0x00, 0x80, 0x0B, 0xB8, 0x11, 0x80,
    0x05, 0x80, 0x00, 0x1D, 0x80, 0x00, 0x80, 0x08, 0x80, 0x11, 0x80, 0x10, 0xB5, 0x11, 0x80, 0x0C,
    0x80, 0x02, 0x80, 0x00, 0x1D, 0x80, 0x00, 0x80, 0x04, 0x80, 0x0E, 0x98, 0x11, 0x80, 0x0A, 0x80,
    0x07, 0x80, 0x08, 0x80, 0x0C, 0x99, 0x11, 0x80, 0x09, 0x81, 0x00, 0x1D, 0x81, 0x00, 0x80, 0x09,
    0x80, 0x11, 0x80, 0x10, 0x95, 0x11, 0x80, 0x08, 0x82, 0x00, 0x80, 0x03, 0x80, 0x0C, 0x96, 0x11,
    0x80, 0x10, 0x80, 0x11, 0x80, 0x06, 0x80, 0x00, 0x1F, 0x80, 0x00, 0x80, 0x02, 0x80, 0x0C, 0x95,
    0x11, 0x80, 0x0C, 0x80, 0x01, 0x81, 0x00, 0x80, 0x01, 0x80, 0x00, 0x80, 0x06, 0x97, 0x11, 0x80,
    0x0A, 0x81, 0x00, 0x20, 0x80, 0x00, 0x80, 0x06, 0x80, 0x10, 0x94, 0x11, 0x80, 0x08, 0x84, 0x00,
    0x80, 0x03, 0x80, 0x0B, 0x95, 0x11, 0x80, 0x0D, 0x80, 0x03, 0x80, 0x00, 0x22, 0x80, 0x00, 0x80,
    0x08, 0x80, 0x10, 0x93, 0x11, 0x80, 0x08, 0x80, 0x00, 0x80, 0x01, 0x82, 0x00, 0x80, 0x03, 0x80,
    0x0C, 0x92, 0x11, 0x80, 0x10, 0x81, 0x11, 0x80, 0x07, 0x80, 0x00, 0x23, 0x81, 0x00, 0x80, 0x06,
    0x80, 0x0B, 0x81, 0x11, 0x80, 0x10, 0x8F, 0x11, 0x80, 0x0E, 0x80, 0x03, 0x83, 0x00, 0x80, 0x08,
    0x92, 0x11, 0x80, 0x10, 0x81, 0x11, 0x80, 0x07, 0x81, 0x00, 0x24, 0x82, 0x00, 0x80, 0x07, 0x80,
    0x0C, 0x82, 0x11, 0x80, 0x10, 0x8D, 0x11, 0x80, 0x0B, 0x80, 0x05, 0x81, 0x01, 0x80, 0x07, 0x80,
    0x0F, 0x93, 0x11, 0x80, 0x0C, 0x80, 0x06, 0x81, 0x00, 0x27, 0x81, 0x00, 0x80, 0x02, 0x80, 0x08,
    0x80, 0x0B, 0x80, 0x10, 0x8F, 0x11, 0x80, 0x10, 0x80, 0x09, 0x80, 0x0B, 0x81, 0x11, 0x80, 0x10,
    0x90, 0x11, 0x80, 0x10, 0x80, 0x09, 0x80, 0x03, 0x81, 0x00, 0x2A, 0x82, 0x00, 0x80, 0x06, 0x80,
    0x09, 0x80, 0x0B, 0x80, 0x0C, 0x80, 0x0E, 0x86, 0x11, 0x81, 0x10, 0x92, 0x11, 0x81, 0x10, 0x82,
    0x11, 0x80, 0x0E, 0x80, 0x0A, 0x80, 0x06, 0x81, 0x00, 0x2E, 0x84, 0x00, 0x80, 0x03, 0x80, 0x09,
    0x80, 0x0D, 0x80, 0x0F, 0x80, 0x0E, 0x80, 0x0F, 0x80, 0x0D, 0x80, 0x0F, 0x87, 0x11, 0x82, 0x10,
    0x8A, 0x11, 0x80, 0x10, 0x80, 0x0B, 0x80, 0x07, 0x80, 0x06, 0x80, 0x03, 0x82, 0x00, 0x31, 0x84,
    0x00, 0x80, 0x02, 0x80, 0x05, 0x81, 0x04, 0x80, 0x03, 0x80, 0x05, 0x80, 0x07, 0x80, 0x09, 0x80,
    0x0C, 0x80, 0x0F, 0x80, 0x0E, 0x80, 0x0B, 0x80, 0x08, 0x80, 0x0B, 0x81, 0x11, 0x80, 0x10, 0x80,
    0x0C, 0x80, 0x0B, 0x81, 0x0C, 0x80, 0x0B, 0x81, 0x0C, 0x80, 0x09, 0x81, 0x07, 0x80, 0x08, 0x80,
    0x06, 0x83, 0x00, 0x39, 0x88, 0x00, 0x80, 0x05, 0x80, 0x04, 0x81, 0x00, 0x80, 0x01, 0x82, 0x06,
    0x80, 0x01, 0x81, 0x00, 0x81, 0x02, 0x80, 0x04, 0x80, 0x02, 0x85, 0x00, 0x3F, 0x80, 0x00, 0x80,
    0x06, 0x80, 0x05, 0x80, 0x01, 0x80, 0x15, 0x80, 0x14, 0x81, 0x13, 0x80, 0x14, 0x80, 0x15, 0x80,
    0x14, 0x80, 0x12, 0x80, 0x01, 0x80, 0x12, 0x80, 0x13, 0x80, 0x14, 0x80, 0x12, 0x80, 0x00, 0x80,
    0x05, 0x82, 0x00, 0x43, 0x80, 0x00, 0x80, 0x02, 0x81, 0x0C, 0x80, 0x03, 0x80, 0x01, 0x80, 0x15,
    0x82, 0x17, 0x83, 0x16, 0x81, 0x17, 0x80, 0x14, 0x80, 0x00, 0x80, 0x07, 0x80, 0x0F, 0x80, 0x05,
    0x80, 0x00, 0x44, 0x80, 0x00, 0x80, 0x08, 0x81, 0x11, 0x80, 0x0E, 0x80, 0x06, 0x80, 0x00, 0x80,
    0x12, 0x80, 0x14, 0x83, 0x15, 0x80, 0x14, 0x80, 0x12, 0x81, 0x01, 0x80, 0x07, 0x80, 0x0F, 0x80,
    0x11, 0x80, 0x0A, 0x81, 0x00, 0x42, 0x81, 0x00, 0x80, 0x09, 0x80, 0x11, 0x80, 0x10, 0x80, 0x11,
    0x80, 0x10, 0x80, 0x09, 0x80, 0x05, 0x80, 0x01, 0x84, 0x00, 0x80, 0x03, 0x80, 0x07, 0x80, 0x0C,
    0x82, 0x11, 0x80, 0x0D, 0x80, 0x02, 0x80, 0x00, 0x42, 0x80, 0x00, 0x80, 0x04, 0x80, 0x0D, 0x85,
    0x11, 0x80, 0x0B, 0x80, 0x0A, 0x80, 0x09, 0x80, 0x08, 0x81, 0x0A, 0x80, 0x0E, 0x84, 0x11, 0x80,
    0x10, 0x80, 0x06, 0x80, 0x00, 0x42, 0x80, 0x00, 0x80, 0x07, 0x93, 0x11, 0x80, 0x09, 0x81, 0x00,
    0x41, 0x80, 0x00, 0x80, 0x07, 0x93, 0x11, 0x80, 0x0B, 0x81, 0x00, 0x40, 0x81, 0x00, 0x80, 0x0A,
    0x93, 0x11, 0x80, 0x0E, 0x80, 0x04, 0x80, 0x00, 0x40, 0x80, 0x00, 0x80, 0x02, 0x80, 0x0B, 0x94,
    0x11, 0x80, 0x06, 0x80, 0x00, 0x40, 0x80, 0x00, 0x80, 0x05, 0x80, 0x10, 0x92, 0x11, 0x80, 0x10,
    0x80, 0x11, 0x80, 0x08, 0x80, 0x00, 0x40, 0x80, 0x00, 0x80, 0x06, 0x80, 0x10, 0x94, 0x11, 0x80,
    0x0B, 0x80, 0x01, 0x80, 0x00, 0x3F, 0x80, 0x00, 0x80, 0x09, 0x95, 0x11, 0x80, 0x0E, 0x80, 0x04,
    0x80, 0x00, 0x3E, 0x81, 0x00, 0x80, 0x0A, 0x96, 0x11, 0x80, 0x07, 0x80, 0x00, 0x3E, 0x80, 0x00,
    0x80, 0x03, 0x80, 0x0D, 0x96, 0x11, 0x80, 0x0A, 0x80, 0x00, 0x3E, 0x80, 0x00, 0x80, 0x06, 0x80,
    0x0F, 0x96, 0x11, 0x80, 0x0C, 0x80, 0x02, 0x80, 0x00, 0x3D, 0x80, 0x00, 0x80, 0x08, 0x80, 0x11,
    0x80, 0x10, 0x96, 0x11, 0x80, 0x07, 0x80, 0x00, 0x3C, 0x81, 0x00, 0x80, 0x0A, 0x98, 0x11, 0x80,
    0x0B, 0x81, 0x00, 0x09, 0x82, 0x00, 0x2D, 0x81, 0x00, 0x80, 0x06, 0x80, 0x10, 0x97, 0x11, 0x80,
    0x10, 0x80, 0x11, 0x80, 0x08, 0x82, 0x00, 0x05, 0x82, 0x00, 0x80, 0x02, 0x82, 0x00, 0x2A, 0x81,
    0x00, 0x80, 0x04, 0x80, 0x0B, 0x9B, 0x11, 0x80, 0x09, 0x80, 0x05, 0x81, 0x00, 0x04, 0x80, 0x00,
    0x80, 0x05, 0x82, 0x0B, 0x80, 0x07, 0x80, 0x04, 0x80, 0x00, 0x28, 0x80, 0x00, 0x80, 0x02, 0x80,
    0x08, 0x80, 0x0D, 0x9D, 0x11, 0x80, 0x10, 0x80, 0x09, 0x80, 0x02, 0x80, 0x00, 0x03, 0x80, 0x00,
    0x80, 0x05, 0x80, 0x0F, 0x82, 0x11, 0x80, 0x0C, 0x80, 0x06, 0x81, 0x00, 0x25, 0x80, 0x00, 0x80,
    0x04, 0x80, 0x0C, 0x9F, 0x11, 0x80, 0x10, 0x80, 0x11, 0x80, 0x0B, 0x80, 0x02, 0x80, 0x00, 0x03,
    0x80, 0x00, 0x80, 0x09, 0x80, 0x11, 0x81, 0x10, 0x80, 0x11, 0x80, 0x0D, 0x80, 0x06, 0x80, 0x00,
    0x24, 0x80, 0x00, 0x80, 0x02, 0x80, 0x0C, 0x80, 0x11, 0x80, 0x10, 0x9F, 0x11, 0x80, 0x10, 0x80,
    0x11, 0x80, 0x09, 0x81, 0x00, 0x02, 0x80, 0x00, 0x80, 0x03, 0x80, 0x0D, 0x83, 0x11, 0x80, 0x0E,
    0x80, 0x04, 0x80, 0x00, 0x22, 0x81, 0x00, 0x80, 0x08, 0x80, 0x11, 0x80, 0x10, 0xA1, 0x11, 0x80,
    0x10, 0x80, 0x11, 0x80, 0x06, 0x80, 0x00, 0x03, 0x80, 0x00, 0x80, 0x0B, 0x82, 0x11, 0x80, 0x10,
    0x80, 0x11, 0x80, 0x09, 0x80, 0x00, 0x22, 0x80, 0x00, 0x80, 0x04, 0x80, 0x0D, 0xA5, 0x11, 0x80,
    0x09, 0x81, 0x00, 0x02, 0x80, 0x00, 0x80, 0x0B, 0x84, 0x11, 0x80, 0x0A, 0x81, 0x00, 0x21, 0x80,
    0x00, 0x80, 0x07, 0x80, 0x11, 0x80, 0x10, 0xA4, 0x11, 0x80, 0x0D, 0x80, 0x02, 0x80, 0x00, 0x01,
    0x80, 0x00, 0x80, 0x01, 0x80, 0x0B, 0x84, 0x11, 0x80, 0x09, 0x81, 0x00, 0x21, 0x80, 0x00, 0x80,
    0x09, 0x8F, 0x11, 0x80, 0x0C, 0x80, 0x10, 0x82, 0x11, 0x81, 0x0D, 0x8F, 0x11, 0x80, 0x0E, 0x80,
    0x04, 0x80, 0x00, 0x01, 0x80, 0x00, 0x80, 0x06, 0x80, 0x10, 0x84, 0x11, 0x80, 0x0A, 0x81, 0x00,
    0x20, 0x81, 0x00, 0x80, 0x0A, 0x87, 0x11, 0x81, 0x0A, 0x84, 0x11, 0x80, 0x0C, 0x80, 0x03, 0x80,
    0x0B, 0x80, 0x11, 0x80, 0x10, 0x80, 0x11, 0x80, 0x06, 0x80, 0x08, 0x80, 0x11, 0x80, 0x10, 0x82,
    0x11, 0x80, 0x0D, 0x80, 0x06, 0x80, 0x0C, 0x87, 0x11, 0x80, 0x0D, 0x80, 0x03, 0x80, 0x00, 0x00,
    0x81, 0x00, 0x80, 0x0B, 0x83, 0x11, 0x80, 0x10, 0x80, 0x11, 0x80, 0x08, 0x80, 0x00, 0x21, 0x81,
    0x00, 0x80, 0x0A, 0x87, 0x11, 0x80, 0x07, 0x80, 0x04, 0x84, 0x11, 0x80, 0x0C, 0x80, 0x00, 0x80,
    0x0B, 0x80, 0x11, 0x80, 0x10, 0x80, 0x11, 0x80, 0x05, 0x80, 0x07, 0x80, 0x11, 0x80, 0x10, 0x82,
    0x11, 0x80, 0x09, 0x80, 0x00, 0x80, 0x0A, 0x80, 0x11, 0x80, 0x10, 0x85, 0x11, 0x80, 0x0E, 0x80,
    0x04, 0x82, 0x00, 0x80, 0x08, 0x80, 0x11, 0x80, 0x10, 0x83, 0x11, 0x80, 0x0E, 0x80, 0x04, 0x80,
    0x00, 0x22, 0x80, 0x00, 0x80, 0x09, 0x80, 0x11, 0x80, 0x10, 0x85, 0x11, 0x80, 0x08, 0x80, 0x03,
    0x80, 0x0F, 0x81, 0x11, 0x80, 0x10, 0x80, 0x11, 0x80, 0x0A, 0x80, 0x00, 0x80, 0x0B, 0x80, 0x11,
    0x80, 0x10, 0x80, 0x11, 0x80, 0x05, 0x80, 0x07, 0x84, 0x11, 0x80, 0x07, 0x80, 0x03, 0x80, 0x10,
    0x87, 0x11, 0x80, 0x0E, 0x80, 0x02, 0x80, 0x01, 0x80, 0x05, 0x80, 0x09, 0x84, 0x11, 0x80, 0x10,
    0x80, 0x11, 0x80, 0x0A, 0x81, 0x00, 0x22, 0x80, 0x00, 0x80, 0x06, 0x80, 0x11, 0x80, 0x10, 0x85,
    0x11, 0x80, 0x08, 0x80, 0x00, 0x80, 0x0B, 0x80, 0x11, 0x81, 0x10, 0x80, 0x11, 0x80, 0x07, 0x80,
    0x00, 0x80, 0x0B, 0x80, 0x11, 0x80, 0x10, 0x80, 0x11, 0x80, 0x05, 0x80, 0x04, 0x80, 0x0F, 0x83,
    0x11, 0x81, 0x05, 0x80, 0x10, 0x85, 0x11, 0x80, 0x10, 0x80, 0x11, 0x80, 0x09, 0x80, 0x00, 0x80,
    0x09, 0x80, 0x10, 0x84, 0x11, 0x80, 0x10, 0x80, 0x11, 0x80, 0x0B, 0x80, 0x03, 0x80, 0x00, 0x23,
    0x80, 0x00, 0x80, 0x03, 0x80, 0x0D, 0x86, 0x11, 0x80, 0x0C, 0x80, 0x00, 0x80, 0x0A, 0x83, 0x11,
    0x80, 0x08, 0x80, 0x01, 0x80, 0x0C, 0x80, 0x11, 0x80, 0x10, 0x80, 0x11, 0x80, 0x07, 0x80, 0x03,
    0x80, 0x0F, 0x82, 0x11, 0x80, 0x0D, 0x80, 0x02, 0x80, 0x08, 0x87, 0x11, 0x80, 0x0F, 0x80, 0x04,
    0x80, 0x05, 0x80, 0x11, 0x81, 0x10, 0x80, 0x11, 0x80, 0x10, 0x82, 0x11, 0x80, 0x0B, 0x80, 0x05,
    0x80, 0x00, 0x25, 0x80, 0x00, 0x80, 0x07, 0x80, 0x11, 0x80, 0x10, 0x84, 0x11, 0x80, 0x0D, 0x80,
    0x02, 0x80, 0x07, 0x83, 0x11, 0x80, 0x07, 0x80, 0x04, 0x80, 0x10, 0x80, 0x11, 0x80, 0x10, 0x80,
    0x11, 0x80, 0x09, 0x80, 0x02, 0x80, 0x0F, 0x82, 0x11, 0x80, 0x0B, 0x80, 0x00, 0x80, 0x09, 0x85,
    0x11, 0x80, 0x10, 0x80, 0x11, 0x80, 0x09, 0x80, 0x00, 0x80, 0x09, 0x84, 0x11, 0x80, 0x0E, 0x80,
    0x09, 0x80, 0x07, 0x80, 0x01, 0x81, 0x00, 0x25, 0x81, 0x00, 0x80, 0x0A, 0x83, 0x11, 0x81, 0x10,
    0x80, 0x11, 0x80, 0x05, 0x80, 0x04, 0x80, 0x10, 0x81, 0x11, 0x80, 0x10, 0x80, 0x06, 0x80, 0x05,
    0x80, 0x11, 0x81, 0x10, 0x80, 0x11, 0x80, 0x09, 0x80, 0x00, 0x80, 0x0B, 0x80, 0x11, 0x80, 0x10,
    0x80, 0x11, 0x80, 0x08, 0x80, 0x00, 0x80, 0x0C, 0x80, 0x11, 0x80, 0x10, 0x80, 0x11, 0x80, 0x10,
    0x82, 0x11, 0x80, 0x09, 0x81, 0x00, 0x80, 0x04, 0x80, 0x07, 0x80, 0x0A, 0x80, 0x09, 0x81, 0x07,
    0x80, 0x05, 0x82, 0x00, 0x28, 0x81, 0x00, 0x80, 0x07, 0x80, 0x0C, 0x80, 0x0F, 0x83, 0x11, 0x80,
    0x08, 0x80, 0x00, 0x80, 0x0C, 0x81, 0x11, 0x80, 0x10, 0x80, 0x03, 0x80, 0x06, 0x83, 0x11, 0x80,
    0x0A, 0x80, 0x00, 0x80, 0x0A, 0x80, 0x11, 0x80, 0x10, 0x80, 0x11, 0x80, 0x05, 0x80, 0x04, 0x80,
    0x10, 0x82, 0x11, 0x80, 0x10, 0x80, 0x0D, 0x80, 0x0A, 0x80, 0x06, 0x8A, 0x00, 0x2B, 0x81, 0x00,
    0x80, 0x01, 0x80, 0x06, 0x80, 0x08, 0x80, 0x07, 0x80, 0x09, 0x80, 0x0A, 0x80, 0x08, 0x80, 0x00,
    0x80, 0x08, 0x80, 0x11, 0x80, 0x10, 0x80, 0x0C, 0x80, 0x01, 0x80, 0x05, 0x84, 0x07, 0x80, 0x00,
    0x80, 0x07, 0x80, 0x11, 0x80, 0x10, 0x80, 0x0C, 0x80, 0x01, 0x80, 0x05, 0x80, 0x07, 0x80, 0x09,
    0x80, 0x08, 0x80, 0x07, 0x80, 0x06, 0x80, 0x04, 0x82, 0x00, 0x37, 0x87, 0x00, 0x80, 0x04, 0x80,
    0x0C, 0x80, 0x11, 0x80, 0x08, 0x87, 0x00, 0x80, 0x04, 0x80, 0x0E, 0x80, 0x10, 0x80, 0x08, 0x88,
    0x00, 0x41, 0x80, 0x00, 0x80, 0x05, 0x80, 0x08, 0x80, 0x02, 0x80, 0x00, 0x05, 0x81, 0x00, 0x80,
    0x06, 0x80, 0x08, 0x81, 0x00, 0x49, 0x83, 0x00, 0x08, 0x82, 0x00, 0x24,
];

#[rustfmt::skip]
const POSE_RELAXED_LOAF: &[u8] = &[
    0x24, 0x85, 0x00, 0x43, 0x84, 0x00, 0x0E, 0x86, 0x00, 0x80, 0x04, 0x80, 0x05, 0x80, 0x04, 0x80,
    0x05, 0x80, 0x01, 0x86, 0x00, 0x38, 0x8C, 0x00, 0x05, 0x85, 0x00, 0x80, 0x05, 0x80, 0x07, 0x81,
    0x0A, 0x80, 0x0B, 0x80, 0x09, 0x80, 0x0D, 0x80, 0x10, 0x80, 0x0F, 0x80, 0x10, 0x80, 0x0B, 0x82,
    0x0A, 0x80, 0x0B, 0x80, 0x08, 0x80, 0x06, 0x84, 0x00, 0x32, 0x82, 0x00, 0x80, 0x03, 0x80, 0x07,
    0x81, 0x08, 0x82, 0x0B, 0x80, 0x0A, 0x80, 0x09, 0x80, 0x08, 0x80, 0x05, 0x80, 0x02, 0x82, 0x00,
    0x00, 0x82, 0x00, 0x80, 0x05, 0x82, 0x08, 0x80, 0x0B, 0x80, 0x10, 0x8E, 0x11, 0x80, 0x0F, 0x80,
    0x0B, 0x80, 0x07, 0x81, 0x08, 0x80, 0x05, 0x82, 0x00, 0x2E, 0x81, 0x00, 0x80, 0x06, 0x80, 0x0A,
    0x80, 0x0D, 0x80, 0x10, 0x87, 0x11, 0x80, 0x0F, 0x80, 0x0C, 0x80, 0x09, 0x80, 0x06, 0x80, 0x01,
    0x81, 0x00, 0x80, 0x05, 0x80, 0x0A, 0x80, 0x0F, 0x92, 0x11, 0x80, 0x10, 0x84, 0x11, 0x80, 0x0E,
    0x80, 0x09, 0x80, 0x05, 0x82, 0x00, 0x2B, 0x80, 0x00, 0x80, 0x02, 0x80, 0x09, 0x82, 0x11, 0x81,
    0x10, 0x80, 0x11, 0x84, 0x10, 0x82, 0x11, 0x80, 0x10, 0x80, 0x08, 0x80, 0x00, 0x80, 0x01, 0x80,
    0x08, 0x80, 0x0F, 0x80, 0x11, 0x82, 0x10, 0x95, 0x11, 0x80, 0x10, 0x81, 0x11, 0x80, 0x0E, 0x80,
    0x0B, 0x80, 0x06, 0x82, 0x00, 0x28, 0x80, 0x00, 0x80, 0x03, 0x80, 0x0C, 0x80, 0x11, 0x80, 0x10,
    0x84, 0x11, 0x81, 0x10, 0x81, 0x11, 0x80, 0x0F, 0x81, 0x0B, 0x80, 0x09, 0x80, 0x03, 0x80, 0x00,
    0x80, 0x06, 0x80, 0x09, 0x80, 0x0C, 0x81, 0x0B, 0x81, 0x11, 0x80, 0x10, 0x9B, 0x11, 0x80, 0x09,
    0x80, 0x05, 0x81, 0x00, 0x26, 0x80, 0x00, 0x80, 0x01, 0x80, 0x0B, 0x80, 0x11, 0x80, 0x10, 0x87,
    0x11, 0x80, 0x0B, 0x80, 0x07, 0x80, 0x05, 0x80, 0x02, 0x81, 0x00, 0x80, 0x04, 0x80, 0x08, 0x80,
    0x07, 0x80, 0x02, 0x80, 0x00, 0x80, 0x02, 0x80, 0x01, 0x80, 0x05, 0x80, 0x09, 0x9A, 0x11, 0x81,
    0x10, 0x80, 0x11, 0x80, 0x10, 0x80, 0x09, 0x80, 0x02, 0x80, 0x00, 0x25, 0x80, 0x00, 0x80, 0x07,
    0x81, 0x10, 0x85, 0x11, 0x80, 0x10, 0x80, 0x0A, 0x80, 0x06, 0x83, 0x00, 0x80, 0x06, 0x80, 0x09,
    0x80, 0x08, 0x80, 0x01, 0x80, 0x04, 0x80, 0x08, 0x80, 0x0B, 0x80, 0x0E, 0x80, 0x0A, 0x80, 0x07,
    0x80, 0x00, 0x80, 0x08, 0x80, 0x11, 0x80, 0x10, 0x96, 0x11, 0x81, 0x10, 0x80, 0x11, 0x81, 0x10,
    0x80, 0x11, 0x80, 0x09, 0x81, 0x00, 0x00, 0x86, 0x00, 0x1B, 0x81, 0x00, 0x80, 0x0A, 0x84, 0x11,
    0x80, 0x10, 0x80, 0x11, 0x80, 0x0D, 0x80, 0x06, 0x82, 0x00, 0x00, 0x80, 0x00, 0x80, 0x04, 0x80,
    0x0E, 0x80, 0x07, 0x80, 0x00, 0x80, 0x08, 0x80, 0x10, 0x84, 0x11, 0x80, 0x0B, 0x80, 0x00, 0x80,
    0x09, 0x80, 0x11, 0x80, 0x10, 0x96, 0x11, 0x80, 0x10, 0x80, 0x0F, 0x80, 0x0E, 0x80, 0x10, 0x81,
    0x11, 0x80, 0x0A, 0x81, 0x00, 0x80, 0x01, 0x80, 0x02, 0x80, 0x03, 0x80, 0x05, 0x80, 0x06, 0x80,
    0x04, 0x84, 0x00, 0x17, 0x81, 0x00, 0x80, 0x0A, 0x82, 0x11, 0x80, 0x10, 0x81, 0x11, 0x80, 0x0A,
    0x80, 0x04, 0x81, 0x00, 0x01, 0x80, 0x00, 0x80, 0x04, 0x80, 0x0B, 0x80, 0x07, 0x80, 0x00, 0x80,
    0x0A, 0x81, 0x11, 0x80, 0x10, 0x82, 0x11, 0x80, 0x10, 0x80, 0x11, 0x80, 0x08, 0x80, 0x01, 0x80,
    0x0D, 0x95, 0x11, 0x80, 0x0B, 0x80, 0x08, 0x80, 0x04, 0x81, 0x02, 0x80, 0x05, 0x80, 0x09, 0x80,
    0x0D, 0x80, 0x11, 0x80, 0x09, 0x80, 0x00, 0x80, 0x0A, 0x80, 0x0F, 0x80, 0x0C, 0x80, 0x0E, 0x80,
    0x10, 0x80, 0x0D, 0x80, 0x0B, 0x80, 0x09, 0x80, 0x08, 0x80, 0x06, 0x80, 0x02, 0x82, 0x00, 0x15,
    0x80, 0x00, 0x80, 0x07, 0x83, 0x11, 0x80, 0x0E, 0x80, 0x08, 0x81, 0x00, 0x01, 0x81, 0x00, 0x80,
    0x06, 0x80, 0x0F, 0x80, 0x0A, 0x80, 0x00, 0x80, 0x09, 0x80, 0x11, 0x80, 0x10, 0x86, 0x11, 0x80,
    0x0F, 0x80, 0x03, 0x80, 0x08, 0x93, 0x11, 0x80, 0x0F, 0x80, 0x08, 0x80, 0x00, 0x80, 0x03, 0x80,
    0x07, 0x81, 0x0A, 0x80, 0x06, 0x80, 0x00, 0x80, 0x04, 0x80, 0x0E, 0x80, 0x10, 0x80, 0x04, 0x80,
    0x02, 0x80, 0x0A, 0x80, 0x0B, 0x80, 0x0F, 0x80, 0x11, 0x80, 0x10, 0x82, 0x11, 0x80, 0x10, 0x80,
    0x0D, 0x80, 0x08, 0x80, 0x03, 0x81, 0x00, 0x14, 0x81, 0x00, 0x80, 0x08, 0x81, 0x0C, 0x80, 0x09,
    0x80, 0x05, 0x81, 0x00, 0x02, 0x80, 0x00, 0x80, 0x06, 0x80, 0x10, 0x80, 0x0F, 0x80, 0x02, 0x80,
    0x07, 0x80, 0x11, 0x80, 0x10, 0x88, 0x11, 0x80, 0x08, 0x80, 0x06, 0x92, 0x11, 0x80, 0x0F, 0x80,
    0x05, 0x80, 0x00, 0x80, 0x09, 0x80, 0x10, 0x83, 0x11, 0x80, 0x0D, 0x80, 0x05, 0x80, 0x04, 0x80,
    0x0F, 0x80, 0x0B, 0x80, 0x06, 0x80, 0x00, 0x80, 0x01, 0x80, 0x05, 0x80, 0x09, 0x80, 0x10, 0x80,
    0x11, 0x80, 0x10, 0x80, 0x11, 0x80, 0x10, 0x81, 0x11, 0x80, 0x0C, 0x80, 0x08, 0x81, 0x00, 0x14,
    0x86, 0x00, 0x02, 0x80, 0x00, 0x80, 0x01, 0x80, 0x0A, 0x80, 0x11, 0x80, 0x09, 0x80, 0x01, 0x80,
    0x0C, 0x8A, 0x11, 0x80, 0x0A, 0x80, 0x04, 0x80, 0x10, 0x8F, 0x11, 0x80, 0x10, 0x80, 0x11, 0x80,
    0x06, 0x80, 0x02, 0x80, 0x0D, 0x83, 0x11, 0x81, 0x10, 0x80, 0x11, 0x80, 0x0F, 0x80, 0x04, 0x80,
    0x07, 0x81, 0x11, 0x80, 0x07, 0x82, 0x00, 0x80, 0x07, 0x80, 0x0D, 0x83, 0x11, 0x80, 0x10, 0x81,
    0x11, 0x80, 0x0A, 0x80, 0x02, 0x80, 0x00, 0x15, 0x82, 0x00, 0x04, 0x80, 0x00, 0x80, 0x07, 0x80,
    0x11, 0x80, 0x10, 0x80, 0x03, 0x80, 0x08, 0x80, 0x11, 0x80, 0x10, 0x89, 0x11, 0x80, 0x0C, 0x80,
    0x09, 0x80, 0x10, 0x8E, 0x11, 0x80, 0x10, 0x80, 0x11, 0x80, 0x09, 0x80, 0x00, 0x80, 0x0C, 0x80,
    0x11, 0x80, 0x10, 0x86, 0x11, 0x80, 0x0B, 0x80, 0x01, 0x80, 0x0B, 0x80, 0x11, 0x80, 0x0B, 0x80,
    0x01, 0x80, 0x00, 0x00, 0x80, 0x00, 0x80, 0x05, 0x80, 0x0F, 0x84, 0x11, 0x80, 0x10, 0x80, 0x11,
    0x80, 0x09, 0x80, 0x02, 0x80, 0x00, 0x1B, 0x80, 0x00, 0x80, 0x04, 0x80, 0x0D, 0x80, 0x11, 0x80,
    0x10, 0x80, 0x09, 0x80, 0x0C, 0x9E, 0x11, 0x80, 0x0E, 0x80, 0x01, 0x80, 0x08, 0x80, 0x11, 0x80,
    0x10, 0x86, 0x11, 0x80, 0x10, 0x80, 0x11, 0x80, 0x06, 0x80, 0x07, 0x81, 0x11, 0x80, 0x08, 0x81,
    0x00, 0x00, 0x80, 0x00, 0x80, 0x06, 0x80, 0x0C, 0x84, 0x11, 0x80, 0x10, 0x80, 0x11, 0x80, 0x09,
    0x81, 0x00, 0x19, 0x81, 0x00, 0x80, 0x09, 0x80, 0x11, 0x80, 0x10, 0xA1, 0x11, 0x80, 0x0D, 0x80,
    0x07, 0x80, 0x0E, 0x8A, 0x11, 0x80, 0x09, 0x80, 0x04, 0x82, 0x10, 0x80, 0x07, 0x80, 0x00, 0x01,
    0x80, 0x00, 0x80, 0x03, 0x80, 0x0C, 0x85, 0x11, 0x80, 0x0F, 0x80, 0x06, 0x80, 0x00, 0x19, 0x80,
    0x00, 0x80, 0x03, 0x80, 0x0C, 0xB1, 0x11, 0x80, 0x0C, 0x80, 0x02, 0x80, 0x0B, 0x81, 0x11, 0x80,
    0x0A, 0x81, 0x00, 0x01, 0x80, 0x00, 0x80, 0x07, 0x80, 0x11, 0x80, 0x10, 0x84, 0x11, 0x80, 0x09,
    0x80, 0x00, 0x19, 0x80, 0x00, 0x80, 0x07, 0x80, 0x11, 0x80, 0x10, 0xB0, 0x11, 0x80, 0x0B, 0x80,
    0x02, 0x80, 0x0B, 0x80, 0x11, 0x80, 0x10, 0x80, 0x0F, 0x80, 0x05, 0x80, 0x00, 0x01, 0x81, 0x00,
    0x80, 0x0B, 0x85, 0x11, 0x80, 0x0B, 0x80, 0x01, 0x80, 0x00, 0x17, 0x81, 0x00, 0x80, 0x0A, 0x88,
    0x11, 0x80, 0x0B, 0x80, 0x07, 0x80, 0x08, 0x80, 0x10, 0xA5, 0x11, 0x80, 0x0C, 0x80, 0x02, 0x80,
    0x0B, 0x80, 0x11, 0x80, 0x10, 0x80, 0x11, 0x80, 0x08, 0x84, 0x00, 0x80, 0x07, 0x80, 0x11, 0x80,
    0x10, 0x83, 0x11, 0x80, 0x0E, 0x80, 0x03, 0x80, 0x00, 0x17, 0x80, 0x00, 0x80, 0x03, 0x80, 0x0D,
    0x87, 0x11, 0x80, 0x0F, 0x80, 0x04, 0x81, 0x00, 0x80, 0x09, 0xA6, 0x11, 0x80, 0x0B, 0x80, 0x0E,
    0x82, 0x11, 0x80, 0x0B, 0x80, 0x01, 0x83, 0x00, 0x80, 0x01, 0x80, 0x0B, 0x82, 0x11, 0x80, 0x10,
    0x80, 0x11, 0x80, 0x0B, 0x80, 0x01, 0x80, 0x00, 0x17, 0x80, 0x00, 0x80, 0x07, 0x86, 0x11, 0x80,
    0x10, 0x80, 0x11, 0x80, 0x08, 0x80, 0x00, 0x80, 0x02, 0x80, 0x00, 0x80, 0x06, 0xAB, 0x11, 0x80,
    0x0E, 0x80, 0x03, 0x80, 0x06, 0x80, 0x0C, 0x81, 0x0B, 0x80, 0x01, 0x80, 0x06, 0x81, 0x11, 0x81,
    0x10, 0x80, 0x11, 0x80, 0x08, 0x82, 0x00, 0x16, 0x80, 0x00, 0x80, 0x09, 0x88, 0x11, 0x80, 0x0B,
    0x80, 0x01, 0x81, 0x00, 0x80, 0x0A, 0x9D, 0x11, 0x80, 0x0F, 0x80, 0x0A, 0x80, 0x0B, 0x8A, 0x11,
    0x80, 0x0D, 0x80, 0x02, 0x80, 0x06, 0x82, 0x11, 0x80, 0x09, 0x80, 0x00, 0x80, 0x08, 0x80, 0x0E,
    0x81, 0x11, 0x80, 0x0A, 0x80, 0x02, 0x80, 0x04, 0x80, 0x06, 0x80, 0x01, 0x81, 0x00, 0x14, 0x80,
    0x00, 0x80, 0x09, 0x89, 0x11, 0x80, 0x09, 0x80, 0x07, 0x80, 0x0A, 0x9D, 0x11, 0x80, 0x0F, 0x80,
    0x05, 0x80, 0x00, 0x80, 0x01, 0x80, 0x0A, 0x89, 0x11, 0x80, 0x0D, 0x80, 0x02, 0x80, 0x06, 0x80,
    0x11, 0x81, 0x10, 0x80, 0x11, 0x80, 0x08, 0x80, 0x00, 0x80, 0x04, 0x80, 0x08, 0x80, 0x07, 0x80,
    0x00, 0x80, 0x04, 0x80, 0x0C, 0x80, 0x11, 0x80, 0x0B, 0x80, 0x08, 0x80, 0x04, 0x81, 0x00, 0x12,
    0x80, 0x00, 0x80, 0x07, 0x80, 0x11, 0x80, 0x10, 0xA8, 0x11, 0x80, 0x09, 0x80, 0x00, 0x80, 0x02,
    0x80, 0x00, 0x80, 0x07, 0x89, 0x11, 0x80, 0x10, 0x80, 0x05, 0x80, 0x06, 0x84, 0x11, 0x80, 0x0A,
    0x80, 0x05, 0x80, 0x01, 0x80, 0x02, 0x80, 0x07, 0x80, 0x0D, 0x80, 0x11, 0x80, 0x10, 0x81, 0x11,
    0x80, 0x0D, 0x80, 0x09, 0x80, 0x05, 0x81, 0x00, 0x10, 0x80, 0x00, 0x80, 0x05, 0x80, 0x0F, 0x80,
    0x10, 0xA8, 0x11, 0x80, 0x09, 0x82, 0x00, 0x80, 0x08, 0x88, 0x11, 0x80, 0x10, 0x80, 0x11, 0x80,
    0x07, 0x80, 0x04, 0x86, 0x11, 0x80, 0x0D, 0x80, 0x0F, 0x87, 0x11, 0x80, 0x0F, 0x80, 0x09, 0x80,
    0x01, 0x80, 0x00, 0x0F, 0x80, 0x00, 0x80, 0x05, 0x80, 0x0F, 0xA9, 0x11, 0x80, 0x10, 0x80, 0x07,
    0x80, 0x04, 0x80, 0x07, 0x80, 0x0E, 0x8A, 0x11, 0x80, 0x06, 0x80, 0x03, 0x92, 0x11, 0x80, 0x0B,
    0x80, 0x03, 0x80, 0x00, 0x0E, 0x80, 0x00, 0x80, 0x05, 0x80, 0x0F, 0xAB, 0x11, 0x80, 0x10, 0x8C,
    0x11, 0x80, 0x07, 0x80, 0x05, 0x91, 0x11, 0x80, 0x10, 0x80, 0x11, 0x80, 0x0B, 0x80, 0x04, 0x80,
    0x00, 0x0D, 0x80, 0x00, 0x80, 0x01, 0x80, 0x0B, 0x94, 0x11, 0x80, 0x10, 0xA2, 0x11, 0x80, 0x10,
    0x80, 0x04, 0x80, 0x06, 0x92, 0x11, 0x80, 0x10, 0x80, 0x11, 0x80, 0x0B, 0x80, 0x02, 0x80, 0x00,
    0x0D, 0x80, 0x00, 0x80, 0x07, 0xB8, 0x11, 0x80, 0x0B, 0x80, 0x00, 0x80, 0x0A, 0x93, 0x11, 0x80,
    0x10, 0x80, 0x11, 0x80, 0x0B, 0x80, 0x01, 0x80, 0x00, 0x0C, 0x80, 0x00, 0x80, 0x01, 0x80, 0x0B,
    0x91, 0x11, 0x80, 0x0F, 0x80, 0x08, 0x80, 0x06, 0x80, 0x09, 0x80, 0x0B, 0x80, 0x0E, 0x9F, 0x11,
    0x80, 0x08, 0x80, 0x01, 0x80, 0x0C, 0x94, 0x11, 0x80, 0x10, 0x80, 0x11, 0x80, 0x09, 0x81, 0x00,
    0x0C, 0x80, 0x00, 0x80, 0x07, 0x81, 0x10, 0x8E, 0x11, 0x80, 0x10, 0x80, 0x06, 0x82, 0x00, 0x80,
    0x01, 0x80, 0x05, 0x81, 0x06, 0x80, 0x07, 0x80, 0x06, 0x80, 0x05, 0x80, 0x06, 0x80, 0x09, 0x80,
    0x10, 0x95, 0x11, 0x80, 0x10, 0x80, 0x11, 0x81, 0x05, 0x97, 0x11, 0x80, 0x10, 0x80, 0x05, 0x80,
    0x00, 0x0C, 0x81, 0x00, 0x80, 0x0A, 0x80, 0x11, 0x80, 0x10, 0x8D, 0x11, 0x80, 0x0B, 0x80, 0x00,
    0x80, 0x02, 0x82, 0x01, 0x87, 0x00, 0x80, 0x08, 0x96, 0x11, 0x80, 0x0C, 0x80, 0x00, 0x80, 0x08,
    0x98, 0x11, 0x80, 0x0A, 0x81, 0x00, 0x0C, 0x80, 0x00, 0x80, 0x02, 0x80, 0x0B, 0x8E, 0x11, 0x80,
    0x0E, 0x80, 0x05, 0x84, 0x00, 0x81, 0x01, 0x82, 0x00, 0x80, 0x01, 0x80, 0x00, 0x80, 0x04, 0x80,
    0x0F, 0x95, 0x11, 0x80, 0x07, 0x80, 0x01, 0x80, 0x0C, 0x98, 0x11, 0x80, 0x10, 0x80, 0x06, 0x80,
    0x00, 0x0D, 0x81, 0x00, 0x80, 0x08, 0x80, 0x10, 0x80, 0x11, 0x80, 0x10, 0x8B, 0x11, 0x80, 0x0E,
    0x80, 0x08, 0x80, 0x06, 0x81, 0x07, 0x80, 0x02, 0x81, 0x00, 0x80, 0x03, 0x80, 0x02, 0x82, 0x00,
    0x80, 0x08, 0x93, 0x11, 0x80, 0x10, 0x80, 0x11, 0x80, 0x0A, 0x80, 0x00, 0x80, 0x09, 0x80, 0x11,
    0x80, 0x10, 0x85, 0x11, 0x80, 0x0A, 0x80, 0x08, 0x80, 0x07, 0x80, 0x0D, 0x8E, 0x11, 0x80, 0x0A,
    0x80, 0x00, 0x0E, 0x81, 0x00, 0x80, 0x06, 0x80, 0x0B, 0x81, 0x11, 0x80, 0x10, 0x8E, 0x11, 0x80,
    0x0B, 0x80, 0x04, 0x80, 0x08, 0x81, 0x0D, 0x80, 0x0A, 0x80, 0x08, 0x80, 0x09, 0x93, 0x11, 0x80,
    0x10, 0x80, 0x11, 0x80, 0x0C, 0x80, 0x00, 0x80, 0x07, 0x80, 0x11, 0x80, 0x10, 0x84, 0x11, 0x80,
    0x0A, 0x80, 0x04, 0x80, 0x00, 0x80, 0x04, 0x80, 0x06, 0x80, 0x0D, 0x8E, 0x11, 0x80, 0x0A, 0x80,
    0x01, 0x80, 0x00, 0x0E, 0x81, 0x00, 0x80, 0x01, 0x80, 0x06, 0x80, 0x0A, 0x8B, 0x11, 0x81, 0x10,
    0x80, 0x11, 0x80, 0x10, 0x9A, 0x11, 0x80, 0x10, 0x80, 0x11, 0x80, 0x0A, 0x80, 0x02, 0x80, 0x03,
    0x80, 0x0D, 0x82, 0x11, 0x80, 0x10, 0x80, 0x11, 0x80, 0x10, 0x80, 0x08, 0x80, 0x00, 0x80, 0x06,
    0x80, 0x0B, 0x80, 0x10, 0x90, 0x11, 0x80, 0x0E, 0x80, 0x04, 0x80, 0x00, 0x10, 0x82, 0x00, 0x80,
    0x06, 0x81, 0x0A, 0x80, 0x0B, 0x85, 0x11, 0x80, 0x10, 0x86, 0x11, 0x80, 0x10, 0x80, 0x11, 0x80,
    0x10, 0x93, 0x11, 0x80, 0x10, 0x80, 0x11, 0x80, 0x10, 0x80, 0x0A, 0x80, 0x00, 0x80, 0x02, 0x80,
    0x0C, 0x83, 0x11, 0x80, 0x10, 0x80, 0x0E, 0x80, 0x06, 0x80, 0x00, 0x80, 0x09, 0x92, 0x11, 0x81,
    0x10, 0x80, 0x06, 0x80, 0x00, 0x10, 0x81, 0x00, 0x80, 0x05, 0x80, 0x04, 0x82, 0x00, 0x80, 0x06,
    0x80, 0x0B, 0x80, 0x10, 0x84, 0x11, 0x80, 0x10, 0x83, 0x11, 0x82, 0x10, 0x95, 0x11, 0x80, 0x0D,
    0x80, 0x06, 0x80, 0x00, 0x80, 0x06, 0x80, 0x0D, 0x80, 0x11, 0x80, 0x10, 0x81, 0x11, 0x80, 0x10,
    0x80, 0x11, 0x80, 0x07, 0x80, 0x00, 0x80, 0x09, 0x80, 0x11, 0x80, 0x10, 0x91, 0x11, 0x80, 0x10,
    0x80, 0x11, 0x80, 0x09, 0x80, 0x00, 0x0F, 0x80, 0x00, 0x80, 0x03, 0x80, 0x08, 0x80, 0x0E, 0x80,
    0x0F, 0x80, 0x0B, 0x80, 0x09, 0x80, 0x08, 0x80, 0x03, 0x80, 0x00, 0x80, 0x05, 0x80, 0x07, 0x81,
    0x06, 0x80, 0x08, 0x80, 0x0C, 0x87, 0x11, 0x81, 0x10, 0x85, 0x11, 0x81, 0x10, 0x88, 0x11, 0x80,
    0x0C, 0x80, 0x09, 0x80, 0x06, 0x81, 0x02, 0x80, 0x08, 0x81, 0x11, 0x80, 0x10, 0x83, 0x11, 0x80,
    0x09, 0x80, 0x00, 0x80, 0x09, 0x80, 0x11, 0x80, 0x10, 0x92, 0x11, 0x80, 0x10, 0x80, 0x11, 0x80,
    0x0A, 0x80, 0x00, 0x0E, 0x80, 0x00, 0x80, 0x04, 0x80, 0x0C, 0x85, 0x11, 0x80, 0x0F, 0x80, 0x09,
    0x80, 0x06, 0x82, 0x05, 0x81, 0x00, 0x80, 0x06, 0x80, 0x07, 0x82, 0x05, 0x80, 0x07, 0x80, 0x09,
    0x80, 0x0D, 0x81, 0x11, 0x80, 0x0E, 0x80, 0x0C, 0x81, 0x0E, 0x80, 0x10, 0x82, 0x11, 0x80, 0x0F,
    0x80, 0x0E, 0x80, 0x0C, 0x82, 0x0E, 0x80, 0x0C, 0x80, 0x08, 0x80, 0x05, 0x80, 0x01, 0x80, 0x00,
    0x80, 0x03, 0x80, 0x08, 0x80, 0x0E, 0x86, 0x11, 0x80, 0x0F, 0x80, 0x03, 0x80, 0x04, 0x81, 0x10,
    0x95, 0x11, 0x80, 0x0C, 0x80, 0x00, 0x0D, 0x80, 0x00, 0x80, 0x02, 0x80, 0x0B, 0x80, 0x11, 0x80,
    0x10, 0x83, 0x11, 0x80, 0x10, 0x85, 0x11, 0x80, 0x0C, 0x80, 0x08, 0x80, 0x05, 0x80, 0x03, 0x81,
    0x07, 0x80, 0x04, 0x81, 0x00, 0x80, 0x04, 0x80, 0x07, 0x80, 0x06, 0x80, 0x02, 0x80, 0x00, 0x80,
    0x02, 0x80, 0x03, 0x80, 0x05, 0x80, 0x07, 0x80, 0x06, 0x80, 0x07, 0x80, 0x04, 0x80, 0x01, 0x80,
    0x00, 0x80, 0x01, 0x81, 0x02, 0x80, 0x01, 0x80, 0x00, 0x80, 0x05, 0x80, 0x08, 0x80, 0x0C, 0x80,
    0x0F, 0x88, 0x11, 0x80, 0x0A, 0x80, 0x00, 0x80, 0x0A, 0x97, 0x11, 0x80, 0x0C, 0x80, 0x00, 0x0D,
    0x80, 0x00, 0x80, 0x07, 0x81, 0x10, 0x8D, 0x11, 0x80, 0x10, 0x80, 0x0F, 0x80, 0x10, 0x80, 0x0B,
    0x80, 0x09, 0x80, 0x05, 0x82, 0x00, 0x80, 0x02, 0x80, 0x08, 0x80, 0x09, 0x81, 0x08, 0x80, 0x06,
    0x82, 0x04, 0x80, 0x05, 0x80, 0x08, 0x81, 0x09, 0x80, 0x08, 0x81, 0x09, 0x80, 0x0B, 0x80, 0x10,
    0x8B, 0x11, 0x80, 0x06, 0x80, 0x03, 0x80, 0x10, 0x97, 0x11, 0x80, 0x09, 0x80, 0x00, 0x0D, 0x80,
    0x00, 0x80, 0x0A, 0x90, 0x11, 0x80, 0x09, 0x80, 0x04, 0x80, 0x00, 0x80, 0x01, 0x80, 0x05, 0x80,
    0x07, 0x80, 0x08, 0x80, 0x0B, 0x80, 0x0D, 0x85, 0x11, 0x80, 0x10, 0x95, 0x11, 0x80, 0x04, 0x80,
    0x06, 0x91, 0x11, 0x80, 0x10, 0x80, 0x0E, 0x84, 0x11, 0x80, 0x07, 0x80, 0x00, 0x0D, 0x80, 0x00,
    0x80, 0x0A, 0x8E, 0x11, 0x80, 0x0D, 0x80, 0x06, 0x80, 0x00, 0x80, 0x05, 0x80, 0x09, 0x80, 0x0C,
    0x80, 0x0F, 0x99, 0x11, 0x80, 0x10, 0x84, 0x11, 0x80, 0x0B, 0x80, 0x02, 0x80, 0x09, 0x8E, 0x11,
    0x80, 0x10, 0x80, 0x11, 0x80, 0x0F, 0x80, 0x05, 0x80, 0x07, 0x83, 0x11, 0x80, 0x0F, 0x80, 0x04,
    0x80, 0x00, 0x0D, 0x80, 0x00, 0x80, 0x06, 0x81, 0x10, 0x8B, 0x11, 0x80, 0x10, 0x80, 0x06, 0x80,
    0x00, 0x80, 0x0A, 0x80, 0x10, 0xA2, 0x11, 0x80, 0x0B, 0x80, 0x00, 0x80, 0x0A, 0x83, 0x11, 0x80,
    0x10, 0x8A, 0x11, 0x80, 0x0D, 0x80, 0x05, 0x80, 0x01, 0x80, 0x0C, 0x83, 0x11, 0x80, 0x0A, 0x81,
    0x00, 0x0D, 0x81, 0x00, 0x80, 0x0A, 0x83, 0x11, 0x82, 0x10, 0x83, 0x11, 0x80, 0x10, 0x80, 0x11,
    0x80, 0x0B, 0x80, 0x00, 0x80, 0x0A, 0x80, 0x11, 0x82, 0x10, 0x93, 0x11, 0x84, 0x10, 0x80, 0x11,
    0x80, 0x0A, 0x83, 0x06, 0x81, 0x0A, 0x80, 0x08, 0x80, 0x00, 0x80, 0x07, 0x80, 0x0A, 0x80, 0x0C,
    0x80, 0x10, 0x81, 0x11, 0x80, 0x10, 0x80, 0x0F, 0x80, 0x0E, 0x81, 0x11, 0x80, 0x10, 0x82, 0x11,
    0x80, 0x0B, 0x80, 0x07, 0x80, 0x02, 0x80, 0x04, 0x80, 0x0D, 0x80, 0x11, 0x82, 0x10, 0x80, 0x11,
    0x80, 0x07, 0x80, 0x00, 0x0F, 0x80, 0x00, 0x80, 0x01, 0x80, 0x08, 0x80, 0x0C, 0x81, 0x0D, 0x88,
    0x11, 0x80, 0x0B, 0x80, 0x00, 0x80, 0x0A, 0x80, 0x11, 0x83, 0x10, 0x86, 0x11, 0x80, 0x10, 0x8F,
    0x11, 0x80, 0x08, 0x80, 0x00, 0x80, 0x05, 0x80, 0x06, 0x80, 0x07, 0x80, 0x05, 0x80, 0x01, 0x81,
    0x02, 0x80, 0x01, 0x80, 0x00, 0x80, 0x02, 0x80, 0x03, 0x80, 0x04, 0x80, 0x05, 0x80, 0x06, 0x86,
    0x04, 0x80, 0x07, 0x80, 0x04, 0x80, 0x01, 0x80, 0x05, 0x80, 0x09, 0x80, 0x10, 0x82, 0x11, 0x80,
    0x10, 0x80, 0x11, 0x80, 0x0A, 0x80, 0x01, 0x80, 0x00, 0x10, 0x81, 0x00, 0x80, 0x01, 0x80, 0x02,
    0x80, 0x04, 0x82, 0x06, 0x85, 0x07, 0x80, 0x06, 0x80, 0x00, 0x80, 0x06, 0x80, 0x0D, 0x92, 0x11,
    0x81, 0x10, 0x80, 0x0D, 0x80, 0x0B, 0x80, 0x09, 0x83, 0x07, 0x80, 0x01, 0x80, 0x07, 0x80, 0x10,
    0x81, 0x11, 0x80, 0x10, 0x80, 0x0C, 0x81, 0x0D, 0x80, 0x0B, 0x80, 0x09, 0x81, 0x0C, 0x80, 0x09,
    0x80, 0x07, 0x80, 0x06, 0x80, 0x08, 0x80, 0x09, 0x80, 0x0C, 0x80, 0x09, 0x81, 0x08, 0x80, 0x07,
    0x80, 0x05, 0x80, 0x07, 0x80, 0x0B, 0x80, 0x10, 0x84, 0x11, 0x80, 0x10, 0x80, 0x09, 0x80, 0x03,
    0x80, 0x00, 0x13, 0x8E, 0x00, 0x80, 0x03, 0x80, 0x07, 0x81, 0x09, 0x80, 0x0A, 0x80, 0x0C, 0x80,
    0x0B, 0x82, 0x09, 0x81, 0x0B, 0x80, 0x09, 0x81, 0x0A, 0x80, 0x09, 0x80, 0x0A, 0x80, 0x09, 0x81,
    0x08, 0x81, 0x06, 0x80, 0x03, 0x86, 0x00, 0x80, 0x08, 0x80, 0x11, 0x80, 0x0F, 0x80, 0x10, 0x91,
    0x11, 0x80, 0x10, 0x87, 0x11, 0x80, 0x08, 0x81, 0x00, 0x23, 0x84, 0x00, 0x81, 0x01, 0x82, 0x00,
    0x80, 0x01, 0x8C, 0x00, 0x04, 0x81, 0x00, 0x80, 0x0B, 0x81, 0x11, 0x82, 0x10, 0x8D, 0x11, 0x82,
    0x10, 0x82, 0x11, 0x80, 0x10, 0x80, 0x11, 0x80, 0x10, 0x80, 0x08, 0x81, 0x00, 0x42, 0x80, 0x00,
    0x80, 0x01, 0x80, 0x09, 0x80, 0x0F, 0x90, 0x11, 0x81, 0x10, 0x84, 0x11, 0x80, 0x0F, 0x80, 0x07,
    0x81, 0x00, 0x44, 0x81, 0x00, 0x80, 0x04, 0x80, 0x08, 0x80, 0x0B, 0x80, 0x0C, 0x8F, 0x11, 0x80,
    0x0F, 0x80, 0x0B, 0x80, 0x0C, 0x80, 0x0B, 0x80, 0x08, 0x80, 0x04, 0x81, 0x00, 0x47, 0x81, 0x00,
    0x80, 0x01, 0x80, 0x04, 0x80, 0x07, 0x81, 0x09, 0x81, 0x08, 0x80, 0x0B, 0x81, 0x0F, 0x80, 0x0E,
    0x80, 0x0A, 0x80, 0x09, 0x80, 0x0A, 0x80, 0x0E, 0x80, 0x0F, 0x80, 0x0B, 0x80, 0x0A, 0x80, 0x06,
    0x80, 0x01, 0x80, 0x02, 0x80, 0x01, 0x81, 0x00, 0x4B, 0x87, 0x00, 0x81, 0x04, 0x80, 0x03, 0x82,
    0x00, 0x80, 0x03, 0x80, 0x04, 0x80, 0x01, 0x84, 0x00, 0x54, 0x86, 0x00, 0x01, 0x80, 0x00, 0x0E,
];

#[rustfmt::skip]
pub const SPRITES: [Sprite; 16] = [
    Sprite { x: 12, y: 19, width: 101, height: 100, data: POSE_SITTING_IDLE },
    Sprite { x: 15, y: 33, width: 97, height: 85, data: POSE_BLINK },
    Sprite { x: 17, y: 16, width: 84, height: 102, data: POSE_HAPPY_BOUNCE },
    Sprite { x: 1, y: 23, width: 92, height: 95, data: POSE_TAIL_WAG_LEFT },
    Sprite { x: 21, y: 22, width: 86, height: 84, data: POSE_TAIL_WAG_RIGHT },
    Sprite { x: 20, y: 44, width: 93, height: 84, data: POSE_SLEEPING_CURLED },
    Sprite { x: 17, y: 11, width: 73, height: 96, data: POSE_ALERT_EARS_UP },
    Sprite { x: 5, y: 12, width: 80, height: 96, data: POSE_CONFUSED_HEAD_TILT },
    Sprite { x: 23, y: 22, width: 85, height: 77, data: POSE_SAD_DROOP },
    Sprite { x: 13, y: 0, width: 86, height: 96, data: POSE_EXCITED_JUMP },
    Sprite { x: 8, y: 10, width: 91, height: 88, data: POSE_LISTENING },
    Sprite { x: 18, y: 22, width: 70, height: 76, data: POSE_LOOKING_LEFT },
    Sprite { x: 27, y: 11, width: 67, height: 84, data: POSE_LOOKING_RIGHT },
    Sprite { x: 13, y: 15, width: 91, height: 79, data: POSE_PAW_LIFT },
    Sprite { x: 13, y: 14, width: 91, height: 80, data: POSE_SURPRISED },
    Sprite { x: 0, y: 42, width: 100, height: 56, data: POSE_RELAXED_LOAF },
];

#[inline]
pub fn sprite(pose: PoseId) -> &'static Sprite {
    &SPRITES[pose.as_index()]
}
